Diet_type,Recipe_name,Cuisine_type,Protein(g),Carbs(g),Fat(g),Extraction_day,Extraction_time,Protein_to_Carbs_ratio,Carbs_to_Fat_ratio
Paleo,Bone Broth From 'Nom Nom Paleo',American,5.22,1.29,3.2,2022-10-16,17:20:09,4.046511627906977,0.403125
Paleo,"Paleo Effect Asian-Glazed Pork Sides, A Sweet & Crispy Appetizer",South East Asian,181.55,28.62,146.14,2022-10-16,17:20:09,6.3434661076170515,0.19583960585739704
Paleo,Paleo Pumpkin Pie,American,30.91,302.59,96.76,2022-10-16,17:20:09,0.10215142602201,3.1272219925589084
Paleo,Strawberry Guacamole recipes,Mexican,9.62,75.78,59.89,2022-10-16,17:20:09,0.12694642385853785,1.2653197528802804
Paleo,"Asian Cauliflower Fried ""Rice"" From 'Nom Nom Paleo'",Chinese,39.84,54.08,71.55,2022-10-16,17:20:09,0.7366863905325445,0.7558350803633822
Paleo,Paleo Shrimp-Stuffed Mushrooms recipes,Mediterranean,68.62,34.15,42.44,2022-10-16,17:20:09,2.009370424597365,0.8046654099905749
Paleo,Paleo Pumpkin Pie recipes,American,30.03,275.88,97.68,2022-10-16,17:20:09,0.10885167464114832,2.824324324324324
Paleo,Autoimmune Paleo Pesto,Italian,4.25,14.15,72.9,2022-10-16,17:20:09,0.30035335689045933,0.19410150891632372
Paleo,Baked Banana Chip Encrusted French Toast,French,152.88,1874.52,385.8,2022-10-16,17:20:09,0.0815568785609116,4.858786936236392
Paleo,Vietnamese Pho Pressure Cooker (Noodle Soup),South East Asian,602.91,274.87,400.01,2022-10-16,17:20:09,2.193436897442427,0.6871578210544736
Paleo,Paleo Collard Burrito,Mexican,44.62,28.66,78.46,2022-10-16,17:20:09,1.5568736915561758,0.3652816721896508
Paleo,Paleo Chawanmushi (Savory Egg Custard) recipes,American,61.43,13.29,24.6,2022-10-16,17:20:09,4.622272385252069,0.5402439024390243
Paleo,‘paleo' banana bread,American,46.69,192.54,156.48,2022-10-16,17:20:09,0.24249506596031994,1.2304447852760736
Paleo,Leftover Turkey Sandwich recipes,American,54.09,34.97,14.1,2022-10-16,17:20:16,1.546754360880755,2.4801418439716314
Paleo,Paleo Pumpkin Waffles,American,51.24,89.63,78.38,2022-10-16,17:20:16,0.5716835880843468,1.1435315131411075
Paleo,Fudgy Paleo Brownies,French,64.29,263.65,176.36,2022-10-16,17:20:16,0.2438460079651053,1.4949535041959625
Paleo,Magic Wings recipes,American,320.76,28.36,252.82,2022-10-16,17:20:16,11.310296191819464,0.1121746697254964
Paleo,Turkey Club Sandwich,American,46.92,39.94,19.6,2022-10-16,17:20:16,1.1747621432148223,2.037755102040816
Paleo,Easy Paleo Meatloaf,American,185.99,47.82,260.64,2022-10-16,17:20:16,3.8893768297783358,0.18347145488029468
Paleo,Paleo Crepes,French,15.73,15.91,49.16,2022-10-16,17:20:16,0.9886863607793841,0.3236371033360456
Paleo,Chocolate Pecan Pie recipes,American,59.86,567.39,320.76,2022-10-16,17:20:16,0.10550062567193641,1.768892630003741
Paleo,Simple Crab Salad recipes,American,82.1,4.75,20.24,2022-10-16,17:20:16,17.28421052631579,0.23468379446640317
Paleo,Chocolate Pecan Pie,American,54.7,503.39,320.12,2022-10-16,17:20:16,0.1086632630763424,1.5725040609771335
Paleo,Asian Meatballs recipes,Indian,167.07,55.11,210.14,2022-10-16,17:20:16,3.03157321720196,0.2622537356048349
Paleo,Blueberry French Toast Casserole,French,78.59,290.1,84.95,2022-10-16,17:20:16,0.2709065839365736,3.414949970570924
Paleo,Paleo Spanish Rice,Mediterranean,28.67,64.13,37.71,2022-10-16,17:20:23,0.44706065803835965,1.7006099177936884
Paleo,Whole30® Sriracha,South East Asian,12.16,85.78,2.91,2022-10-16,17:20:23,0.14175798554441596,29.477663230240548
Paleo,Banana Cream Pie,American,17.85,215.69,304.25,2022-10-16,17:20:23,0.08275766145857481,0.708923582580115
Paleo,Spicy Salmon Cucumber Bites recipes,Nordic,49.84,17.2,75.62,2022-10-16,17:20:23,2.8976744186046517,0.2274530547474213
Paleo,Blueberry French Toast Casserole recipes,French,78.59,290.1,84.95,2022-10-16,17:20:23,0.2709065839365736,3.414949970570924
Paleo,Paleo Honey Cake,Eastern Europe,87.32,258.25,259.21,2022-10-16,17:20:23,0.3381219748305905,0.9962964391805873
Paleo,Chocolate Pumpkin Pie recipes,Central Europe,44.05,429.69,162.78,2022-10-16,17:20:23,0.10251576718099094,2.6396977515665316
Paleo,Paleo Creamy Alfredo,American,16.48,32.46,91.36,2022-10-16,17:20:23,0.5077017868145409,0.35529772329246934
Paleo,Paleo Blini recipes,Eastern Europe,15.5,12.78,23.29,2022-10-16,17:20:23,1.2128325508607198,0.5487333619579219
Paleo,Paleo Tzimmes,Kosher,16.11,236.88,3.86,2022-10-16,17:20:23,0.06800911854103343,61.36787564766839
Paleo,Paleo Pumpkin Bars,American,39.73,169.01,117.95,2022-10-16,17:20:23,0.23507484764215134,1.4328952946163627
Paleo,Paleo Fruitcake,American,82.45,271.48,204.91,2022-10-16,17:20:23,0.30370561367319876,1.324874335073935
Paleo,Paleo Chocolate Frosting,American,14.19,85.18,150.26,2022-10-16,17:20:23,0.16658840103310635,0.5668840676161321
Paleo,Paleo Crepes recipes,French,27.38,9.57,61.87,2022-10-16,17:20:29,2.8610240334378263,0.15467916599321158
Paleo,Paleo Peach Crisp,French,39.58,126.88,97.83,2022-10-16,17:20:29,0.3119482976040353,1.296943677808443
Paleo,Paleo Pumpkin Bars,American,36.27,182.51,105.1,2022-10-16,17:20:29,0.1987288367760671,1.7365366317792579
Paleo,Paleo Honey Cake,American,87.32,258.25,259.24,2022-10-16,17:20:29,0.3381219748305905,0.9961811448850486
Paleo,Paleo Carrot Soup,American,27.17,116.73,125.14,2022-10-16,17:20:29,0.232759359205003,0.9327952692983859
Paleo,Paleo Fruitcake recipes,American,85.97,271.68,207.57,2022-10-16,17:20:29,0.31643845700824497,1.3088596618008383
Paleo,Best Paleo Chili,American,193.11,83.93,227.24,2022-10-16,17:20:36,2.300845943047778,0.3693451857067418
Paleo,Perfect Paleo Pizza,Italian,123.47,75.65,235.87,2022-10-16,17:20:36,1.6321216126900198,0.32072751939627764
Paleo,Grain-Free Cauliflower Fried Rice recipes,Chinese,37.54,56.92,53.88,2022-10-16,17:20:36,0.6595221363316935,1.0564216778025242
Paleo,Paleo Chocolate Frosting recipes,American,7.27,112.19,269.91,2022-10-16,17:20:36,0.0648007843836349,0.415657070875477
Paleo,Paleo Eggplant Lasagna,Italian,172.17,186.26,467.17,2022-10-16,17:20:36,0.9243530548695372,0.3986985465676306
Paleo,Paleo Pecan Tart Crust,American,20.15,24.96,111.99,2022-10-16,17:20:36,0.8072916666666666,0.2228770425930887
Paleo,Paleo Shepherd’s Pie,American,189.35,143.25,300.66,2022-10-16,17:20:36,1.3218150087260034,0.47645180602674114
Paleo,Paleo Pie Crust recipes,American,56.39,43.01,143.87,2022-10-16,17:20:36,1.3110904440827715,0.29895044137068183
Paleo,Paleo Mug Cake recipes,British,10.48,19.56,12.5,2022-10-16,17:20:36,0.5357873210633948,1.5648
Paleo,Paleo Flourless Chocolate Cake,American,83.82,384.27,324.34,2022-10-16,17:20:36,0.218127878835194,1.1847752358636
Paleo,Mini Paleo Egg Bites,American,118.36,6.54,61.57,2022-10-16,17:20:36,18.097859327217126,0.10622056196199448
Paleo,Egg-Free Paleo Macaroons,French,9.91,99.09,110.51,2022-10-16,17:20:36,0.10001009183570492,0.8966609356619311
Paleo,Paleo Raw Chocolate Bites,American,46.07,261.6,147.5,2022-10-16,17:20:36,0.17610856269113148,1.7735593220338985
Paleo,Paleo Mushroom Soup recipes,French,60.19,112.58,52.61,2022-10-16,17:20:43,0.5346420323325635,2.139897357916746
Paleo,Paleo Birthday Cake recipes,American,68.21,199.96,161.13,2022-10-16,17:20:43,0.3411182236447289,1.2409855396263887
Paleo,Paleo Avocado Tuna Salad,Mexican,32.45,24.27,31.05,2022-10-16,17:20:43,1.3370416151627524,0.7816425120772946
Paleo,Paleo Honey Cake recipes,Eastern Europe,90.83,258.46,261.91,2022-10-16,17:20:43,0.3514276870695659,0.9868275361765491
Paleo,Paleo Pumpkin Bars recipes,American,49.0,412.09,116.03,2022-10-16,17:20:43,0.11890606420927469,3.551581487546324
Paleo,Perfect Paleo Baked Salmon,Nordic,161.95,1.17,160.83,2022-10-16,17:20:43,138.4188034188034,0.0072747621712367086
Paleo,Chocolate Mousse (Paleo! Keto!),French,20.23,126.01,153.36,2022-10-16,17:20:43,0.160542814062376,0.8216614501825769
Paleo,Crab + Avocado Temaki recipes,Caribbean,88.79,32.66,55.58,2022-10-16,17:20:50,2.718616044090631,0.587621446563512
Paleo,Red Cabbage Slaw with Tangy Carrot Ginger Dressing recipes,American,9.65,42.63,83.92,2022-10-16,17:20:50,0.22636640863241847,0.5079837940896091
Paleo,Paleo Prosciutto Egg Cups,Italian,80.95,6.34,113.98,2022-10-16,17:20:50,12.76813880126183,0.05562379364800842
Paleo,Paleo Chicken Adobo recipes,Mediterranean,123.17,61.52,107.7,2022-10-16,17:20:50,2.002113133940182,0.5712163416898793
Paleo,Cranberry Apple Stuffing,American,47.89,285.93,93.75,2022-10-16,17:20:50,0.1674885461476585,3.04992
Paleo,Paleo Dirty Rice recipes,Caribbean,26.68,80.75,35.37,2022-10-16,17:20:50,0.33040247678018575,2.2830081990387336
Paleo,Slow-Cooker Paleo Meatballs,Eastern Europe,145.6,102.25,144.33,2022-10-16,17:20:50,1.423960880195599,0.7084459225386267
Paleo,Delicata Squash Stuffed with Spiced Meat and Tomatoes (serves 2) and a side of Sauteed Chard recipes,Italian,100.74,92.07,360.57,2022-10-16,17:20:50,1.0941674812642554,0.2553457026374906
Paleo,Paleo Pork Chili Verde,American,107.7,68.02,28.69,2022-10-16,17:20:50,1.5833578359306089,2.3708609271523176
Paleo,Paleo Steak and Egg Salad,American,65.19,17.09,69.97,2022-10-16,17:20:50,3.8145114101813924,0.24424753465771046
Paleo,Easy Paleo Beef with Broccoli,Mediterranean,102.5,38.41,98.85,2022-10-16,17:20:50,2.6685758916948714,0.3885685381891755
Paleo,Paleo Party Pork Carnitas,Mexican,268.92,128.88,334.28,2022-10-16,17:20:50,2.08659217877095,0.3855450520521719
Paleo,Paleo Pecan Tart Crust recipes,American,21.03,25.01,112.66,2022-10-16,17:20:50,0.8408636545381847,0.2219953843422688
Paleo,Paleo Shepherd's Pie recipes,American,189.35,143.25,300.66,2022-10-16,17:20:50,1.3218150087260034,0.47645180602674114
Paleo,Paleo Vanilla Birthday Cake recipes,French,71.11,159.31,147.25,2022-10-16,17:20:56,0.4463624380139351,1.0819015280135824
Paleo,Egg-Free Paleo Macaroons recipes,French,10.16,105.7,110.51,2022-10-16,17:20:56,0.09612109744560075,0.9564745271921093
Paleo,Paleo Raw Chocolate Bites recipes,American,46.07,261.6,147.5,2022-10-16,17:20:56,0.17610856269113148,1.7735593220338985
Paleo,Perfect Paleo Pie Crust recipes,American,43.97,104.37,160.83,2022-10-16,17:20:56,0.42128964261761037,0.6489460921469875
Paleo,Practical Paleo: Mint Chip Truffles,American,3.76,23.94,80.65,2022-10-16,17:20:56,0.1570593149540518,0.2968381897086175
Paleo,Cindy's Paleo Harvest Chili,American,210.45,139.56,272.52,2022-10-16,17:20:56,1.5079535683576955,0.5121092029942756
Paleo,Instant Pot Paleo Pork Tenderloin,French,362.76,16.83,64.04,2022-10-16,17:20:56,21.554367201426025,0.26280449718925664
Paleo,Paleo Pecan-Crusted Chicken | everydaypaleo.com,American,258.66,55.59,103.91,2022-10-16,17:20:56,4.652995143011333,0.5349821961312675
Paleo,Entertain Meatloaf Style,American,197.94,70.1,110.07,2022-10-16,17:20:56,2.823680456490728,0.6368674479876442
Paleo,Semi-Homemade Paleo Spaghetti And Meatballs,Italian,128.54,366.81,166.72,2022-10-16,17:20:56,0.3504266513999073,2.2001559500959695
Paleo,Easy Paleo Herb Gravy recipes,French,23.56,39.05,42.25,2022-10-16,17:21:04,0.6033290653008963,0.9242603550295857
Paleo,Homemade Mayo (Paleo and Whole30 Friendly!),Italian,2.81,1.11,112.61,2022-10-16,17:21:04,2.5315315315315314,0.009857028683065448
Paleo,Paleo and Vegan Pesto stuffed mushrooms,American,10.73,15.5,49.29,2022-10-16,17:21:04,0.692258064516129,0.31446540880503143
Paleo,Paleo Un-Stuffed Cabbage Soup,Italian,141.27,55.82,198.73,2022-10-16,17:21:04,2.530813328556073,0.28088361092940173
Paleo,Sweet Potato Chili (Paleo-Friendly!),American,98.56,191.3,176.93,2022-10-16,17:21:04,0.5152117093570309,1.08121856101283
Paleo,Paleo Dirty Cauliflower ‘Rice’ Recipe,Mediterranean,26.68,80.75,35.37,2022-10-16,17:21:04,0.33040247678018575,2.2830081990387336
Paleo,Spicy Paleo Pumpkin Muffins recipes,British,121.84,413.93,317.39,2022-10-16,17:21:04,0.2943492861111782,1.304168373294685
Paleo,Paleo Cauliflower Bacon Fried Rice Recipe,Chinese,28.76,50.01,48.09,2022-10-16,17:21:04,0.5750849830033994,1.0399251403618215
Paleo,Paleo Beef and Sweet Potato Stew,American,200.82,153.82,102.62,2022-10-16,17:21:04,1.3055519438304513,1.4989280841941142
Paleo,Paleo Comfort Foods’ Poached Pears recipes,French,9.82,214.27,3.04,2022-10-16,17:21:04,0.04583002753535259,70.48355263157895
Paleo,Madras Chicken Salad recipes,Mediterranean,150.18,41.36,123.75,2022-10-16,17:21:04,3.6310444874274665,0.3342222222222222
Paleo,Slow Cooker Cheater Pork Stew recipes,French,244.29,69.44,249.9,2022-10-16,17:21:04,3.5180011520737327,0.27787114845938377
Paleo,Strawberry Rhubarb Crisp - and it's paleo. recipes,American,32.24,250.87,139.25,2022-10-16,17:21:04,0.12851277554111692,1.8015798922800719
Paleo,Paleo Pasta Salad with Avocado Oil Vinaigrette,French,31.23,74.97,116.67,2022-10-16,17:21:04,0.4165666266506603,0.6425816405245565
Paleo,The Paleo Diet’s Salmon Caesar Salad Recipe,Nordic,155.95,49.31,150.25,2022-10-16,17:21:04,3.1626444940174405,0.32818635607321134
Paleo,"Eggplant ""Ricotta"" Stacks From 'Nom Nom Paleo'",Italian,32.32,157.39,194.11,2022-10-16,17:21:11,0.20534976809200078,0.8108289114419658
Paleo,Southwest Cowboy Chili From 'Nom Nom Paleo',American,430.2,138.37,178.17,2022-10-16,17:21:11,3.109055431090554,0.7766178368973453
Paleo,Swiss Paleo’s Homemade Italian & Chorizo Sausage,Italian,1273.61,83.34,1608.54,2022-10-16,17:21:11,15.282097432205422,0.05181095900630386
Paleo,Paleo Doritos Toast Will Scratch Your Snack Itch,American,32.75,22.67,2.45,2022-10-16,17:21:11,1.4446404940449933,9.253061224489796
Paleo,"Paleo Pumpkin, Coconut, & Maple Custard Cups recipes",American,36.0,142.79,107.74,2022-10-16,17:21:11,0.25211849569297573,1.3253202153332095
Paleo,Paleo Spaghetti Squash and Amped Up Meatballs,Italian,128.33,154.22,125.77,2022-10-16,17:21:11,0.8321229412527559,1.2262065675439293
Paleo,Swiss Paleo’s Bugs Bunny Hasenpfeffer Stew recipes,Nordic,65.78,96.23,130.86,2022-10-16,17:21:11,0.6835706120752364,0.7353660400427938
Paleo,The Paleo Kitchen’s Honey Mustard Chicken Thighs recipes,French,152.56,53.59,205.36,2022-10-16,17:21:11,2.8467997760776265,0.26095636930268795
Paleo,Stupid Easy Paleo’s Kickin’ BBQ Shredded Chicken recipes,American,283.7,78.55,252.1,2022-10-16,17:21:11,3.6117122851686823,0.31158270527568427
Paleo,Paleo-Friendly Roasted Butternut Squash with Crispy Sage Leaves,Nordic,6.45,66.8,42.58,2022-10-16,17:21:11,0.09655688622754492,1.5688116486613433
Paleo,Orange Sriracha Chicken recipes,South East Asian,104.17,82.97,64.82,2022-10-16,17:21:11,1.255514041219718,1.2800061709348967
Paleo,Overnight Cherry Chia Seed Pudding – Paleo/Gluten Free/Vegan,American,12.77,112.92,56.84,2022-10-16,17:21:11,0.1130889125044279,1.9866291344123856
Paleo,Paleo Pumpkin Gingerbread Cake with Maple-Vanilla Frosting recipes,American,73.83,185.59,307.46,2022-10-16,17:21:11,0.397812382132658,0.6036232355428349
Paleo,"Sweet Potato & Pork Thanksgiving Stuffing (Paleo, Gluten-Free) recipes",American,197.91,312.15,371.5,2022-10-16,17:21:11,0.6340221047573282,0.8402422611036339
Paleo,Paleo Comfort Food? Here’s A Creamy Shrimp Fra Diavolo recipes,Italian,102.47,51.64,54.82,2022-10-16,17:21:11,1.98431448489543,0.9419919737322145
Paleo,"Instant Pot Buffalo Sweet Potato Soup {Vegan, Whole30, Paleo, Gluten-Free}",American,14.26,79.07,109.53,2022-10-16,17:21:11,0.18034652839256357,0.7219026750661919
Paleo,Dill Butternut Squash Fries,American,7.68,89.2,14.38,2022-10-16,17:21:11,0.08609865470852017,6.203059805285118
Paleo,Crispy Sweet Potato Fries,South American,4.4,56.19,28.84,2022-10-16,17:21:18,0.07830574835379962,1.9483356449375866
Paleo,Rosemary and Garlic Parsnip Mash,American,3.34,48.53,13.6,2022-10-16,17:21:18,0.06882340820111271,3.5683823529411764
Paleo,Four Layer Beef and Bacon Casserole,American,213.63,149.66,298.56,2022-10-16,17:21:18,1.4274355205131632,0.5012727759914255
Paleo,Boston Baked Beef,American,135.99,193.85,232.95,2022-10-16,17:21:18,0.7015217952024763,0.8321528224940975
Paleo,Nutella Brownie Truffles,French,12.21,151.95,98.75,2022-10-16,17:21:18,0.08035538005923003,1.5387341772151897
Paleo,Best Ever Bars,American,62.76,194.9,266.67,2022-10-16,17:21:18,0.3220112878399179,0.7308658641766977
Paleo,Salmon Cakes,Nordic,86.31,11.17,66.45,2022-10-16,17:21:18,7.7269471799462845,0.16809631301730624
Paleo,Crockpot Italian Chicken and Peppers,Italian,86.07,84.94,43.04,2022-10-16,17:21:18,1.0133035083588415,1.9735130111524164
Paleo,Herbed Rack of Lamb,Middle Eastern,35.36,6.76,133.82,2022-10-16,17:21:18,5.230769230769231,0.05051561799432073
Paleo,Moroccan Braised Chicken and Kale,Middle Eastern,283.65,89.99,306.29,2022-10-16,17:21:18,3.1520168907656405,0.293806523229619
Paleo,Roasted Tomato Soup,Italian,39.32,88.7,50.97,2022-10-16,17:21:18,0.44329199549041715,1.7402393564842065
Paleo,Sweet Plantain Guacamole,South American,19.18,134.0,138.71,2022-10-16,17:21:18,0.14313432835820894,0.9660442650133372
Paleo,Turkey Spaghetti Zoodles,American,122.69,96.81,51.15,2022-10-16,17:21:18,1.2673277553971696,1.89266862170088
Paleo,Celery Leaf & Fennel Poached Salmon,Nordic,32.41,17.25,24.49,2022-10-16,17:21:18,1.8788405797101446,0.7043691302572479
Paleo,Turkey Veggie Meatballs With Spaghetti Squash,American,122.78,147.94,51.84,2022-10-16,17:21:24,0.8299310531296472,2.853780864197531
Paleo,Asian Sesame Chicken & Broccoli,Chinese,107.67,31.95,70.25,2022-10-16,17:21:24,3.3699530516431926,0.45480427046263344
Paleo,Cauliflower Fried Rice,Chinese,46.62,82.76,53.47,2022-10-16,17:21:24,0.5633156114064765,1.5477838040022445
Paleo,Khoresht Lubia Sabz (Persian Green Bean Stew),American,121.29,69.51,49.55,2022-10-16,17:21:24,1.7449287872248598,1.402825428859738
Paleo,Cinnamon Chocolate Swirl Banana Bread,American,68.73,266.84,183.04,2022-10-16,17:21:24,0.2575700794483586,1.4578234265734265
Paleo,Easy Pan Gravy,British,0.32,6.54,11.65,2022-10-16,17:21:24,0.04892966360856269,0.5613733905579399
Paleo,Salsa Fresca estilo Siete,Mexican,4.94,33.55,1.11,2022-10-16,17:21:24,0.14724292101341285,30.22522522522522
Paleo,Ginger Snap Pumpkin Butter Cookie Sandwiches,American,97.78,239.78,356.65,2022-10-16,17:21:24,0.40779047460171824,0.6723117902705734
Paleo,Cauliflower Soup Drizzled with White Truffle Oil,French,41.9,64.07,37.95,2022-10-16,17:21:24,0.6539722178866865,1.6882740447957836
Paleo,Apple Pumpkin Soup,American,9.95,64.53,19.56,2022-10-16,17:21:24,0.1541918487525182,3.299079754601227
Paleo,Easy Vegan Pad Thai Supreme,American,97.94,217.78,168.32,2022-10-16,17:21:24,0.4497199008173386,1.2938450570342206
Paleo,Beef Chorizo con Huevo estilo Siete,Mediterranean,133.92,12.88,92.88,2022-10-16,17:21:24,10.39751552795031,0.13867355727820846
Paleo,Angel Food Cake,American,55.09,283.94,5.02,2022-10-16,17:21:24,0.19401986335141228,56.561752988047814
Paleo,Asian Chicken Salad,Asian,69.61,44.66,128.44,2022-10-16,17:21:24,1.558665472458576,0.3477109934599813
Paleo,Roasted Beef Tenderloin,American,349.89,10.57,130.34,2022-10-16,17:21:24,33.102175969725636,0.08109559613319012
Paleo,"Kale, Artichoke and Pecorino Salad",Mediterranean,36.98,40.42,58.68,2022-10-16,17:21:24,0.9148936170212765,0.6888207225630539
Paleo,Spicy Thai Peanut Kelp Noodle Pad Thai,South East Asian,92.67,357.52,68.86,2022-10-16,17:21:24,0.25920228238979637,5.191983735114725
Paleo,Almond Meal Encrusted Chicken Nuggets - REAL FOOD Healing Recipe from Mee Tracy McCormick,American,191.06,25.06,137.85,2022-10-16,17:21:24,7.624102154828412,0.18179180268407688
Paleo,Artichoke Francaise,Mediterranean,35.81,127.03,62.87,2022-10-16,17:21:31,0.2819019129339526,2.0205185303006203
Paleo,Braised Short Rib Bolognese,Italian,242.69,59.62,607.18,2022-10-16,17:21:31,4.0706138879570615,0.09819164004084456
Paleo,Maialino's Olive Oil Cake (Adapted by Becca Fox),American,72.45,479.49,468.3,2022-10-16,17:21:31,0.1510980416692736,1.023894939141576
Paleo,Homemade Ravioli with Ricotta Cheese and Spinach Filling,Italian,118.65,300.0,107.45,2022-10-16,17:21:31,0.3955,2.791996277338297
Paleo,Boneless Short Ribs on the BGE,French,392.64,12.51,472.92,2022-10-16,17:21:31,31.38609112709832,0.026452676985536664
Paleo,Ribollita,Italian,66.67,180.22,111.67,2022-10-16,17:21:31,0.36993674397958054,1.613862272767977
Paleo,Pear and Apple Coffeecake with Walnut Topping,British,68.86,309.13,384.74,2022-10-16,17:21:31,0.2227541810888623,0.8034776732338722
Paleo,Artichoke and Perfect Asparagus Salad with Lemony Herbed Vinaigrette,Mediterranean,22.61,68.6,103.89,2022-10-16,17:21:31,0.3295918367346939,0.6603137934353642
Paleo,Indian Spiced Broccoli and Potato Hash,Nordic,9.39,47.36,10.47,2022-10-16,17:21:31,0.19826858108108109,4.523400191021967
Paleo,Vegan Dark Chocolate Coconut Tart,American,32.24,221.1,103.54,2022-10-16,17:21:31,0.14581637268204434,2.1354066061425536
Paleo,Pork and Charred Brussels Sprouts with Chile Lime Sauce,South American,145.56,240.17,89.14,2022-10-16,17:21:31,0.6060706999208895,2.6943010993942114
Paleo,Apple Fennel Casserole with a Coconut-Turmeric Twist,Italian,5.6,46.5,18.34,2022-10-16,17:21:31,0.12043010752688171,2.5354416575790624
Paleo,Slow-Cooker 'Osso Buco' Stew,Italian,211.11,94.79,61.46,2022-10-16,17:21:31,2.227133663888596,1.5423039375203385
Paleo,Vegan Coconut Cream Tart with White Peaches and Blueberries,American,39.45,285.88,109.49,2022-10-16,17:21:31,0.13799496292150554,2.6110147045392273
Paleo,Spiced Harvest Cake,British,65.92,455.58,158.29,2022-10-16,17:21:31,0.14469467491988236,2.8781350685450757
Paleo,Paleo MeeNut™ Butter Sandwich on Paleo Bread™,American,0.93,3.08,24.31,2022-10-16,17:21:38,0.30194805194805197,0.12669683257918554
Paleo,Low Carb Paleo Egg Wrap Recipe,American,16.71,28.5,15.85,2022-10-16,17:21:38,0.5863157894736842,1.7981072555205049
Paleo,Paleo Nutella Banana Ice Cream,American,7.86,186.18,30.1,2022-10-16,17:21:38,0.04221720915243313,6.185382059800665
Paleo,Paleo Whole30 Pesto Chicken Salad,American,176.97,10.7,206.48,2022-10-16,17:21:38,16.539252336448598,0.05182099961255327
Paleo,The Elvis Paleo Sandwich Recipe,American,18.72,68.14,54.08,2022-10-16,17:21:38,0.27472850014675665,1.2599852071005917
Paleo,Simple Paleo Reese’s Cups,American,69.56,157.94,257.36,2022-10-16,17:21:38,0.44042041281499306,0.613692881566677
Paleo,Paleo Meatloaf recipes,American,216.95,203.73,178.18,2022-10-16,17:21:38,1.0648898051342464,1.1433943203502075
Paleo,Paleo Nacho Casserole,Mexican,156.83,88.03,167.6,2022-10-16,17:21:38,1.7815517437237307,0.5252386634844869
Paleo,Simple Paleo Coleslaw Dressing,Mediterranean,6.76,17.01,89.82,2022-10-16,17:21:38,0.39741328630217515,0.18937875751503008
Paleo,Paleo Bread Stuffing recipes,American,54.96,208.13,49.2,2022-10-16,17:21:44,0.2640657281506751,4.230284552845528
Paleo,Paleo deviled egg recipe,French,32.74,3.08,69.22,2022-10-16,17:21:44,10.629870129870131,0.044495810459404796
Paleo,Paleo Peppermint Bark,American,30.23,191.35,235.63,2022-10-16,17:21:44,0.15798275411549517,0.8120782582862963
Paleo,Paleo Chipotle Dipping Sauce,Mexican,2.14,15.79,116.27,2022-10-16,17:21:44,0.13552881570614314,0.13580459275823514
Paleo,Paleo Wrap Carne Asada Recipe,Mexican,159.24,75.82,62.53,2022-10-16,17:21:44,2.100237404378792,1.212537981768751
Paleo,Homemade Paleo Protein Bars,American,368.04,500.49,210.84,2022-10-16,17:21:44,0.7353593478391177,2.3737905520774047
Paleo,Paleo Tzatziki,Mediterranean,2.82,17.07,13.93,2022-10-16,17:21:44,0.16520210896309315,1.2254127781765973
Paleo,Paleo Pecan Pie Bars recipes,American,105.25,594.23,700.42,2022-10-16,17:21:44,0.1771199703818387,0.8483909654207477
Paleo,Loaded Paleo Cauliflower Nachos recipes,Mexican,52.93,75.7,131.7,2022-10-16,17:21:44,0.6992073976221929,0.574791192103265
Paleo,Gluten-Free Paleo Meatloaf recipes,Eastern Europe,170.21,136.35,196.93,2022-10-16,17:21:44,1.2483314998166484,0.6923780023358553
Paleo,Paleo Broccoli Salad recipes,American,22.75,124.99,146.91,2022-10-16,17:21:44,0.1820145611648932,0.8507930025185487
Paleo,Healthy Paleo Marble Cake recipes,American,42.18,245.32,90.32,2022-10-16,17:21:44,0.1719386923202348,2.7161204605845883
Paleo,Paleo Deviled Eggs recipes,French,87.75,10.06,163.03,2022-10-16,17:21:51,8.722664015904572,0.061706434398576954
Paleo,Paleo Meatball Sub,American,57.04,62.66,77.65,2022-10-16,17:21:51,0.9103096074050431,0.8069542820347713
Paleo,Paleo Egg Salad recipes,American,35.77,30.22,88.57,2022-10-16,17:21:51,1.183653209794838,0.34119905159760644
Paleo,"Caramel Caffe Latte (paleo, GF, dairy-free) recipes",American,3.28,32.7,15.37,2022-10-16,17:21:51,0.1003058103975535,2.1275211450878335
Paleo,Smoky Paleo Deviled Eggs recipes,French,34.1,8.47,69.53,2022-10-16,17:21:51,4.025974025974026,0.1218179203221631
Paleo,Paleo Barbecue Beef and Bacon recipes,American,114.04,148.84,128.75,2022-10-16,17:21:51,0.7661918839021769,1.1560388349514563
Paleo,Paleo Pad Thai with Zucchini Noodles,South East Asian,3.5,40.81,0.36,2022-10-16,17:21:51,0.08576329331046312,113.36111111111113
Paleo,Paleo Sunbutter Cups recipes,French,0.1,32.29,27.63,2022-10-16,17:21:51,0.0030969340353050484,1.1686572566051394
Paleo,Paleo Quiche Cups,French,59.38,43.71,82.41,2022-10-16,17:21:51,1.358499199267902,0.5303967965052785
Paleo,Paleo Pecan Pie,American,41.28,497.12,285.89,2022-10-16,17:21:51,0.08303830061152237,1.7388506068767708
Paleo,Paleo Smoked Tuna Salad recipes,American,24.83,19.77,90.32,2022-10-16,17:21:51,1.2559433485078402,0.21888839681133748
Paleo,Paleo Lemon Mousse,French,17.82,77.84,84.12,2022-10-16,17:21:58,0.2289311408016444,0.9253447456015216
Paleo,Paleo Aioli Salad Dressing,Mediterranean,0.53,2.32,44.57,2022-10-16,17:21:58,0.228448275862069,0.052052950415077404
Paleo,Paleo Flourless Chocolate Cake recipes,American,80.48,404.46,410.21,2022-10-16,17:21:58,0.19898135785986254,0.98598278930304
Paleo,Paleo Flourless Chocolate Cake,American,55.16,123.66,244.31,2022-10-16,17:21:58,0.44606178230632376,0.5061602062952806
Paleo,Paleo Chicken Salad with Dates & Walnuts {Whole30} recipes,Mediterranean,97.63,88.59,98.0,2022-10-16,17:21:58,1.1020431199909695,0.9039795918367347
Paleo,Paleo Blackberry Muffins recipes,American,43.48,81.37,88.44,2022-10-16,17:21:58,0.5343492687722747,0.9200587969244687
Paleo,Paleo Crockpot Cashew Chicken recipes,Italian,165.31,78.63,220.89,2022-10-16,17:21:58,2.1023782271397686,0.35596903436099414
Paleo,Paleo Blackberry Instant Pot Cobbler,French,33.01,287.56,114.66,2022-10-16,17:21:58,0.11479343441368757,2.507936507936508
Paleo,Paleo Banana Bread French Toast,French,21.23,203.11,42.55,2022-10-16,17:21:58,0.1045246418197036,4.773443008225618
Paleo,Three-Ingredient Paleo Chocolate Truffles,French,23.43,183.78,200.78,2022-10-16,17:21:58,0.12748938948743063,0.9153302121725272
Paleo,Toasted Egg Fiesta Paleo Wrap (Ketogenic),American,13.92,32.74,26.53,2022-10-16,17:21:58,0.4251679902260232,1.234074632491519
Paleo,Paleo Beef Stroganoff,Eastern Europe,215.13,36.63,68.05,2022-10-16,17:21:58,5.873054873054873,0.5382806759735489
Paleo,Paleo Whole30 Classic Egg Salad recipes,American,61.5,8.58,184.92,2022-10-16,17:21:58,7.1678321678321675,0.0463984425697599
Paleo,Easy Paleo Meatloaf with Bacon,American,203.61,23.57,166.41,2022-10-16,17:21:58,8.638523546881629,0.14163812270897183
Paleo,"Gluten Free Beef and Tomato {Chinese Style, Paleo Option} recipes",Chinese,107.83,56.13,81.39,2022-10-16,17:21:58,1.9210760734010333,0.6896424622189459
Paleo,"Buffalo Ranch Chicken Salad Recipe {Paleo, Whole30 Compliant} recipes",American,145.57,27.22,152.88,2022-10-16,17:22:05,5.347905951506245,0.17804814233385663
Paleo,Paleo Crock Pot Pulled Pork recipes,American,255.11,99.29,170.32,2022-10-16,17:22:05,2.569342330546883,0.5829614842649131
Paleo,Papaya Chicken Paleo Wrap,British,40.75,33.63,35.28,2022-10-16,17:22:05,1.2117157300029735,0.9532312925170069
Paleo,Paleo Vegan Enchilada Casserole,American,96.62,331.56,21.46,2022-10-16,17:22:05,0.2914103028109543,15.45013979496738
Paleo,"Blueberry Almond Mug Cake (Paleo, Gluten Free)",American,14.22,33.55,34.47,2022-10-16,17:22:05,0.4238450074515649,0.9733101247461561
Paleo,Paleo Bang Bang Shrimp recipes,Japanese,91.88,3.34,163.16,2022-10-16,17:22:05,27.508982035928142,0.020470703603824466
Paleo,"Creamy Roasted Sesame Dressing (Paleo, Whole30, Keto)",Mediterranean,3.3,13.24,57.69,2022-10-16,17:22:05,0.24924471299093653,0.2295025134338707
Paleo,Paleo Ranch Dressing and Dip recipes,American,1.77,5.8,190.1,2022-10-16,17:22:05,0.30517241379310345,0.03051025775907417
Paleo,Smoked Salmon Paleo Wrap Bites,Nordic,34.01,82.25,27.63,2022-10-16,17:22:05,0.41349544072948324,2.9768367716250452
Paleo,Paleo Meatloaf,American,283.04,85.83,108.96,2022-10-16,17:22:05,3.2976814633578004,0.7877202643171807
Paleo,Dairy-free Paleo Ranch Dressing,American,5.63,10.85,226.21,2022-10-16,17:22:05,0.5188940092165899,0.047964280977852436
Paleo,Paleo Banana Chip Muffins recipes,American,95.83,139.93,188.95,2022-10-16,17:22:05,0.6848424212106052,0.7405662873776132
Paleo,Creamy (yet Paleo) Cucumber Salad recipes,American,3.23,17.66,45.05,2022-10-16,17:22:12,0.18289920724801811,0.39200887902330744
Paleo,Bunless Paleo Chicken BLTs recipes,American,97.48,19.3,119.43,2022-10-16,17:22:12,5.050777202072539,0.1616009377878255
Paleo,"Frittata with Sweet Potato, Sausage and Caramelized Onions (Paleo, Grain-Free) recipes",Italian,126.61,109.21,188.1,2022-10-16,17:22:12,1.1593260690412965,0.580595427963849
Paleo,Paleo Tangy BBQ Pulled Pork,American,244.91,263.45,61.97,2022-10-16,17:22:12,0.9296261150123364,4.251250605131515
Paleo,Paleo Crab Cakes recipes,French,97.65,19.1,76.38,2022-10-16,17:22:12,5.112565445026178,0.2500654621628699
Paleo,Simple Paleo Coleslaw recipes,Mediterranean,14.52,80.91,90.39,2022-10-16,17:22:12,0.17945865776789025,0.8951211417192166
Paleo,"3 Ingredient Chocolate Walnut Fudge (Paleo, Vegan, Gluten Free, Dairy-Free)",American,48.8,126.11,160.21,2022-10-16,17:22:12,0.3869637617952581,0.7871543599026277
Paleo,Paleo Whole30 Chicken Salad recipes,American,171.35,54.47,285.53,2022-10-16,17:22:12,3.145768312832752,0.1907680453892761
Paleo,Flourless Chocolate Peppermint Cake (Paleo and Low Carb) recipes,American,45.19,255.14,114.31,2022-10-16,17:22:12,0.1771184447754174,2.2320006998512816
Paleo,Easy Paleo Fried Fish Sticks,French,106.13,43.27,214.62,2022-10-16,17:22:12,2.4527386179801245,0.20161215170999908
Paleo,Paleo Cheese-Stuffed Meatballs,American,103.97,82.66,131.02,2022-10-16,17:22:12,1.2578030486329543,0.6308960464051289
Paleo,"Paleo Shrimp, Bacon and Tomato Pasta Recip",Italian,72.33,48.97,74.65,2022-10-16,17:22:12,1.477026751072085,0.655994641661085
Paleo,Primal Organic Chicken Recipe In A Paleo Wrap,American,37.07,50.05,35.2,2022-10-16,17:22:12,0.7406593406593407,1.4218749999999998
Paleo,Paleo Vegan Cherry Garcia Ice Cream,American,16.51,257.72,52.79,2022-10-16,17:22:12,0.06406177246624244,4.881985224474333
Paleo,Paleo Peach-Blueberry Cobbler recipes,American,42.38,245.47,161.24,2022-10-16,17:22:12,0.17264838880514932,1.5223889853634334
Paleo,Paleo Sweet Potato Casserole,Italian,38.03,1061.56,199.18,2022-10-16,17:22:18,0.03582463544217944,5.329651571442915
Paleo,Paleo Crab Cakes,American,32.3,14.14,106.85,2022-10-16,17:22:18,2.284299858557284,0.13233504913430044
Paleo,Cinnamon Raisin Paleo Bread Pudding recipes,British,74.2,336.36,139.83,2022-10-16,17:22:18,0.22059697942680462,2.4054923836086677
Paleo,Paleo Chicken Piccata,French,38.49,111.57,127.66,2022-10-16,17:22:18,0.34498521107824687,0.873962086793044
Paleo,Paleo Barbecue Chicken Casserole recipes,Italian,271.64,258.95,282.4,2022-10-16,17:22:18,1.0490055995365901,0.9169617563739377
Paleo,Baked Ranch Chicken Tenders (Paleo + Whole30),American,105.57,129.65,146.59,2022-10-16,17:22:18,0.8142691862707288,0.8844395934238352
Paleo,Chocolate Almond Buttercream Cups | PALEO,American,27.72,280.99,138.5,2022-10-16,17:22:18,0.09865119755151427,2.0288086642599277
Paleo,Paleo Broccoli Salad,American,33.1,59.46,126.68,2022-10-16,17:22:18,0.5566767574840229,0.4693716450899905
Paleo,Paleo Whole 30 Berry Chicken Salad,American,228.65,25.01,238.62,2022-10-16,17:22:18,9.14234306277489,0.10481099656357389
Paleo,"Cauliflower Fried ""Rice"" (Paleo)",Chinese,26.48,44.85,16.65,2022-10-16,17:22:18,0.59041248606466,2.693693693693694
Paleo,Paleo Pumpkin Bolognese,Italian,83.7,41.66,96.89,2022-10-16,17:22:18,2.0091214594335094,0.4299721333470946
Paleo,Paleo Egg Nog Cake recipes,British,62.83,159.42,66.35,2022-10-16,17:22:18,0.39411617112031117,2.4027128862094953
Paleo,Easy Paleo Reese's™ Cups,French,61.73,259.06,224.92,2022-10-16,17:22:25,0.2382845672817108,1.1517873021518763
Paleo,Paleo Cornbread Stuffing recipes,American,129.28,693.44,243.17,2022-10-16,17:22:25,0.1864328564836179,2.8516675576757007
Paleo,Sloppy Joe's - Paleo & Whole30 recipes,French,94.68,90.81,85.8,2022-10-16,17:22:25,1.0426164519326067,1.0583916083916085
Paleo,No-Bake Paleo Chocolate Chip Coconut Bars,American,74.81,272.62,518.78,2022-10-16,17:22:25,0.27441126843225,0.5255021396352982
Paleo,Portobello Mushroom Paleo Taco,Italian,81.07,46.84,114.72,2022-10-16,17:22:25,1.7307856532877879,0.40829846582984664
Paleo,Paleo BBQ Ranch Meatloaf,American,173.86,79.71,130.88,2022-10-16,17:22:25,2.1811566930121695,0.6090311735941321
Paleo,Keto Paleo Tuna Taquitos Recipe,Mexican,46.45,79.45,75.1,2022-10-16,17:22:25,0.5846444304594084,1.0579227696404794
Paleo,Paleo Chocolate Coconut Milk Panna Cotta,Italian,23.39,101.95,147.65,2022-10-16,17:22:25,0.22942618930848455,0.690484253301727
Paleo,"Slow Cooker Honey Peach Chipotle Meatballs (Gluten Free, Paleo) recipes",Eastern Europe,23.44,256.29,25.75,2022-10-16,17:22:25,0.09145889422138984,9.953009708737865
Paleo,Paleo Roasted Cabbage with Mustard Seed Dressing recipes,Mediterranean,4.18,14.45,50.79,2022-10-16,17:22:25,0.2892733564013841,0.2845048237842095
Paleo,Paleo Tuna Spinach Casserole recipes,Italian,84.76,50.54,92.11,2022-10-16,17:22:25,1.6770874554808075,0.5486917815655195
Paleo,Paleo Beef Stroganoff,Eastern Europe,130.93,70.55,203.75,2022-10-16,17:22:25,1.8558469170800853,0.3462576687116564
Paleo,Slammin Wild Salmon Paleo Wrap Tumeric,Nordic,95.18,45.51,55.22,2022-10-16,17:22:25,2.091408481652384,0.824157913799348
Paleo,Vietnamese Spring Rolls (Paleo) recipes,South East Asian,38.7,122.93,71.13,2022-10-16,17:22:25,0.31481330838688687,1.7282440601715172
Paleo,Paleo Banana Muffins recipes,American,52.77,99.46,150.99,2022-10-16,17:22:25,0.5305650512768953,0.6587191204715543
Paleo,Paleo Chicken Shawarma recipes,Middle Eastern,114.46,52.87,92.38,2022-10-16,17:22:25,2.164932854170607,0.5723100238146785
Paleo,Paleo Spinach Donuts recipes,American,43.22,247.39,124.45,2022-10-16,17:22:25,0.17470390880795506,1.9878666130976295
Paleo,Paleo Strawberry Pie recipes,American,60.38,223.26,160.19,2022-10-16,17:22:32,0.2704470124518499,1.393719957550409
Paleo,Quick and Easy Paleo Salads,French,44.68,28.95,73.11,2022-10-16,17:22:32,1.543350604490501,0.39597866228970047
Paleo,Chocolate Custard (Paleo or Low Carb) recipes,French,36.84,126.43,159.07,2022-10-16,17:22:32,0.2913865380052203,0.7948073175331616
Paleo,"Pumpkin Milkshake (Dairy-free, Paleo, AIP) recipes",American,21.77,88.19,168.04,2022-10-16,17:22:32,0.24685338473749857,0.5248155201142585
Paleo,"Pistachio Crumbed Mushrooms (Paleo, Low Carb) recipes",British,47.75,59.33,157.69,2022-10-16,17:22:32,0.8048204955334569,0.37624453040776207
Paleo,"Paleo Chocolate Mousse Cake (dairy Free, Raw Dessert, Keto, Paleo, Gluten Free) recipes",American,48.81,278.15,264.65,2022-10-16,17:22:32,0.17548085565342444,1.0510107689401096
Paleo,Paleo Ground Beef Spaghetti Squash Skillet,Italian,96.21,128.43,115.48,2022-10-16,17:22:32,0.749124036440084,1.1121406304121926
Paleo,Paleo Fried Green Tomatoes recipes,French,49.16,59.39,182.49,2022-10-16,17:22:32,0.827748779255767,0.325442489999452
Paleo,Dulce de Leche Ice Cream (Paleo) recipes,Italian,14.38,177.86,141.1,2022-10-16,17:22:32,0.08085010682559317,1.2605244507441533
Paleo,"Easy BBQ Jackfruit Saute Recipe [Paleo, Vegan]",American,2.02,108.4,14.76,2022-10-16,17:22:32,0.01863468634686347,7.3441734417344176
Paleo,"Easy 10 Minute Asian Zucchini Noodles (low-carb, Paleo) recipes",Asian,13.86,37.92,7.02,2022-10-16,17:22:32,0.365506329113924,5.401709401709402
Paleo,Paleo Maple Pecan Latte Mug Cake,American,12.5,36.44,32.19,2022-10-16,17:22:32,0.34302963776070255,1.1320285803044423
Paleo,Paleo Beef Stew,American,208.63,137.91,54.39,2022-10-16,17:22:32,1.5127982017257633,2.53557639271925
Paleo,A No Bake Paleo Chocolate Cashew Coconut Dessert That’s Healthy,American,27.93,87.43,751.19,2022-10-16,17:22:32,0.3194555644515612,0.11638866332086423
Paleo,"Easy Chicken Herb Salad (Paleo, Low Carb) recipes",American,81.02,9.13,109.01,2022-10-16,17:22:32,8.874041621029571,0.08375378405650859
Paleo,Frozen Chocolate Custard (Low Carb and Paleo Friendly),American,40.47,56.32,184.95,2022-10-16,17:22:38,0.7185724431818181,0.30451473371181403
Paleo,Paleo Ground Beef Spaghetti Squash Skillet recipes,Italian,96.21,128.43,115.48,2022-10-16,17:22:38,0.749124036440084,1.1121406304121926
Paleo,Salted Caramel Bliss Balls- Aka Paleo Style Truffles,French,58.09,221.62,168.29,2022-10-16,17:22:38,0.2621153325512138,1.31689345772179
Paleo,20-Minute Paleo Cashew Chicken,American,189.22,139.79,190.27,2022-10-16,17:22:38,1.3536018313184062,0.7346928049613706
Paleo,"Healthy Buffalo Turkey Meatballs (paleo, GF) recipes",American,107.96,14.59,67.22,2022-10-16,17:22:38,7.399588759424263,0.21704849747099078
Paleo,"Shepherd’s Pie with Cauliflower Topping (GAPS, Paleo, Grain-Free) recipes",American,110.14,57.66,168.1,2022-10-16,17:22:38,1.9101630246271246,0.34301011302795953
Paleo,Paleo Chocolate and Candied Orange Peel Freezer Fudge (GF) recipes,American,60.59,289.03,220.89,2022-10-16,17:22:38,0.20963221810884686,1.3084793336049616
Paleo,Paleo Crockpot BBQ Pulled Pork,American,403.14,254.68,412.96,2022-10-16,17:22:38,1.5829275954138526,0.6167183262301434
Paleo,Primal Roast Beast Wrap Recipe,British,65.76,53.13,62.59,2022-10-16,17:22:38,1.2377188029361943,0.8488576449912126
Paleo,Paleo Chili Over Zero Carb Paleo Miracle Rice™,American,184.44,249.2,24.04,2022-10-16,17:22:38,0.7401284109149278,10.366056572379367
Paleo,Saucy Grilled Paleo Pork Chops Recipe,Eastern Europe,77.12,79.94,29.49,2022-10-16,17:22:38,0.9647235426569928,2.7107494065785014
Paleo,"Orange and Five-Spice Roasted Chicken Legs | Keto, Paleo",Mediterranean,677.22,41.71,686.9,2022-10-16,17:22:38,16.236394150083914,0.06072208472849032
Paleo,The Best Paleo Beef Enchiladas recipes,Mexican,116.96,182.48,163.36,2022-10-16,17:22:38,0.6409469530907497,1.1170421155729675
Paleo,Paleo Chicken Taco Meatballs (GF) recipes,Mexican,90.61,10.48,51.89,2022-10-16,17:22:38,8.645992366412214,0.2019656966660243
Paleo,Smoky BBQ Paleo Chili recipes,American,97.93,107.81,116.11,2022-10-16,17:22:38,0.9083572952416288,0.9285160623546637
Paleo,Collard Green Paleo Slaw (Super Slaw) recipes,Mediterranean,5.4,28.18,31.71,2022-10-16,17:22:45,0.19162526614620298,0.8886786502680543
Paleo,"Blueberry Chia Seed Coleslaw (Paleo, GF) recipes",American,12.01,80.23,53.09,2022-10-16,17:22:45,0.1496946279446591,1.5112073836880768
Paleo,"Orange Chicken Recipe (Paleo, Grain-Free) recipes",French,191.91,161.86,143.79,2022-10-16,17:22:45,1.1856542691214629,1.1256693789554213
Paleo,Sneaky Chocolate Veggie Cake (Paleo option) recipes,American,96.82,335.74,291.09,2022-10-16,17:22:45,0.28837791147912073,1.153388986224192
Paleo,Paleo Cauliflower Fried Rice,Chinese,56.99,97.39,56.34,2022-10-16,17:22:45,0.5851730157100319,1.7286119985800497
Paleo,Caramel Chocolate Mousse (Paleo & Vegan) recipes,American,38.1,270.02,232.58,2022-10-16,17:22:45,0.14110065921042886,1.1609768681743915
Paleo,"Healthy Fudge Bites {Paleo, Gluten Free, Sugar Free, Dairy Free} recipes",American,8.38,178.34,297.71,2022-10-16,17:22:45,0.04698889761130425,0.5990393335796581
Paleo,"Easy Crab Cakes (Paleo, Low Carb) recipes",French,94.1,15.58,63.84,2022-10-16,17:22:45,6.0397946084724,0.24404761904761904
Paleo,Keto Paleo Meatloaf recipes,American,143.36,37.65,172.61,2022-10-16,17:22:45,3.8077025232403723,0.2181217774172991
Paleo,Paleo Ginger Cake with Lemon and Coconut,French,59.12,86.59,200.92,2022-10-16,17:22:45,0.6827578242291257,0.4309675492733427
Paleo,Paleo Whole30 Classic Potato Salad,Mediterranean,32.03,272.41,57.65,2022-10-16,17:22:45,0.11758011820417752,4.725238508239376
Paleo,Paleo Chocolate Pistachio Biscotti recipes,Italian,53.41,214.31,129.8,2022-10-16,17:22:45,0.24921842191218327,1.6510785824345144
Paleo,Paleo Sloppy Joes with Sweet Potatoes recipes,American,90.72,202.74,106.32,2022-10-16,17:22:45,0.44746966558153295,1.9068848758465013
Paleo,Gluten Free “Carrot Cake” Vegan Cheesecake {Paleo} recipes,American,74.18,426.76,307.56,2022-10-16,17:22:45,0.17382135157934203,1.3875666536610742
Paleo,Paleo Chocolate Chunk Banana Bread recipes,American,81.41,257.6,233.5,2022-10-16,17:22:45,0.31603260869565214,1.1032119914346896
Paleo,Paleo Sweet and Sour Pork,Mediterranean,97.79,167.44,112.53,2022-10-16,17:22:45,0.5840301003344482,1.4879587665511418
Paleo,"Egg Salad Lettuce Wraps (Paleo, GF) recipes",American,31.06,10.09,50.9,2022-10-16,17:22:52,3.0782953419226957,0.19823182711198428
Paleo,"Spaghetti Squash Soup with Pumpkin and Fall Flavors {GF, Vegan, Paleo}",American,42.79,175.5,44.84,2022-10-16,17:22:52,0.24381766381766382,3.913916146297948
Paleo,"BBQ Beef Pizza (AIP, Paleo)",Italian,111.23,259.49,110.34,2022-10-16,17:22:52,0.4286485028324791,2.351731013231829
Paleo,Paleo-Approved Classic Chicken Salad,American,37.0,58.18,212.82,2022-10-16,17:22:52,0.6359573736679272,0.2733765623531623
Paleo,Primal Curried Egg Salad Coconut Wraps,American,22.37,38.14,42.75,2022-10-16,17:22:52,0.5865233350812795,0.8921637426900585
Paleo,Baked Salmon with Pesto and Pecans,Nordic,329.12,8.78,251.78,2022-10-16,17:22:52,37.485193621867886,0.03487171340058781
Paleo,Paleo Banana Chocolate Chip Muffins,American,105.65,526.6,219.56,2022-10-16,17:22:52,0.2006266616027345,2.3984332300965567
Paleo,"Almond Flour Crust for Tarts or Pies - Gluten Free, Low Carb, Sugar Free, Paleo recipes",American,62.5,84.87,199.1,2022-10-16,17:22:52,0.7364204076823376,0.4262682069311904
Paleo,"Spatchcock Herbed Chicken (Paleo, Whole30 option)",French,226.67,21.54,221.69,2022-10-16,17:22:52,10.523212627669452,0.09716270467770309
Paleo,Paleo Chocolate Sweet Potato Bread (gluten and dairy free),American,77.32,1801.16,887.91,2022-10-16,17:22:52,0.042927890914743826,2.0285389284950055
Paleo,Easy Paleo Lemon Chia Seed Muffins,American,74.35,542.66,211.44,2022-10-16,17:22:52,0.13701028268160542,2.5664964055996973
Paleo,Paleo Chocolate Honey Bars recipes,American,77.32,349.38,266.18,2022-10-16,17:22:52,0.22130631404201728,1.3125704410549253
Paleo,DIY Chicken Burrito Bowl (Paleo),Mexican,86.59,165.25,101.45,2022-10-16,17:22:52,0.5239939485627837,1.6288812222769837
Paleo,"Healthy Buffalo Turkey Meatloaf (Paleo, Whole30) recipes",American,217.07,34.17,134.74,2022-10-16,17:22:58,6.3526485220954045,0.25359952501113253
Paleo,Paleo Slow Cooker Beef Stew recipes,American,179.32,120.49,36.68,2022-10-16,17:22:58,1.4882562868287825,3.284896401308615
Paleo,"Teriyaki Salmon Recipe (Grain-Free, Paleo) recipes",Nordic,102.48,104.16,59.07,2022-10-16,17:22:58,0.9838709677419356,1.7633316404266124
Paleo,Banana Cocoa Snack Cake (Paleo) recipes,American,68.94,227.74,168.98,2022-10-16,17:22:58,0.3027136207956441,1.3477334595810155
Paleo,Paleo Creole Meatballs,American,134.14,55.22,177.0,2022-10-16,17:22:58,2.4291923216226,0.3119774011299435
Paleo,Easy Paleo Shepherd's Pie recipes,American,107.14,93.45,137.29,2022-10-16,17:22:58,1.1464954521134296,0.6806759414378324
Paleo,"Buffalo Chicken Cobb Salad {paleo, whole30",American,3.26,7.35,89.83,2022-10-16,17:22:58,0.44353741496598637,0.08182121785595013
Paleo,Paleo Carrot & Apple Juicer Pulp Muffi,British,56.05,119.56,118.16,2022-10-16,17:22:58,0.46880227500836397,1.0118483412322274
Paleo,Sesame Ginger Paleo Turkey Meatballs recipes,American,104.28,42.67,56.99,2022-10-16,17:22:58,2.443871572533396,0.7487278469907002
Paleo,"Coconut Chocolate Chip Healthy Vegan Ice Cream Recipe (Paleo, Homemade, Dairy-Free)",American,16.29,154.99,89.99,2022-10-16,17:22:58,0.1051035550680689,1.7223024780531173
Paleo,Zero Carb Beef Stew w/Paleo Rice By Paleo Nate,American,459.83,289.66,200.26,2022-10-16,17:22:58,1.587481875302078,1.4464196544492163
Paleo,Creamy Paleo Chicken Enchiladas Verdes recipes,Mexican,168.06,206.21,137.17,2022-10-16,17:22:58,0.8149944231608555,1.5033170518334915
Paleo,"Paleo Vegetarian Tacos with Zucchini, Squash & Eggplant recipes",Mexican,33.3,254.57,86.36,2022-10-16,17:22:58,0.13080881486428095,2.9477767484946735
Paleo,Paleo Chocolate Pecan Tart,American,52.41,149.85,387.32,2022-10-16,17:22:58,0.34974974974974976,0.38688939378291853
Paleo,"Paleo Pepperoni Pizza with Veggies {GF, DF}",Italian,39.65,112.8,58.12,2022-10-16,17:22:58,0.35150709219858156,1.9408121128699243
Paleo,Chicken Shawarma on Pita recipes,Middle Eastern,237.66,213.88,158.28,2022-10-16,17:23:05,1.1111838414063961,1.3512762193580996
Paleo,Almond Crusted Tilapia,Mediterranean,135.57,96.94,107.04,2022-10-16,17:23:05,1.3984939137610892,0.905642750373692
Paleo,Paleo Creole Meatballs recipes,American,134.58,57.97,177.14,2022-10-16,17:23:05,2.3215456270484736,0.32725527831094053
Paleo,"Mini Zucchini Avocado Burgers Recipe [Paleo, Keto, AIP]",American,44.44,15.24,93.04,2022-10-16,17:23:05,2.916010498687664,0.1638005159071367
Paleo,Paleo Thai Chicken Pizza recipes,South East Asian,69.42,349.98,61.24,2022-10-16,17:23:05,0.19835419166809531,5.714892227302417
Paleo,"The BEST Strawberry Banana Bread {Paleo, Vegan, Gluten Free}",American,52.44,304.22,97.85,2022-10-16,17:23:05,0.17237525474985205,3.109044455799694
Paleo,Paleo Albino Mole Cake – Maulwurftorte with a Twist,Italian,56.57,247.41,327.06,2022-10-16,17:23:05,0.22864880158441453,0.7564667033571821
Paleo,"Salted Caramel Paleo Bark (GF, dairy-free) recipes",American,29.64,509.13,144.51,2022-10-16,17:23:05,0.05821695834069884,3.5231471870458795
Paleo,Lemony Brussels Sprouts Salad {vegan+glutenfree+paleo},American,41.86,80.89,59.56,2022-10-16,17:23:05,0.5174928915811596,1.3581262592343855
Paleo,Paleo Clam Chowder with Cauliflower recipes,American,189.77,141.35,74.16,2022-10-16,17:23:05,1.3425539441103644,1.9060140237324703
Paleo,Paleo Asian Cauliflower Fried ‘Rice’ recipes,Chinese,39.84,54.08,71.55,2022-10-16,17:23:05,0.7366863905325445,0.7558350803633822
Paleo,"Easy Apricot-Mustard Chicken Bake (paleo, GF) recipes",French,113.18,183.36,125.59,2022-10-16,17:23:05,0.6172556719022687,1.4599888526156541
Paleo,Paleo Mississippi Roast with Lotus Root recipes,British,163.04,58.41,164.26,2022-10-16,17:23:05,2.7913028590994693,0.3555947887495434
Paleo,New England Paleo Clam Chowder,American,334.83,207.38,333.75,2022-10-16,17:23:05,1.6145722827659368,0.6213632958801498
Paleo,Paleo Chicken Cauliflower Fried Rice,Chinese,116.43,52.09,87.92,2022-10-16,17:23:12,2.2351698982530235,0.5924704276615105
Paleo,"My signature dish – Mediterranean Chicken, Paleo-ized",Mediterranean,121.64,74.55,135.13,2022-10-16,17:23:12,1.6316566063044937,0.5516909642566418
Paleo,Red Robin Recreation – Perfectly Crispy Paleo French Fries recipes,French,18.84,183.47,311.62,2022-10-16,17:23:12,0.10268708780727094,0.5887619536615109
Paleo,Chorizo Breakfast Tacos recipes,Mexican,68.47,66.7,85.65,2022-10-16,17:23:12,1.026536731634183,0.7787507297139521
Paleo,Paleo Cashew Chocolate Chip Blondies recipes,American,63.76,267.66,229.85,2022-10-16,17:23:12,0.23821265784951054,1.1644985860343704
Paleo,Chocolate Chip Cookie Ice Cream Sandwiches ~ The Paleo Mom,American,23.05,281.18,165.66,2022-10-16,17:23:12,0.08197595846077246,1.6973318845828806
Paleo,Paleo Shepards Pie recipes,American,114.59,106.71,89.4,2022-10-16,17:23:12,1.0738450004685598,1.1936241610738254
Paleo,"Angel Food Cake (Grain-Free, Paleo) recipes",American,58.83,330.85,126.65,2022-10-16,17:23:12,0.177814719661478,2.612317410185551
Paleo,Paleo Chicken and Dumplings,Italian,377.65,125.61,194.55,2022-10-16,17:23:12,3.0065281426638006,0.6456437933693138
Paleo,Grain Free Ice Cream Sandwiches (Paleo and Low Carb) recipes,American,58.81,194.28,185.23,2022-10-16,17:23:12,0.30270743257154625,1.0488581763213303
Paleo,"Chocolate Berry Tart (Grain-Free, Paleo)",French,97.49,280.14,228.11,2022-10-16,17:23:12,0.3480045691439994,1.2280917101398447
Paleo,Paleo Chocolate Chunk Strawberry Banana Bread,American,38.2,228.92,94.83,2022-10-16,17:23:12,0.1668705224532588,2.4140040071707265
Paleo,Instant Pot Purple Paleo Potato Salad Recipe,Mediterranean,49.16,188.97,182.14,2022-10-16,17:23:19,0.2601471132984071,1.03749862742945
Paleo,Primal Guacamole Burger Recipe,Mexican,99.33,50.03,102.87,2022-10-16,17:23:19,1.9854087547471517,0.48634198502964904
Paleo,"Paleo Kimchi Beef Stir-Fry (Whole30, Keto)",American,66.68,45.64,31.42,2022-10-16,17:23:19,1.4609991235758109,1.4525779758115849
Paleo,Baked FrenchFries with Chipotle Ranch Dip {Paleo & Whole30} recipes,Mexican,17.83,143.96,192.82,2022-10-16,17:23:19,0.12385384829119198,0.7466030494761955
Paleo,"Vegan Paleo Blueberry Muffins {Grain Free, Gluten Free}",American,24.39,145.01,97.33,2022-10-16,17:23:19,0.16819529687607754,1.4898797904037808
Paleo,Guinness Stew recipes,French,173.53,188.85,75.26,2022-10-16,17:23:19,0.9188774159385756,2.509301089556205
Paleo,"4 Ingredient Chocolate Peanut Butter Homemade Frosty Recipe (Vegan, Dairy-Free, Gluten-Free, Refined Sugar-Free)",American,25.63,137.31,38.5,2022-10-16,17:23:19,0.18665792731774816,3.5664935064935066
Paleo,Asian Healthy Broccoli Salad,Chinese,61.72,116.82,136.47,2022-10-16,17:23:19,0.5283341893511385,0.8560123103978896
Paleo,Cilantro Base recipes,American,3.5,19.57,13.98,2022-10-16,17:23:19,0.17884517118037813,1.399856938483548
Paleo,Paleo Slow Cooker Honey Garlic Chicken and Vegetables recipes,Mediterranean,501.65,312.39,58.06,2022-10-16,17:23:19,1.6058452575306508,5.380468480881846
Paleo,Paleo Italian Meatballs & Spaghetti Squash recipes,Italian,148.98,115.06,187.38,2022-10-16,17:23:19,1.2948027116287153,0.6140463229800406
Paleo,"30 Minute Beef Stroganoff Recipe (Paleo, Gluten Free, Dairy Free) recipes",Eastern Europe,110.57,36.4,308.95,2022-10-16,17:23:19,3.0376373626373625,0.11781841721961482
Paleo,"Squash Au Gratin (Paleo, GF) recipes",French,25.32,148.79,102.31,2022-10-16,17:23:19,0.17017272666173802,1.454305541980256
Paleo,"Cream ""Cheesy"" Italian Stuffed Mushrooms {Paleo, Dairy Free, Whole 30}",Italian,175.1,129.3,475.09,2022-10-16,17:23:19,1.3542150038669758,0.2721589593550696
Paleo,Nightshade-free Pizza (from Make It Paleo 2) recipes,Italian,164.08,310.6,220.29,2022-10-16,17:23:26,0.5282678686413393,1.4099595987107905
Paleo,Paleo Turkey or Beef Meatloaf recipes,American,396.66,91.97,209.04,2022-10-16,17:23:26,4.312928128737632,0.4399636433218523
Paleo,Slow Cooker Paleo Sweet Potato Casserole recipes,Italian,46.14,368.64,187.19,2022-10-16,17:23:26,0.12516276041666669,1.9693359688017522
Paleo,"French Swiss Chard Tart (Gluten-Free, Grain-Free, Vegetarian, Paleo Option) recipes",French,96.67,110.45,253.55,2022-10-16,17:23:26,0.8752376641014034,0.4356142772628673
Paleo,Paleo Brussels Sprout and Bacon Coleslaw recipes,Central Europe,44.13,80.3,340.69,2022-10-16,17:23:26,0.5495641344956413,0.23569814200592915
Paleo,Ranch Roasted Cashews recipes,American,51.65,88.86,137.28,2022-10-16,17:23:26,0.5812514067071798,0.6472902097902098
Paleo,Simple Egg Drop Soup recipes,Chinese,88.59,102.88,60.78,2022-10-16,17:23:26,0.8611003110419907,1.692662059888121
Paleo,Paleo Thanksgiving Stuffing with Pumpkin Bread recipes,American,33.75,350.04,119.19,2022-10-16,17:23:26,0.09641755227973946,2.9368235590234084
Paleo,Garlic Parmesan Zucchini Bread,Italian,47.68,72.73,92.86,2022-10-16,17:23:26,0.6555754159219029,0.7832220547060091
Paleo,Crock Pot Korean Gochujang Pork,French,409.4,101.9,415.15,2022-10-16,17:23:26,4.017664376840039,0.24545345056003856
Paleo,"20 Minute Cashew Chicken Recipe {Paleo, Gluten-Free, Clean Eating, Dairy-Free} recipes",Italian,165.49,354.68,259.89,2022-10-16,17:23:26,0.46658960189466564,1.3647312324444958
Paleo,Paleo Kale Orange Beef Stir Fry with Spiralized Sweet Potato Noodles,Asian,53.5,90.16,45.21,2022-10-16,17:23:26,0.5933895297249335,1.9942490599424905
Paleo,"Bang Bang Shrimp (Paleo, Whole30, AIP)",Japanese,94.91,24.03,95.1,2022-10-16,17:23:26,3.9496462754889716,0.2526813880126183
Paleo,"French Tomato, Tuna, & Mustard Quiche (paleo, GF) recipes",French,63.83,61.93,58.2,2022-10-16,17:23:26,1.0306797997739383,1.0640893470790378
Paleo,Bacon Wrapped Chili Dogs,American,73.79,27.35,199.7,2022-10-16,17:23:33,2.6979890310786105,0.1369554331497246
Paleo,"Coconut Custard Pie {Paleo, Dairy Free} recipes",American,80.9,762.78,525.09,2022-10-16,17:23:33,0.10605941424788276,1.4526652573844483
Paleo,"Lemony Spring Cobb Salad (paleo, GF) recipes",American,123.97,173.48,208.48,2022-10-16,17:23:33,0.7146068711090616,0.8321181887950883
Paleo,Mango Turkey Sloppy Joe Salad Bowls {Paleo} recipes,American,106.07,148.46,94.71,2022-10-16,17:23:33,0.7144685437154789,1.5675219089853238
Paleo,Zucchini-Bacon Egg Muffins (Gluten-Free),British,91.77,24.63,144.03,2022-10-16,17:23:33,3.7259439707673567,0.17100604040824827
Paleo,Easy Keto Low Carb Taco Soup Recipe,Mexican,88.18,55.1,173.29,2022-10-16,17:23:33,1.6003629764065337,0.3179641064112182
Paleo,"Coffee Cake (Grain Free, Gaps, Paleo, Primal) recipes",American,109.97,342.18,267.62,2022-10-16,17:23:33,0.3213805599392133,1.278603990733129
Paleo,Paleo Shrimp Cakes with Tangy Lemon Aioli recipes,Mediterranean,76.25,59.59,119.56,2022-10-16,17:23:33,1.2795771102533982,0.49841083974573436
Paleo,Coronation Chicken Salad,American,106.52,38.99,136.13,2022-10-16,17:23:33,2.731982559630674,0.28641739513700143
Paleo,Healthy Chocolate Potato Whiskey Cake with Chocolate Whiskey Ganache recipes,French,39.51,390.78,125.83,2022-10-16,17:23:33,0.1011054813450023,3.1056186918858777
Paleo,Seafood Pumpkin Spaghetti Squash Pasta {Paleo} recipes,Italian,37.87,78.72,76.18,2022-10-16,17:23:33,0.48107215447154467,1.0333420845366237
Paleo,"Sweet Potato Salad Niçoise (paleo, GF) recipes",French,119.06,196.4,78.45,2022-10-16,17:23:33,0.6062118126272913,2.5035054174633524
Paleo,"Sausage Tomato Basil Paleo Pizza {GF, DF} recipes",Italian,76.95,440.95,38.48,2022-10-16,17:23:33,0.17450958158521376,11.459199584199585
Paleo,Crock Pot Barbecue Turkey Thighs recipes,American,401.69,121.06,139.12,2022-10-16,17:23:33,3.3181067239385427,0.870184013801035
Paleo,"Red Coconut Curry Pulled Chicken (Paleo, GF) recipes",South East Asian,269.34,125.64,294.69,2022-10-16,17:23:33,2.1437440305635147,0.4263463300417388
Paleo,"Mixed Baby Greens with Strawberries, Gorgonzola and Poppy Seed Dressing recipes",Mediterranean,18.06,64.11,53.22,2022-10-16,17:23:39,0.2817033224145999,1.2046223224351749
Paleo,Chocolate Dipped Chocolate Meringue Cookies recipes,French,21.57,53.33,61.7,2022-10-16,17:23:39,0.40446277892368276,0.8643435980551053
Paleo,Paleo German Chocolate Cake recipes,Central Europe,69.49,539.28,261.39,2022-10-16,17:23:39,0.1288569945112001,2.063124067485367
Paleo,Paleo Pumpkin Chili {Nightshade-Free} recipes,American,160.42,229.01,71.05,2022-10-16,17:23:39,0.7004934282345748,3.223223082336383
Paleo,Paleo Fajita Salad with Chicken Taco Meatballs (GF) recipes,Mexican,96.02,119.74,160.31,2022-10-16,17:23:39,0.8019041256054785,0.7469278273345393
Paleo,"Kung Pao Cauliflower Chicken - Low Carb, Keto, Paleo and Gluten-Free! recipes",Eastern Europe,264.42,103.62,53.3,2022-10-16,17:23:39,2.551823972206138,1.9440900562851784
Paleo,Paleo Orange Chicken with Cauliflower Rice recipes,Mediterranean,213.27,102.46,223.15,2022-10-16,17:23:39,2.081495217645911,0.4591530360743894
Paleo,Perfect Peanut Butter Blossoms recipes,American,68.1,167.94,194.8,2022-10-16,17:23:39,0.4055019649874955,0.8621149897330594
Paleo,Paleo Buffalo Chicken Nuggets recipes,American,138.21,63.62,412.64,2022-10-16,17:23:39,2.172430053442314,0.15417797595967428
Paleo,GO-LO Sugar Free Hazelnut Spread Review,American,14.52,183.36,14.79,2022-10-16,17:23:39,0.07918848167539266,12.397565922920894
Paleo,Carrot Spice Cake Ice Cream,American,7.28,129.89,17.14,2022-10-16,17:23:39,0.056047424744014175,7.578179696616101
Paleo,Moroccan Saffron Chicken recipes,Middle Eastern,228.34,43.52,254.6,2022-10-16,17:23:39,5.2467830882352935,0.17093479968578162
Paleo,Lemongrass Vietnamese Meatballs recipes,South East Asian,83.95,55.81,106.65,2022-10-16,17:23:39,1.5042107149256405,0.523300515705579
Paleo,Fudgy Flourless Brownies recipes,French,62.8,401.12,322.08,2022-10-16,17:23:39,0.15656162744315916,1.2454048683556882
Paleo,Paleo Chicken Fingers and Garlic Honey Dijon Dipping Sauce,French,134.16,102.85,229.66,2022-10-16,17:23:39,1.3044239183276616,0.4478359313768179
Paleo,Chocolate Almond Butter Cups,American,43.68,202.08,326.55,2022-10-16,17:23:39,0.2161520190023753,0.6188332567753789
Paleo,"Paleo & Vegan Peach Cobbler {Gluten-free, Dairy-free} recipes",American,27.51,196.21,99.15,2022-10-16,17:23:39,0.14020692115590438,1.978920827029753
Paleo,Paleo Chicken Pot Pie Casserole recipes,Italian,170.51,373.02,129.07,2022-10-16,17:23:39,0.4571068575411506,2.8900596575501667
Paleo,Gai Satay (Chicken Satay with Peanut Sauce and Cucumber Salad),South East Asian,99.35,18.37,59.84,2022-10-16,17:23:46,5.408274360370168,0.3069852941176471
Paleo,"Bacon, Caramelized Onion, and Veggie Quiche {Paleo, GF, DF}",French,93.25,154.98,219.75,2022-10-16,17:23:46,0.601690540714931,0.7052559726962457
Paleo,Slow Cooker Paleo Pot Roast with Mashed Sweet Potatoes recipes,American,331.51,114.76,148.97,2022-10-16,17:23:46,2.8887242941791564,0.7703564476069008
Paleo,"Cauliflower and Bacon Au Gratin (paleo, GF, dairy-free) recipes",French,60.6,81.73,167.05,2022-10-16,17:23:46,0.7414658020310779,0.4892547141574379
Paleo,Cinnamon and Honey Roasted Walnuts recipes,American,0.9,54.56,2.64,2022-10-16,17:23:46,0.016495601173020527,20.666666666666668
Paleo,Best Easy Salsa Chicken Recipe to Prepare Ahead of Time recipes,Mexican,169.37,36.63,87.69,2022-10-16,17:23:46,4.623805623805624,0.41772151898734183
Paleo,Paleo Honey Orange Beef Stir Fry with Sweet Potato Noodles and Kale recipes,Asian,55.86,114.48,45.35,2022-10-16,17:23:46,0.4879454926624738,2.5243660418963616
Paleo,Chipotle Ranch Chicken Burgers {Paleo & Whole30} recipes,American,85.89,119.62,200.22,2022-10-16,17:23:46,0.718023741849189,0.5974428129058036
Paleo,Coconut Mocha Loco Coffee Cake,American,6.57,43.3,50.35,2022-10-16,17:23:46,0.1517321016166282,0.8599801390268123
Paleo,Keto Taco Stuffed Mini Peppers,American,64.53,66.96,87.66,2022-10-16,17:23:46,0.963709677419355,0.7638603696098563
Paleo,Cauliflower Sweet Potato Burgers with Avocado and Sriracha Aioli (Vegetarian Paleo) recipes,American,45.65,218.51,201.1,2022-10-16,17:23:46,0.20891492380211432,1.0865738438587766
Paleo,Kofta Kari recipes,Indian,145.17,73.29,215.96,2022-10-16,17:23:46,1.9807613589848543,0.3393684015558437
Paleo,5 Minute Grape Sorbet recipes,Mediterranean,3.28,107.24,0.73,2022-10-16,17:23:46,0.030585602387168967,146.9041095890411
Paleo,"Baked Low Carb Zucchini Fries (Paleo, AIP, Keto, Dairy Free)",French,25.33,57.48,97.11,2022-10-16,17:23:46,0.4406750173973556,0.5919060858819895
Paleo,"Chicken Alfredo Bake Recipe {Paleo, Clean Eating, Gluten-Free, Dairy-Free, Whole30} recipes",Italian,134.66,68.36,106.66,2022-10-16,17:23:53,1.9698654183733177,0.6409150571910744
Paleo,Sweet and Spicy Sriracha Paleo Meatballs {easy} recipes,American,91.33,107.34,96.42,2022-10-16,17:23:53,0.8508477734302217,1.1132545115121344
Paleo,Sweet Potato Nachos,Mexican,81.13,112.58,113.68,2022-10-16,17:23:53,0.7206430982412506,0.9903237156931738
Paleo,Sausage Broccoli Egg Muffins,British,94.02,11.86,99.36,2022-10-16,17:23:53,7.927487352445194,0.11936392914653783
Paleo,Whole30 Crispy Coconut Chicken Nuggets,American,109.75,71.12,269.2,2022-10-16,17:23:53,1.5431664791901012,0.26419019316493314
Paleo,Two-Ingredient Chocolate Banana Ice Cream {Vegan} recipes,American,7.84,117.07,3.42,2022-10-16,17:23:53,0.06696848039634407,34.23099415204678
Paleo,Classic Deviled Eggs,French,76.19,8.31,153.07,2022-10-16,17:23:53,9.16847172081829,0.05428888743712028
Paleo,"4 Creative, Crustless Pizza Recipes recipes",Italian,188.18,157.29,267.62,2022-10-16,17:23:53,1.1963888359081951,0.5877363425752933
Paleo,Five Ingredient Friday: Chocolate and Toasted Coconut Butter Swirl Cups,American,43.32,176.95,400.96,2022-10-16,17:23:53,0.2448149194687765,0.4413158419792498
Paleo,Lemon Creme Cups,French,8.34,67.08,85.75,2022-10-16,17:23:53,0.12432915921288014,0.7822740524781341
Paleo,"Fresh Garden Egg Salad with Turmeric Dijon Dressing {Paleo, Whole30} recipes",American,35.46,39.47,97.69,2022-10-16,17:23:53,0.8984038510260958,0.4040331661377828
Paleo,Paleo Buffalo Chicken Strips with Goat Cheese Dipping Sauce recipes,American,153.16,142.11,192.3,2022-10-16,17:23:53,1.0777566673703467,0.7390015600624025
Paleo,Chicken and “Rice” Casserole (Grain-Free) recipes,South American,248.4,78.44,162.33,2022-10-16,17:23:53,3.166751657317695,0.48321320766340164
Paleo,Ranch Roasted Cashews,American,51.65,88.86,137.28,2022-10-16,17:23:53,0.5812514067071798,0.6472902097902098
Paleo,Sausage Stuffed Sweet Potatoes,American,11.33,29.24,15.9,2022-10-16,17:23:53,0.3874829001367989,1.8389937106918237
Paleo,Baked Spicy BBQ Adobo Chicken Wings recipes,American,322.74,131.92,284.0,2022-10-16,17:23:53,2.4464827167980596,0.4645070422535211
Paleo,Smoked Salmon Salad Cake recipes,Nordic,79.44,94.82,134.03,2022-10-16,17:23:53,0.8377979329255432,0.7074535551742147
Paleo,BBQ Loaded Sweet Potatoes - in the crockpot,American,189.59,221.23,116.19,2022-10-16,17:24:00,0.8569814220494508,1.9040364919528359
Paleo,"Chicken Parmesan With Zucchini Noodles (Grain Free, Paleo, Primal, Gaps, Gluten Free)",Asian,326.04,104.56,155.59,2022-10-16,17:24:00,3.1182096403978576,0.6720226235619255
Paleo,Paleo Ground Lamb Shepherd's Pie recipes,American,129.5,391.87,152.99,2022-10-16,17:24:00,0.33046673641768953,2.561409242434146
Paleo,Carb Free Cloud Bread,American,23.34,4.53,17.99,2022-10-16,17:24:00,5.152317880794702,0.25180655919955536
Paleo,"Creamy Buffalo Chicken Spaghetti Squash Casserole (paleo, GF) recipes",Italian,215.7,128.63,216.47,2022-10-16,17:24:00,1.676902744305372,0.5942162886312191
Paleo,"Pad Thai Recipe (Grain-Free, Paleo, Gluten Free)",South East Asian,496.2,2023.05,211.1,2022-10-16,17:24:00,0.24527322606954846,9.583372809095216
Paleo,Sausage Stuffed Sweet Potatoes,Central Europe,11.33,29.24,15.9,2022-10-16,17:24:00,0.3874829001367989,1.8389937106918237
Paleo,"Mini Applesauce Carrot Cake Muffins (Gluten-Free, Paleo) recipes",British,37.99,118.13,102.82,2022-10-16,17:24:00,0.32159485312791,1.1489009920248978
Paleo,Grilled Gochujang Pork Chops with Watermelon Mint Salad recipes,American,171.73,52.28,107.51,2022-10-16,17:24:00,3.2848125478194334,0.48628034601432424
Paleo,"Asian Southwest Fusion EASY Kimchi Recipe (Paleo, Vegan Friendly) recipes",American,18.18,90.26,1.62,2022-10-16,17:24:00,0.20141812541546641,55.71604938271605
Paleo,Blueberry French Toast Casserole,French,74.19,289.85,81.62,2022-10-16,17:24:00,0.2559599792996377,3.5512129380053907
Paleo,Tortilla Soup Recipe,Mexican,274.38,240.62,219.7,2022-10-16,17:24:00,1.14030421411354,1.0952207555757851
Paleo,Basil and Sun-Dried Tomato Compound Butter,American,2.41,5.63,92.42,2022-10-16,17:24:00,0.42806394316163415,0.060917550313784895
Paleo,Green Beans with Scrambled Eggs and Sausages recipes,American,46.37,12.17,56.94,2022-10-16,17:24:00,3.8101889893179948,0.21373375482964524
Paleo,Balsamic mustard salad dressing,American,1.67,38.66,82.05,2022-10-16,17:24:00,0.043197102948784274,0.471176112126752
Paleo,Curry-Infused Deviled Duck Eggs,Mexican,161.98,20.54,307.48,2022-10-16,17:24:00,7.886075949367088,0.06680109275400026
Paleo,Air Fryer Recipes (131 Style),Italian,6.02,19.0,18.58,2022-10-16,17:24:06,0.31684210526315787,1.0226049515608182
Paleo,"Whole30 Shepherd's Pie (Paleo, GF) recipes",American,123.49,333.49,133.61,2022-10-16,17:24:06,0.37029596089837774,2.4959958086969536
Paleo,Prosciutto Wrapped Pork Tenderloin,American,189.23,75.63,35.1,2022-10-16,17:24:06,2.5020494512759486,2.1547008547008546
Paleo,Tuna Salad recipes,American,56.28,5.32,47.74,2022-10-16,17:24:06,10.578947368421053,0.11143695014662756
Paleo,Paleo Chicken Bacon Strawberry Salad with Orange Balsamic recipes,British,140.43,80.35,297.8,2022-10-16,17:24:06,1.7477286869943998,0.26981195433176625
Paleo,Easy 3-Ingredient Homemade Chocolate Peanut Butter Cups recipes,Italian,52.06,181.35,205.06,2022-10-16,17:24:06,0.2870692031982355,0.8843753047888423
Paleo,Chicken Pesto Discs recipes,Italian,89.94,54.81,119.82,2022-10-16,17:24:06,1.6409414340448822,0.4574361542313471
Paleo,Egg Roll Bowls,Italian,109.12,94.35,95.42,2022-10-16,17:24:06,1.156544780074192,0.9887864179417312
Paleo,"Broccoli, Feta, and Sausage Frittata",Mediterranean,133.75,39.86,157.09,2022-10-16,17:24:06,3.3554942298043153,0.2537398943280922
Paleo,Kiwi Apple Cider,American,8.53,210.51,9.79,2022-10-16,17:24:06,0.040520640349627095,21.502553626149133
Paleo,Marla Sarris recipes,Italian,97.03,203.4,62.14,2022-10-16,17:24:06,0.4770403146509341,3.2732539427100096
Paleo,Elvis Style Loaded Sweet Potato,South American,12.26,45.88,30.15,2022-10-16,17:24:06,0.26721883173496075,1.5217247097844115
Paleo,Cranberry Coconut Macaroons,American,21.11,155.62,225.04,2022-10-16,17:24:06,0.13565094460866212,0.6915215072875933
Paleo,No-Bake Energy Bars with Chocolate and Turmeric,American,33.66,81.57,148.1,2022-10-16,17:24:06,0.41265171018756897,0.550776502363268
Paleo,Butternut Squash Instant Pot Chili,American,13.0,107.78,15.66,2022-10-16,17:24:06,0.12061606977175728,6.88250319284802
Paleo,Turkey Taco Balls,American,83.4,29.79,24.43,2022-10-16,17:24:06,2.799597180261833,1.2194023741301678
Paleo,3-Ingredient Crunchy Strawberry Ice-Cream recipes,American,17.65,293.51,94.4,2022-10-16,17:24:13,0.06013423733433273,3.109216101694915
Paleo,No-Bake Vegan Key-Lime Mini Cheesecakes,American,83.81,336.47,357.93,2022-10-16,17:24:13,0.24908609980087376,0.9400441427094683
Paleo,Turkey Soup,American,1142.58,693.64,287.86,2022-10-16,17:24:13,1.6472233435211348,2.4096435767386923
Paleo,Low Carb Fried Ice Cream,Italian,22.62,127.17,104.56,2022-10-16,17:24:13,0.17787213965557916,1.2162394797245601
Paleo,Smoked Beef Brisket recipes,South American,245.48,17.89,340.43,2022-10-16,17:24:13,13.721632196757964,0.05255118526569339
Paleo,Cauliflower Hash Browns Who Knew?,French,24.46,27.76,27.96,2022-10-16,17:24:13,0.8811239193083573,0.9928469241773963
Paleo,"Balsamic Apple Walnut Salad {GF, Low Cal} recipes",American,7.26,35.93,11.89,2022-10-16,17:24:13,0.20205956025605343,3.021867115222876
Paleo,Cauliflower Bread,British,75.17,48.1,183.37,2022-10-16,17:24:13,1.5627858627858628,0.2623111741288106
Paleo,"Grilled Chicken Pesto Pizza (grain-free, egg-free, nightshade-free) recipes",Italian,88.13,161.76,115.41,2022-10-16,17:24:13,0.5448194856577646,1.4016116454380037
Paleo,Spiralized Cucumber Salad Recipe with Chia Seed Strawberry Vinaigrette {Vegan + Paleo} recipes,American,12.17,97.45,76.12,2022-10-16,17:24:13,0.12488455618265777,1.2802154492905937
Paleo,"Easy Vegan White Cake with Chocolate Coconut Frosting {Gluten Free, Paleo Friendly} recipes",American,75.26,371.75,313.13,2022-10-16,17:24:13,0.2024478816408877,1.1872065915115129
Paleo,BBQ Chicken Sweet Potato Pizza,Italian,112.99,285.71,98.15,2022-10-16,17:24:13,0.395470932063981,2.9109526235354046
Paleo,Creamy Bacon Beet Salad recipes,American,13.37,37.94,68.16,2022-10-16,17:24:13,0.35239852398523985,0.556631455399061
Paleo,Walnut Pesto recipes,Italian,31.36,15.7,39.44,2022-10-16,17:24:13,1.997452229299363,0.39807302231237324
Paleo,Baked Ranch Chicken Tenders recipes,American,105.57,129.65,146.59,2022-10-16,17:24:13,0.8142691862707288,0.8844395934238352
Paleo,Blueberry French Toast Casserole recipes,French,72.14,306.66,36.59,2022-10-16,17:24:20,0.2352442444400965,8.380978409401475
Paleo,Low Carb Bulgogi Ground Beef Bowl recipes,British,146.61,79.92,50.85,2022-10-16,17:24:20,1.8344594594594597,1.5716814159292036
Paleo,Kale Pesto recipes,Italian,69.78,25.2,204.3,2022-10-16,17:24:20,2.769047619047619,0.12334801762114536
Paleo,Chicken Avocado Burgers,Nordic,97.13,35.1,101.67,2022-10-16,17:24:20,2.767236467236467,0.34523458247270583
Paleo,"Green Chile Turkey Taco Salad with Peppers and Avocado (Paleo, Low-Carb, Gluten Free) recipes",American,170.68,144.12,180.71,2022-10-16,17:24:20,1.1842908687205107,0.797520889823474
Paleo,INSTANT POT CHICKEN MARINARA,Italian,194.67,26.26,91.92,2022-10-16,17:24:20,7.4131759329779126,0.28568320278503045
Paleo,Blueberries and Cream Truffles recipes,American,22.64,205.97,170.65,2022-10-16,17:24:20,0.10991892023110161,1.2069733372399647
Paleo,Classic Egg Salad,American,34.18,10.4,69.54,2022-10-16,17:24:20,3.2865384615384614,0.14955421340235836
Paleo,Cucumber Tuna Cups,Mediterranean,25.78,17.19,40.92,2022-10-16,17:24:20,1.4997091332169865,0.42008797653958946
Paleo,Cauliflower Fried Rice recipes,Chinese,150.64,79.08,369.91,2022-10-16,17:24:20,1.9049064238745572,0.2137817306912492
Paleo,Sauteed Leek with Bacon recipes,French,11.61,39.2,41.13,2022-10-16,17:24:20,0.2961734693877551,0.9530756139071238
Paleo,Roast a Whole Cauliflower recipes,American,12.34,39.51,16.73,2022-10-16,17:24:20,0.3123259934193875,2.3616258218768675
Paleo,Dark Chocolate Cashew Butter Candy,French,42.76,169.71,181.61,2022-10-16,17:24:20,0.2519592245595427,0.9344749738450525
Paleo,Maple Frosted Almond Butter Blondies recipes,American,70.14,355.31,243.28,2022-10-16,17:24:20,0.1974050828853677,1.460498191384413
Paleo,Honey Lime Shrimp recipes,American,92.31,26.34,2.46,2022-10-16,17:24:20,3.5045558086560367,10.707317073170731
Paleo,Grilled Salmon Cobb Salad {Whole 30} recipes,Nordic,60.01,22.5,112.86,2022-10-16,17:24:20,2.667111111111111,0.19936204146730463
Paleo,Tuna-Stuffed Eggs recipes,Italian,52.87,4.1,29.95,2022-10-16,17:24:26,12.895121951219513,0.1368948247078464
Paleo,Chocolate Caramel Chia Pudding,British,145.04,1545.27,177.4,2022-10-16,17:24:26,0.0938606198269558,8.71065388951522
Paleo,Old Fashioned Deviled Eggs,American,60.92,6.01,118.36,2022-10-16,17:24:26,10.136439267886855,0.05077728962487327
Paleo,INSTANT POT CHICKEN CACCIATORE,Italian,242.04,87.12,190.75,2022-10-16,17:24:26,2.7782369146005506,0.45672346002621234
Paleo,Paleo Tortillas,French,39.65,23.86,56.1,2022-10-16,17:24:26,1.6617770326906958,0.42531194295900177
Paleo,Marla Sarris recipes,American,250.91,134.81,185.31,2022-10-16,17:24:26,1.8612120762554707,0.7274836760023744
Paleo,One Pot Bacon Braised Lamb Stew {Grain Fre,French,147.55,133.02,214.67,2022-10-16,17:24:26,1.1092316944820328,0.6196487632179626
Paleo,Strawberry Lime Granita,Italian,4.45,56.47,1.76,2022-10-16,17:24:26,0.07880290419691872,32.08522727272727
Paleo,Oven Poached Salmon with Cherry Tomatoes a,Nordic,103.94,25.78,75.84,2022-10-16,17:24:26,4.031807602792862,0.33992616033755274
Paleo,Barbecue Chicken Pizza recipes,Italian,91.36,208.4,50.82,2022-10-16,17:24:26,0.4383877159309021,4.100747737111374
Paleo,Hamburger Steaks With Stroganoff Gravy,Eastern Europe,104.61,60.01,231.37,2022-10-16,17:24:26,1.7432094650891519,0.25936811168258633
Paleo,Traditional German Rotkohl (Sweet/Sour Red Cabbage) recipes,Central Europe,13.91,131.15,48.71,2022-10-16,17:24:26,0.10606176134197483,2.692465612810511
Paleo,Chocolate and Toasted Coconut Butter Pudding recipes,British,15.67,41.91,94.91,2022-10-16,17:24:33,0.37389644476258654,0.4415762301127384
Paleo,Taco Stuffed Avocado Cups,Mexican,103.22,54.18,123.51,2022-10-16,17:24:33,1.9051310446659284,0.43866893368957977
Paleo,Crab Stuffed Shrimp Recipe,Mediterranean,122.29,4.81,31.9,2022-10-16,17:24:33,25.424116424116427,0.15078369905956113
Paleo,Basic Balsamic Steak Marinade recipes,American,97.52,21.4,145.98,2022-10-16,17:24:33,4.557009345794393,0.14659542403068915
Paleo,Slow Cooker Red-Cooked Chicken,Chinese,257.78,119.4,274.45,2022-10-16,17:24:33,2.158961474036851,0.43505192202586995
Paleo,Easy Garlic and Rosemary Roast Beef recipes,Mediterranean,316.98,3.68,246.05,2022-10-16,17:24:33,86.13586956521739,0.014956309693151799
Paleo,Paleo chocolate,American,8.66,77.46,114.72,2022-10-16,17:24:33,0.11179963852310872,0.6752092050209204
Paleo,Honey Garlic Ribs,American,410.45,209.84,349.93,2022-10-16,17:24:33,1.9560141059855127,0.5996627897007973
Paleo,Paleo and Vegan Pumpkin and Fig Bread Pudding. Plus Why We Might Need Carbs During Fall Season recipes,British,15.17,104.57,12.73,2022-10-16,17:24:33,0.1450702878454624,8.214454045561665
Paleo,Cauliflower Potato Salad,American,39.1,51.14,65.66,2022-10-16,17:24:33,0.7645678529526789,0.7788607980505635
Paleo,SPIRALIZED SWEET POTATO FRIES recipes,South American,3.35,37.48,131.84,2022-10-16,17:24:33,0.08938100320170758,0.28428398058252424
Paleo,Healthy Chocolate Truffles recipes,French,19.39,113.88,103.46,2022-10-16,17:24:33,0.17026694766420794,1.1007152522714092
Paleo,Paleo Crepes,French,29.26,9.68,63.3,2022-10-16,17:24:40,3.022727272727273,0.1529225908372828
Paleo,Chocolate-Nut Fudge recipes,American,42.37,280.53,224.06,2022-10-16,17:24:40,0.15103553987095855,1.2520307060608764
Paleo,Healthy Vegan Green Bean Casserole recipes,American,20.36,104.02,17.13,2022-10-16,17:24:40,0.195731590078831,6.072387624051372
Paleo,Vegan Ranch Dressing,American,17.1,26.49,77.37,2022-10-16,17:24:40,0.6455266138165346,0.3423807677394338
Paleo,"Chicken Sausage, Mashed Potatoes, and Baby Broccoli recipes",American,63.18,146.69,32.84,2022-10-16,17:24:40,0.4307042061490218,4.466808769792935
Paleo,Oven-Baked Sloppy Joes,American,405.14,202.29,455.75,2022-10-16,17:24:40,2.002768302931435,0.44386176631925395
Paleo,Oven-Baked Parmesan Green Bean Fries,Italian,67.07,37.59,43.58,2022-10-16,17:24:40,1.7842511306198454,0.8625516291877009
Paleo,Paleo Spaghetti,Italian,113.5,84.51,32.34,2022-10-16,17:24:40,1.3430363270618861,2.61317254174397
Paleo,Chocolate Drizzled Pumpkin Donuts,American,22.76,128.52,30.38,2022-10-16,17:24:40,0.17709305944600062,4.230414746543779
Paleo,Chinese Beef and Broccoli recipes,Chinese,120.87,99.95,62.06,2022-10-16,17:24:40,1.209304652326163,1.6105381888495005
Paleo,Pumpkin Pie Chia Seed Pudding recipes,British,5.44,33.63,7.98,2022-10-16,17:24:40,0.16176033303597978,4.214285714285714
Paleo,Paleo Spaghetti,Italian,91.7,90.28,103.95,2022-10-16,17:24:46,1.015728843597696,0.8684944684944684
Paleo,Easy Primal Mini Tortilla Pizzas recipes,Italian,56.6,119.61,63.87,2022-10-16,17:24:46,0.47320458155672607,1.8727101925786755
Paleo,Easy Chicken Salad recipes,American,238.58,46.12,164.79,2022-10-16,17:24:46,5.173026886383348,0.2798713514169549
Paleo,Cottage Pie,American,231.51,92.06,376.33,2022-10-16,17:24:46,2.514772974147295,0.24462572742008346
Paleo,Sweet Potato Salad,South American,11.35,83.85,73.27,2022-10-16,17:24:46,0.13536076326774002,1.144397434147673
Paleo,Paleo Potatoes,Italian,9.41,66.8,1.0,2022-10-16,17:24:46,0.1408682634730539,66.8
Paleo,No-Bake Chocolate Almond Butter Truffles,American,50.47,168.54,206.65,2022-10-16,17:24:46,0.2994541355167913,0.8155819017662714
Paleo,Paleo Coleslaw,Mediterranean,1.67,7.27,13.2,2022-10-16,17:24:46,0.2297111416781293,0.5507575757575758
Paleo,Paleo Grits,American,51.81,70.43,65.92,2022-10-16,17:24:53,0.7356240238534715,1.0684162621359223
Paleo,Grilled Vegetables with Lemon Thyme Butter recipes,American,4.51,15.99,147.84,2022-10-16,17:24:53,0.28205128205128205,0.10815746753246754
Paleo,Paleo Hummus,Mediterranean,12.42,150.94,168.87,2022-10-16,17:24:53,0.08228435139790645,0.893823651329425
Paleo,Paleo Spaghetti,Italian,101.28,128.97,96.98,2022-10-16,17:24:53,0.7852989067224936,1.329861827180862
Paleo,Garlic Butter Rainbow Trout in Foil,American,91.25,3.47,53.62,2022-10-16,17:24:53,26.296829971181555,0.06471465870943678
Paleo,Paleo Jello,Mediterranean,13.93,33.12,0.96,2022-10-16,17:24:53,0.42059178743961356,34.5
Paleo,Chocolate Covered Stuffed Dates recipes,American,32.88,429.73,154.5,2022-10-16,17:24:53,0.0765131594256859,2.781423948220065
Paleo,Paleo Fruitcake,American,82.45,271.48,204.91,2022-10-16,17:24:53,0.30370561367319876,1.324874335073935
Paleo,Paleo Pest,French,2.88,5.79,218.98,2022-10-16,17:24:53,0.49740932642487046,0.026440770846652664
Paleo,I Can't Believe It's Not Processed! Caramel Fondant recipes,Mediterranean,36.25,169.58,127.08,2022-10-16,17:25:00,0.2137634154971105,1.3344350015738118
Paleo,Sweet and Spicy Asian-Style Eggplant recipes,South East Asian,28.05,135.94,33.77,2022-10-16,17:25:00,0.20634103280859203,4.025466390287237
Paleo,"Aunt Rocky’s Onion Pie in Biscuit Crust (Low Carb, Gluten Free)",American,72.94,95.74,162.6,2022-10-16,17:25:00,0.7618550240233967,0.5888068880688807
Paleo,What Mom Never Told You About Ambrosia Salad recipes,American,21.27,131.23,47.57,2022-10-16,17:25:00,0.16208184104244458,2.7586714315745215
Paleo,"Bacon, Grape and Broccoli Salad",American,97.12,171.09,379.33,2022-10-16,17:25:00,0.5676544508738092,0.4510320828829779
Paleo,Tropical Chicken Burger,American,130.68,53.89,75.11,2022-10-16,17:25:00,2.4249396919651143,0.7174810278258554
Paleo,Paleo Tzatziki,Mediterranean,2.82,17.07,0.57,2022-10-16,17:25:00,0.16520210896309315,29.947368421052634
Paleo,Paleo Wraps,American,11.53,43.67,9.96,2022-10-16,17:25:00,0.2640256468971834,4.384538152610442
Paleo,Paleo Hash,French,113.32,65.91,136.92,2022-10-16,17:25:00,1.7193142163556365,0.481375985977213
Paleo,Carolina BBQ Meatballs (Low Carb & Glu,American,92.06,28.05,117.08,2022-10-16,17:25:00,3.2819964349376116,0.2395797745131534
Paleo,Paleo Gingersnaps,British,58.26,120.44,143.2,2022-10-16,17:25:00,0.4837263367651943,0.8410614525139666
Paleo,Paleo Hummus,Mediterranean,21.58,35.21,66.94,2022-10-16,17:25:00,0.6128940641863106,0.525993426949507
Paleo,"Aunt Rocky’s Keto Hot Cocoa Mix (Sugar Free, Dairy Free, Low Carb)",American,37.91,165.84,34.48,2022-10-16,17:25:00,0.22859382537385428,4.809744779582367
Paleo,Paleo Chili,American,198.76,170.02,202.56,2022-10-16,17:25:07,1.1690389365956946,0.8393562401263823
Paleo,Creamy Cauliflower and Ground Beef Skillet,British,123.76,54.27,293.3,2022-10-16,17:25:07,2.2804496038326882,0.18503239004432323
Paleo,Flaky Sriracha Cod over Parsnip Carrot Mas,American,9.26,42.6,176.28,2022-10-16,17:25:07,0.21737089201877932,0.24166099387338327
Paleo,"Addicting Paleo Cashew Hummus (Paleo, low",Mediterranean,112.95,191.68,494.13,2022-10-16,17:25:07,0.5892633555926544,0.38791411167101775
Paleo,One Pot Bacon Braised Lamb Stew {Grain Free} recipes,French,147.55,133.02,214.67,2022-10-16,17:25:07,1.1092316944820328,0.6196487632179626
Paleo,paleo pastelon,Italian,127.96,257.63,103.37,2022-10-16,17:25:07,0.49668128711718357,2.4923091806133306
Paleo,Paleo Spaghetti,Italian,113.5,84.51,32.34,2022-10-16,17:25:07,1.3430363270618861,2.61317254174397
Paleo,Paleo Crumble,Eastern Europe,42.08,149.03,122.62,2022-10-16,17:25:07,0.28235925652553173,1.2153808514108628
Paleo,Delectable Spinach Zucchini Bites for an Easy Party Snack recipes,Italian,38.14,65.53,18.64,2022-10-16,17:25:07,0.5820235006867084,3.515557939914163
Paleo,Paleo Chili,American,95.78,97.82,97.17,2022-10-16,17:25:07,0.9791453690451851,1.006689307399403
Paleo,Paleo Frittata,Italian,173.78,134.07,268.58,2022-10-16,17:25:07,1.2961885582158574,0.49918087720604665
Paleo,Paleo Pita,Mediterranean,5.69,101.64,31.13,2022-10-16,17:25:13,0.0559818968909878,3.265017667844523
Paleo,Paleo Pesto,Italian,17.38,19.31,139.44,2022-10-16,17:25:13,0.9000517866390472,0.13848250143430865
Paleo,Paleo Stew,American,114.49,53.93,116.2,2022-10-16,17:25:13,2.1229371407379936,0.46411359724612733
Paleo,Easy Oven Barbecue Chicken recipes,American,55.0,342.7,63.1,2022-10-16,17:25:13,0.16049022468631458,5.431061806656101
Paleo,paleo meatballs,American,85.79,12.51,115.51,2022-10-16,17:25:13,6.857713828936851,0.10830231148818284
Paleo,Dinner: Chicken Avocado Burgers,Nordic,92.88,31.09,92.32,2022-10-16,17:25:13,2.9874557735606304,0.336763431542461
Paleo,Banana Cream Pie,American,23.83,210.58,308.61,2022-10-16,17:25:13,0.11316364327096588,0.6823498914487541
Paleo,Paleo Shakshouka,American,63.65,201.73,36.63,2022-10-16,17:25:13,0.31552074555098397,5.507234507234506
Paleo,Pan-Roasted Cashew Broccoli recipes,British,35.44,69.35,30.46,2022-10-16,17:25:13,0.5110310021629416,2.2767564018384765
Paleo,"5-Ingredient Roasted Tomato Soup (Low Carb, Gluten-free) recipes",Eastern Europe,7.68,30.35,36.87,2022-10-16,17:25:13,0.2530477759472817,0.8231624627068078
Paleo,Mini Hasselback Potatoes with Roasted Garlic,American,47.23,272.38,38.35,2022-10-16,17:25:13,0.17339745943167634,7.102477183833115
Paleo,Spanish Salad Dressing,Mediterranean,1.87,61.46,162.33,2022-10-16,17:25:20,0.030426293524243413,0.37861147046140575
Paleo,Quick And Creamy Chicken Stew recipes,Italian,263.77,112.8,309.92,2022-10-16,17:25:20,2.338386524822695,0.3639648941662364
Paleo,Roasted Cauliflower Chowder recipes,American,44.63,111.23,150.27,2022-10-16,17:25:20,0.4012406724804459,0.7402009715844813
Paleo,Paleo Ketchup,Italian,15.8,181.21,4.77,2022-10-16,17:25:20,0.08719165608961978,37.989517819706506
Paleo,Hearty Chicken Salad recipes,American,144.26,16.24,127.63,2022-10-16,17:25:20,8.883004926108375,0.1272428112512732
Paleo,Homemade Apple Cider,American,6.37,400.39,3.96,2022-10-16,17:25:20,0.015909488248957267,101.10858585858585
Paleo,Paleo Dressing,American,22.74,68.54,127.93,2022-10-16,17:25:20,0.33177706448789024,0.5357617447041351
Paleo,Paleo Salsa,Mexican,15.03,79.9,3.0,2022-10-16,17:25:20,0.1881101376720901,26.633333333333336
Paleo,Paleo Jerky,American,251.76,38.75,139.7,2022-10-16,17:25:20,6.4970322580645155,0.2773801002147459
Paleo,Paleo Blondies,American,109.85,1343.97,1869.58,2022-10-16,17:25:20,0.08173545540451051,0.7188619903935644
Paleo,Paleo Spaghetti,Italian,98.63,65.37,65.28,2022-10-16,17:25:20,1.508796083830503,1.0013786764705883
Paleo,Buffalo Chicken Casserole,American,193.01,74.42,327.15,2022-10-16,17:25:20,2.593523246439129,0.22747974935045087
Paleo,Paleo Paella,Mediterranean,228.68,66.4,163.41,2022-10-16,17:25:27,3.4439759036144575,0.4063398812802155
Paleo,Citrus Basil Mojito Pops,Caribbean,2.65,44.27,0.75,2022-10-16,17:25:27,0.05985995030494691,59.02666666666667
Paleo,Chili Lime Cream Grilled Chicken recipes,American,310.17,22.85,129.07,2022-10-16,17:25:27,13.57417943107221,0.17703571705276208
Paleo,Paleo Calamari,Italian,37.6,30.65,877.4,2022-10-16,17:25:27,1.2267536704730833,0.03493275586961477
Paleo,"Creamy Balsamic Salad Dressing - Easy, Creamy and Real recipes",Mediterranean,0.1,2.12,44.59,2022-10-16,17:25:27,0.04716981132075472,0.047544292442251626
Paleo,Waldorf Salad recipes,American,46.42,75.17,187.33,2022-10-16,17:25:27,0.6175335905281363,0.40127048523995085
Paleo,Orange Chocolate Pudding,British,33.68,195.5,155.13,2022-10-16,17:25:27,0.1722762148337596,1.2602333526719527
Paleo,Garlic Mashed Sweet Potatoes With Spinach recipes,American,25.05,200.19,30.7,2022-10-16,17:25:27,0.1251311254308407,6.520846905537459
Paleo,Fruit Salsa,Mexican,7.67,124.25,2.88,2022-10-16,17:25:27,0.06173038229376258,43.142361111111114
Paleo,Thai Red Curry,South East Asian,110.25,128.45,106.7,2022-10-16,17:25:27,0.8583106267029974,1.2038425492033737
Paleo,Low Carb Cauliflower Potato Salad recipes,American,26.18,74.5,62.8,2022-10-16,17:25:27,0.35140939597315435,1.1863057324840764
Paleo,Paleo Chili,American,305.91,139.01,356.15,2022-10-16,17:25:27,2.20063304798216,0.3903130703355328
Paleo,Golden Paleo Muffins – Gluten-Free/Paleo/Vegetarian,American,32.46,254.97,51.28,2022-10-16,17:25:27,0.12730909518766914,4.972113884555382
Paleo,Creamy Shaved Brussels Sprouts and Apple Salad recipes,Italian,27.78,119.44,158.77,2022-10-16,17:25:33,0.23258539852645682,0.7522831769225924
Paleo,Whole30 Tuna Salad,American,29.18,38.85,17.77,2022-10-16,17:25:33,0.751093951093951,2.1862689926842993
Paleo,Paleo Lasagna,Italian,199.07,166.7,292.21,2022-10-16,17:25:33,1.1941811637672466,0.5704801341500976
Paleo,Low Carb Cauliflower Potato Salad,American,34.18,36.49,119.11,2022-10-16,17:25:33,0.9366949849273773,0.30635546973385946
Paleo,Creamy Balsamic Dressing Recipe,Italian,2.05,14.4,130.22,2022-10-16,17:25:33,0.1423611111111111,0.11058209184457073
Paleo,Beef Stir-fry with Snow Peas and Mushrooms recipes,Chinese,117.89,113.86,57.65,2022-10-16,17:25:33,1.0353943439311435,1.975021682567216
Paleo,Baked Sesame Ginger Chicken recipes,Chinese,356.6,31.62,198.75,2022-10-16,17:25:33,11.277672359266287,0.15909433962264152
Paleo,Genoise-Style Paleo Tiramisu ~ The Paleo Mom,Italian,25.73,158.9,188.95,2022-10-16,17:25:33,0.1619257394587791,0.8409632177824822
Paleo,Sweet Potato Tater Tots,American,16.02,205.34,117.83,2022-10-16,17:25:33,0.07801694750170449,1.7426801323941272
Paleo,Paleo Middle Eastern Meatballs (Paleo Kibbeh) recipes,Middle Eastern,102.17,18.57,49.56,2022-10-16,17:25:33,5.501884760366182,0.3746973365617433
Paleo,Orange Dressing/Vinaigrette,Mediterranean,8.69,163.48,574.6,2022-10-16,17:25:33,0.053156349400538296,0.28451096414897314
Paleo,"Low Carb Nut Free English Muffins (Grain Free, Gluten Free)",British,33.89,22.3,121.33,2022-10-16,17:25:33,1.5197309417040359,0.18379625813895986
Paleo,Beef Stir-fry with Snow Peas and Mushrooms,British,12.1,45.68,1.06,2022-10-16,17:25:33,0.2648861646234676,43.094339622641506
Paleo,Raw Vegan Collard Wraps,American,22.88,56.46,107.24,2022-10-16,17:25:40,0.40524264966347856,0.5264826557254756
Paleo,Chicken Avocado Burgers recipes,Nordic,93.27,33.54,92.44,2022-10-16,17:25:40,2.7808586762075134,0.36282994374729555
Paleo,Creamy Whole30 Avocado Tuna Boats,Mediterranean,41.82,57.75,94.29,2022-10-16,17:25:40,0.7241558441558441,0.6124721603563474
Paleo,Sweet and Sticky Mango Chutney Chicken,Indian,256.98,93.99,261.35,2022-10-16,17:25:40,2.7341206511330998,0.3596326764874689
Paleo,Barbecue Chicken Pizza-ii,Italian,91.36,208.4,50.82,2022-10-16,17:25:40,0.4383877159309021,4.100747737111374
Paleo,The Paleo Pasty,Eastern Europe,99.39,192.8,125.8,2022-10-16,17:25:40,0.5155082987551867,1.5325914149443562
Paleo,Peanut Butter Chocolate Chunk Blondies recipes,American,68.82,231.05,229.81,2022-10-16,17:25:40,0.29785760657866256,1.0053957617162004
Paleo,Green Goddess Turkey Burgers recipes,American,138.81,4.66,98.06,2022-10-16,17:25:40,29.78755364806867,0.047521925351825416
Paleo,Cassava Flour Chocolate Mayonnaise Cake,American,11.04,422.58,237.46,2022-10-16,17:25:40,0.02612523072554309,1.7795839299250398
Paleo,Paleo Pizza with a Paleo Pizza Crust recipes,Italian,105.31,114.29,180.78,2022-10-16,17:25:40,0.921427946452008,0.6322048899214515
Paleo,Shoyu Ahi Poke recipes,Japanese,111.82,11.58,6.85,2022-10-16,17:25:40,9.656303972366148,1.6905109489051096
Paleo,Dairy-free Chunky Ice Cream,American,18.19,175.0,123.11,2022-10-16,17:25:40,0.10394285714285716,1.421492973763301
Paleo,Honey Mustard Salmon,Nordic,27.68,63.22,418.12,2022-10-16,17:25:40,0.4378361278076558,0.1512006122644217
Paleo,Five C Spiced Salmon recipes,Nordic,324.33,4.57,270.7,2022-10-16,17:25:40,70.96936542669583,0.016882157369782047
Paleo,Dark & Stormy Date Caramels,French,34.02,119.1,137.32,2022-10-16,17:25:40,0.2856423173803527,0.8673172152636178
Paleo,Keto Fried Fish,South East Asian,110.93,20.28,53.53,2022-10-16,17:25:40,5.469921104536489,0.3788529796375864
Paleo,Paleo Salmon Cakes,Nordic,110.13,12.03,50.63,2022-10-16,17:25:47,9.154613466334165,0.23760616235433535
Paleo,Broccoli and bacon salad,American,66.61,142.18,186.51,2022-10-16,17:25:47,0.4684906456604304,0.7623183743499009
Paleo,Ground Beef Skillet with Pesto and Greens (Low-FODMAP),British,89.94,10.84,58.45,2022-10-16,17:25:47,8.297047970479705,0.18545765611633874
Paleo,Sweet and Spicy Asian-style Eggplant,South East Asian,28.24,153.01,34.26,2022-10-16,17:25:47,0.18456310045095092,4.466141272621132
Paleo,French Onion Dip recipes,American,15.14,44.77,303.62,2022-10-16,17:25:47,0.3381728836274291,0.1474540544101179
Paleo,Berry Chocolate (Antioxidant) Heaven,American,29.87,352.58,92.19,2022-10-16,17:25:47,0.08471836179023201,3.8244928951079293
Paleo,Chocolate Ice Cream - That's Dairy AND (Added) Sugar Free,American,17.09,98.33,27.65,2022-10-16,17:25:47,0.17380250177972134,3.55623869801085
Paleo,Chocolate Tiramisu (Grain-Free) recipes,Italian,44.35,370.33,265.2,2022-10-16,17:25:47,0.11975805362784545,1.396417797888386
Paleo,"Strawberry (Heart Berry) Sponge Cake with Swiss Meringue and Coconut Cream (Grain Free, Dairy Free) recipes",British,73.61,215.65,194.58,2022-10-16,17:25:47,0.34134013447716205,1.108284510227156
Paleo,CHORIZO BURGER WITH CUCUMBER SLAW recipes,Mediterranean,146.06,23.64,205.89,2022-10-16,17:25:47,6.178510998307953,0.11481859245228035
Paleo,Paleo Steak and Kidney Pie ~ The Paleo Mom,American,398.01,82.5,282.32,2022-10-16,17:25:47,4.824363636363636,0.2922215925191272
Paleo,Paleo Pizza Crust,Italian,34.22,27.58,82.33,2022-10-16,17:25:47,1.2407541696881799,0.3349933195675938
Paleo,Salisbury Steak Meatballs,British,145.56,62.05,169.76,2022-10-16,17:25:47,2.3458501208702662,0.36551602262016963
Paleo,Paleo Graham Crackers,American,37.62,65.86,83.96,2022-10-16,17:25:47,0.5712116610993015,0.7844211529299667
Paleo,Pecan and Apple Stuffed Acorn Squash recipes,American,14.02,89.14,100.92,2022-10-16,17:25:54,0.15728068207314336,0.8832738803012287
Paleo,"Chicken Salad With Grapes, Apples And Cranberries recipe recipes",American,101.36,118.91,252.23,2022-10-16,17:25:54,0.8524093852493483,0.4714348015699956
Paleo,Paleo Persimmon Pie,American,38.48,518.49,227.16,2022-10-16,17:25:54,0.07421551042450192,2.282488114104596
Paleo,Paleo Stir Fry,American,24.43,22.43,8.06,2022-10-16,17:25:54,1.0891662951404368,2.7828784119106698
Paleo,Keto Strawberry Ice Cream,American,29.56,52.43,291.93,2022-10-16,17:25:54,0.5637993515163074,0.1795978487993697
Paleo,Paleo Lemon Tarts,French,38.77,126.1,64.78,2022-10-16,17:25:54,0.3074544012688343,1.9465884532263042
Paleo,Chocolate Chia Seed Pudding,British,13.65,68.33,92.25,2022-10-16,17:25:54,0.19976584223620666,0.7407046070460704
Paleo,Braised Cube Steak with Onion Gravy (AIP) recipes,American,22.12,875.89,54.93,2022-10-16,17:25:54,0.025254312756168015,15.945567085381395
Paleo,No Bake Almond Butter Bars (Low Carb and Gluten Free) recipes,American,92.22,286.7,321.2,2022-10-16,17:25:54,0.3216602720613882,0.8925902864259029
Paleo,Paleo Lunch “Buns,Italian,5.04,227.0,1.45,2022-10-16,17:25:54,0.022202643171806168,156.55172413793105
Paleo,Parmesan Herb Chicken (Grain Free and Low Carb) recipes,Italian,166.91,3.84,72.13,2022-10-16,17:25:54,43.466145833333336,0.05323721059198669
Paleo,Blueberry Crumble (Gluten-free & Sugar-free) recipes,American,60.03,135.78,188.85,2022-10-16,17:25:54,0.4421122403888643,0.7189833200953137
Paleo,Roasted Garlic Mashed Potatoes recipes,American,25.2,63.62,10.39,2022-10-16,17:25:54,0.39610185476265325,6.123195380173243
Paleo,Healthy Coconut Meringue Parfait recipes,French,63.04,161.99,13.34,2022-10-16,17:25:54,0.3891598246805358,12.143178410794604
Paleo,Keto Waldorf Salad,American,6.74,27.28,63.62,2022-10-16,17:25:54,0.2470674486803519,0.42879597610814213
Paleo,Grilled Asian Style Wild Alaskan Black Cod recipes,Japanese,44.95,39.22,6.89,2022-10-16,17:26:00,1.1460989291177972,5.6923076923076925
Paleo,Korean Beef Cauliflower Rice Bowls,Mediterranean,190.89,158.68,234.05,2022-10-16,17:26:00,1.2029871439374842,0.6779747917111728
Paleo,Paleo Zucchini Spaghetti,Italian,4.74,12.19,14.75,2022-10-16,17:26:00,0.38884331419196067,0.8264406779661017
Paleo,Chicken Jicama Slaw,Mexican,112.36,32.53,118.16,2022-10-16,17:26:00,3.454042422379342,0.27530467163168587
Paleo,Paleo Acorn Squash,French,3.57,68.92,11.95,2022-10-16,17:26:00,0.051799187463726054,5.767364016736402
Paleo,Paleo Coffee Creamer,French,19.37,14.12,98.57,2022-10-16,17:26:00,1.3718130311614731,0.14324845287612864
Paleo,"Paleo chocolate barks, a.k.a. Paleo turr&o",American,23.75,84.18,191.43,2022-10-16,17:26:00,0.2821335234022333,0.4397429869926344
Paleo,Paleo Flour Tortillas (AIP-friendly!) ~ The Paleo Mom,Mexican,0.0,150.22,81.0,2022-10-16,17:26:00,0.0,1.854567901234568
Paleo,Paleo Carrot Cake,British,130.64,371.78,327.27,2022-10-16,17:26:00,0.35139060734843186,1.136003911143704
Paleo,"Low Carb Red Cabbage, Mint, and Granny Smi",American,9.8,75.41,56.01,2022-10-16,17:26:07,0.12995623922556693,1.3463667202285305
Paleo,Sweet Potato Tater Tots,American,16.02,205.34,102.76,2022-10-16,17:26:07,0.07801694750170449,1.9982483456597897
Paleo,Bacon Burger Cauliflower Rice Casserole recipes,American,125.01,32.77,183.92,2022-10-16,17:26:07,3.8147696063472685,0.17817529360591564
Paleo,Mediterranean Eggs Paleo,Mediterranean,12.24,9.38,23.7,2022-10-16,17:26:07,1.304904051172708,0.3957805907172996
Paleo,Paleo Banana Bread,American,54.23,233.84,97.63,2022-10-16,17:26:07,0.23191070817653095,2.395165420465021
Paleo,Paleo Coconut Crepes,French,14.04,9.69,2.72,2022-10-16,17:26:07,1.4489164086687307,3.5624999999999996
Paleo,Easy Paleo Meatballs,French,78.6,2.96,90.8,2022-10-16,17:26:07,26.554054054054053,0.03259911894273128
Paleo,Paleo Apple Tart,French,9.15,249.27,59.68,2022-10-16,17:26:07,0.03670718498014201,4.176776139410188
Paleo,Paleo Birthday Cake,American,71.98,200.17,163.98,2022-10-16,17:26:07,0.35959434480691416,1.2206976460543968
Paleo,PALEO HASH BROWNS,South American,4.65,114.17,36.32,2022-10-16,17:26:14,0.04072873784707016,3.1434471365638768
Paleo,Roasted Beet and Micro Kale Egg White Frittata,Italian,38.18,20.35,40.72,2022-10-16,17:26:14,1.8761670761670761,0.49975442043222007
Paleo,Chipotle Pulled Pork Stuffed Potatoes with Creamy Coleslaw recipes,American,32.47,235.85,91.26,2022-10-16,17:26:14,0.13767224931100275,2.584374315143546
Paleo,Paleo Hamburger Buns,American,14.22,74.17,20.04,2022-10-16,17:26:14,0.1917217203721181,3.701097804391218
Paleo,Paleo Roasted Asparagus,Nordic,9.98,17.6,13.32,2022-10-16,17:26:14,0.5670454545454545,1.3213213213213213
Paleo,Paleo Peach Crumble,Eastern Europe,44.9,261.29,181.17,2022-10-16,17:26:14,0.17183971832063988,1.4422365733841145
Paleo,Paleo Pesto recipes,Italian,12.89,18.24,146.76,2022-10-16,17:26:14,0.7066885964912282,0.12428454619787407
Paleo,Paleo Sausage Balls,American,104.42,60.32,234.14,2022-10-16,17:26:21,1.731100795755968,0.257623643973691
Paleo,Paleo Pumpkin Pie,American,42.95,329.53,179.46,2022-10-16,17:26:21,0.13033714684550726,1.8362309149671234
Paleo,Paleo Meat Loaf,American,97.33,60.44,97.57,2022-10-16,17:26:21,1.6103573792190602,0.6194527006251922
Paleo,Paleo Birthday Cake,American,51.4,346.93,234.62,2022-10-16,17:26:21,0.14815668866918397,1.478688943824056
Paleo,Paleo Vanilla Custard,Italian,27.29,65.95,103.42,2022-10-16,17:26:21,0.41379833206974975,0.637690968864823
Paleo,Parmesan Herb Chicken (Grain Free and Low Carb),Italian,166.91,3.84,72.13,2022-10-16,17:26:21,43.466145833333336,0.05323721059198669
Paleo,Paleo Baked Tuna Cakes - Paleo and Gluten-Free,Mediterranean,105.58,58.76,166.85,2022-10-16,17:26:21,1.7968005445881552,0.35217261012885825
Paleo,Mango Banana Vanilla Cream Pops,American,11.09,71.03,97.12,2022-10-16,17:26:21,0.1561312121638744,0.7313632619439868
Paleo,Turkey Avocado Burgers,American,203.1,149.26,333.28,2022-10-16,17:26:21,1.3607128500602974,0.4478516562650024
Paleo,Paleo Roti recipes,South East Asian,16.54,72.39,70.77,2022-10-16,17:26:21,0.22848459732007181,1.0228910555320052
Paleo,"Instant Pot Paleo Pumpkin Chili {Whole30, Paleo}",American,92.49,93.22,123.26,2022-10-16,17:26:21,0.9921690624329542,0.756287522310563
Paleo,Strawberry Grapefruit Salad recipes,American,7.83,63.3,29.81,2022-10-16,17:26:21,0.12369668246445498,2.123448507212345
Paleo,Paleo Custard Bake,Mediterranean,40.09,48.85,114.16,2022-10-16,17:26:21,0.8206755373592631,0.42790819901892085
Paleo,Paleo Chicken Stew,American,131.55,66.3,25.08,2022-10-16,17:26:27,1.984162895927602,2.6435406698564594
Paleo,Paleo Eggplant Hummus,Mediterranean,9.79,47.87,9.76,2022-10-16,17:26:27,0.20451222059745142,4.904713114754098
Paleo,Paleo Margaritas recipes,World,0.16,14.07,0.02,2022-10-16,17:26:27,0.011371712864250177,703.5
Paleo,Paleo Beef Jerkey,American,206.94,104.79,47.42,2022-10-16,17:26:27,1.9748067563698826,2.2098270771826236
Paleo,Paleo Caramel Frappuccino,Mediterranean,4.83,10.41,8.02,2022-10-16,17:26:27,0.46397694524495675,1.298004987531172
Paleo,Mango Salsa (Paleo),Mexican,13.16,144.64,32.84,2022-10-16,17:26:27,0.09098451327433629,4.404384896467722
Paleo,Paleo Butterfingers recipes,French,4.35,247.32,139.99,2022-10-16,17:26:27,0.017588549247937894,1.7666976212586611
Paleo,Paleo Carrot Hummus,Mediterranean,8.4,38.01,232.91,2022-10-16,17:26:27,0.22099447513812157,0.16319608432441715
Paleo,Paleo Shamrock Shake,American,7.82,43.51,58.32,2022-10-16,17:26:27,0.17972879797747646,0.7460562414266118
Paleo,Summer Squash Noodles with Skinny Garlic Butter recipes,Asian,9.62,19.66,26.36,2022-10-16,17:26:34,0.48931841302136314,0.7458270106221548
Paleo,Summer Squash Tomato Bake,American,22.49,72.05,38.26,2022-10-16,17:26:34,0.31214434420541287,1.8831677992681652
Paleo,Paleo Zuppa Toscana,Italian,57.87,253.19,103.32,2022-10-16,17:26:34,0.22856352936529878,2.450542005420054
Paleo,Paleo Chocolate Mousse,French,40.91,139.35,285.15,2022-10-16,17:26:34,0.2935773232866882,0.48869016307206736
Paleo,"Paleo ""Parmesan"" Cheese",Italian,39.27,40.29,71.93,2022-10-16,17:26:34,0.9746835443037976,0.5601279021270679
Paleo,Healthy Fettuccine Alfredo recipes,Italian,14.78,65.85,29.75,2022-10-16,17:26:34,0.22444950645406228,2.21344537815126
Paleo,Paleo Tortilla Chips,American,17.17,67.44,76.21,2022-10-16,17:26:34,0.2545966785290629,0.8849232384201549
Paleo,Paleo strawberry icecream,Italian,26.36,168.28,195.15,2022-10-16,17:26:34,0.15664368908961254,0.8623110427875993
Paleo,Paleo Cheese recipes,French,66.76,64.6,63.44,2022-10-16,17:26:34,1.0334365325077401,1.0182849936948297
Paleo,Perfect Paleo Burger,American,7.33,47.38,55.47,2022-10-16,17:26:34,0.1547066272688898,0.8541553993149451
Paleo,Killer Paleo Horseradish,American,2.83,27.14,1.66,2022-10-16,17:26:41,0.10427413411938098,16.34939759036145
Paleo,Paleo Peppermint Macaroons,French,11.77,64.05,54.94,2022-10-16,17:26:41,0.18376268540202967,1.1658172551874773
Paleo,Sesame Orange Vinaigrette,Chinese,5.61,46.24,58.25,2022-10-16,17:26:41,0.1213235294117647,0.7938197424892705
Paleo,Paleo Chicken Marsala,Italian,149.53,27.82,148.35,2022-10-16,17:26:41,5.37491013659238,0.1875294910684193
Paleo,Weight Watchers Beef Stew,French,275.18,230.52,62.63,2022-10-16,17:26:41,1.193735901440222,3.6806642184256746
Paleo,Paleo Grilled Salmon,Nordic,197.13,7.3,57.9,2022-10-16,17:26:41,27.004109589041096,0.12607944732297063
Paleo,Paleo Chocolate Pudding,British,11.97,127.01,58.87,2022-10-16,17:26:41,0.09424454767341155,2.1574656021742826
Paleo,Paleo Gnocchi recipes,Italian,6.22,102.72,3.7,2022-10-16,17:26:41,0.06055295950155763,27.76216216216216
Paleo,Paleo pumpkin pie,American,78.68,305.74,389.01,2022-10-16,17:26:41,0.2573428403218421,0.7859438060718233
Paleo,Tropical Paleo Popsicles,American,7.29,80.99,2.69,2022-10-16,17:26:41,0.0900111124830226,30.107806691449813
Paleo,"Paleo Steak Marinade (Paleo, GF + Sugar Free) recipes",American,2.9,27.16,27.62,2022-10-16,17:26:41,0.10677466863033873,0.9833454018826937
Paleo,Paleo Kale Salmon,Nordic,6.58,10.28,63.92,2022-10-16,17:26:48,0.6400778210116732,0.16082603254067582
Paleo,Paleo Sandwich Thins,American,31.76,91.98,24.72,2022-10-16,17:26:48,0.34529245488149596,3.7208737864077674
Paleo,Paleo Waldorf Salad,American,3.37,64.06,91.21,2022-10-16,17:26:48,0.05260693100218545,0.7023352702554545
Paleo,Paleo Shrimp Scampi,Chinese,298.21,35.88,30.01,2022-10-16,17:26:48,8.311315496098103,1.1956014661779406
Paleo,Paleo Chicken Marsala,Italian,303.12,28.89,81.2,2022-10-16,17:26:48,10.49221183800623,0.3557881773399015
Paleo,Apricot Bites Paleo,French,6.74,59.88,50.54,2022-10-16,17:26:48,0.11255845023380093,1.1848041155520381
Paleo,Paleo Spinach Crepes,Italian,32.03,90.8,30.21,2022-10-16,17:26:48,0.35275330396475774,3.005627275736511
Paleo,PALEO CREPES recipes,French,31.86,22.28,34.51,2022-10-16,17:26:48,1.4299820466786355,0.6456099681251811
Paleo,Moroccan Spice Blend,Middle Eastern,1.03,6.36,1.02,2022-10-16,17:26:48,0.1619496855345912,6.235294117647059
Paleo,Paleo Pumpkin Butter,American,2.84,55.05,9.82,2022-10-16,17:26:48,0.05158946412352407,5.605906313645621
Paleo,Paleo Tempura Asparagus,Japanese,40.84,30.73,146.81,2022-10-16,17:26:48,1.3289944679466321,0.20931816633744296
Paleo,Paleo Taco Soup,Mexican,187.46,30.42,23.91,2022-10-16,17:26:48,6.162393162393163,1.272271016311167
Paleo,Easy Chicken Marsala,Italian,107.08,36.05,48.9,2022-10-16,17:26:55,2.970319001386963,0.7372188139059305
Paleo,Easy Paleo Ketchup,Italian,7.52,47.99,0.81,2022-10-16,17:26:55,0.15669931235674098,59.24691358024691
Paleo,Paleo Hummus recipes,Mediterranean,28.06,49.03,93.44,2022-10-16,17:26:55,0.5723026718335712,0.5247217465753425
Paleo,Paleo Pumpkin Gnocchi,Mediterranean,28.38,154.13,79.81,2022-10-16,17:26:55,0.18413027963407513,1.9312116276155868
Paleo,Paleo Cauli Couscous,Middle Eastern,21.26,71.22,24.81,2022-10-16,17:26:55,0.2985116540297669,2.870616686819831
Paleo,Hawaiian Barbecue-Style Chicken Salad recipes,American,84.54,210.42,89.07,2022-10-16,17:26:55,0.4017678927858569,2.362411586392725
Paleo,Paleo Pumpkin Pie,American,76.56,180.96,184.22,2022-10-16,17:26:55,0.4230769230769231,0.9823037672348279
Paleo,Paleo Chocolate Milk,British,26.79,128.02,165.51,2022-10-16,17:26:55,0.20926417747226994,0.7734880067669628
Paleo,"Roasted Acorn Squash With Dates, Pumpkin Seeds And Goat Cheese",Mediterranean,26.37,221.01,51.73,2022-10-16,17:26:55,0.11931586806026878,4.272375797409627
Paleo,Gluten Free Chocolate Zucchini Muffins recipes,Mediterranean,69.91,125.55,157.81,2022-10-16,17:26:55,0.5568299482277976,0.7955769596350041
Paleo,Easy Paleo Falafel,Mediterranean,21.62,32.57,64.66,2022-10-16,17:26:55,0.6638010439054345,0.5037117228580267
Paleo,Paleo Blueberry Mousse,French,53.13,323.37,439.18,2022-10-16,17:26:55,0.16430095556174043,0.7363040211302883
Paleo,"Roasted Italian Sausages with Potatoes, Peppers, and Onions recipes",Italian,46.3,138.96,31.67,2022-10-16,17:26:55,0.3331894070236039,4.387748658035997
Paleo,Green Sorbet (Paleo),Mediterranean,7.16,119.64,1.93,2022-10-16,17:27:05,0.05984620528251421,61.98963730569948
Paleo,Paleo Carrot Souffle,American,32.67,119.89,137.81,2022-10-16,17:27:05,0.2724997914755192,0.8699658950729264
Paleo,Paleo Chocolate Pudding,British,30.5,91.77,123.75,2022-10-16,17:27:05,0.33235262068214017,0.7415757575757576
Paleo,Paleo Chicken Tenders,American,85.12,81.13,103.53,2022-10-16,17:27:05,1.0491803278688525,0.7836375929682217
Paleo,Loco Coco (paleo),American,32.1,84.86,183.44,2022-10-16,17:27:05,0.3782700919160971,0.46260357610117747
Paleo,Paleo Mini Quiche,French,88.06,14.19,45.71,2022-10-16,17:27:05,6.205778717406624,0.3104353533143732
Paleo,Apple Cider Poppyseed Salad recipes,Mediterranean,22.75,175.37,133.44,2022-10-16,17:27:05,0.12972572275759822,1.3142236211031175
Paleo,'PALEO' Pizza Base,Italian,28.69,131.07,105.15,2022-10-16,17:27:05,0.2188906691081102,1.2465049928673322
Paleo,Paleo Friendly Meatballs,Nordic,114.89,46.78,169.8,2022-10-16,17:27:05,2.4559640872167594,0.27550058892815077
Paleo,Paleo Fettuccine Alfredo,Italian,36.18,46.25,21.54,2022-10-16,17:27:05,0.7822702702702703,2.147168059424327
Paleo,Paleo Mushroom Soup,French,11.95,28.45,2.59,2022-10-16,17:27:05,0.42003514938488573,10.984555984555985
Paleo,Paleo Thanksgiving Stuffing,American,27.7,119.89,77.25,2022-10-16,17:27:05,0.2310451246976395,1.5519741100323625
Paleo,Pistachio Crusted Salmon with Green Curry recipes,Nordic,261.59,29.86,239.02,2022-10-16,17:27:05,8.76054922973878,0.12492678436950883
Paleo,Paleo Sausage Meatballs,Eastern Europe,73.38,51.45,142.07,2022-10-16,17:27:05,1.4262390670553935,0.36214542127120436
Paleo,Paleo Crepes recipes,French,27.22,68.05,50.0,2022-10-16,17:27:05,0.4,1.361
Paleo,Paleo Greek 'Rice',Mediterranean,13.09,44.48,56.22,2022-10-16,17:27:12,0.29428956834532377,0.7911775168979011
Paleo,Company Pot Roast recipes,French,350.05,176.53,240.25,2022-10-16,17:27:12,1.9829490738118167,0.7347762747138398
Paleo,Paleo Flatbread Recipe,American,31.91,120.79,25.97,2022-10-16,17:27:12,0.264177498137263,4.651135926068541
Paleo,Paleo Chex recipes,American,26.86,101.27,108.62,2022-10-16,17:27:12,0.2652315591981831,0.9323329037009758
Paleo,Paleo Breakfast Sandwich,American,20.23,14.22,49.8,2022-10-16,17:27:12,1.4226441631504922,0.28554216867469884
Paleo,Paleo Toffee & A Review of Paleo Indulgences Cookbook recipes,British,24.4,231.54,88.47,2022-10-16,17:27:12,0.10538135959229507,2.6171583587656833
Paleo,Paleo Squash Pesto,Italian,33.19,10.65,186.65,2022-10-16,17:27:12,3.1164319248826287,0.05705866595231717
Paleo,Paleo pizza crust,Italian,11.43,121.83,117.55,2022-10-16,17:27:12,0.09381925634080275,1.0364100382815824
Paleo,Paleo Mini Quiche,French,74.29,24.48,77.75,2022-10-16,17:27:12,3.0347222222222223,0.31485530546623797
Paleo,Paleo Hungarian Goulash,Central Europe,105.01,36.89,38.16,2022-10-16,17:27:12,2.8465708864190837,0.9667190775681342
Paleo,Paleo Curry Meatballs,Indian,16.42,34.1,89.05,2022-10-16,17:27:12,0.48152492668621705,0.38293093767546327
Paleo,Paleo Spinach Latkes,French,44.1,215.12,100.34,2022-10-16,17:27:12,0.2050018594272964,2.143910703607734
Paleo,Paleo Pesto Recipe,Italian,20.91,19.71,119.3,2022-10-16,17:27:12,1.060882800608828,0.16521374685666387
Paleo,Paleo Chicken Fingers,Eastern Europe,163.02,148.03,236.07,2022-10-16,17:27:12,1.1012632574478147,0.6270597704070827
Paleo,Paleo Primal Fudge,American,34.66,101.48,184.31,2022-10-16,17:27:18,0.34154513204572323,0.5505941077532418
Paleo,Paleo Cod Burgers,Nordic,92.92,30.26,8.57,2022-10-16,17:27:18,3.070720423000661,3.530921820303384
Paleo,Paleo Carrot Soup,American,26.79,115.76,119.4,2022-10-16,17:27:18,0.23142709053213545,0.9695142378559464
Paleo,Paleo Zucchini Hummus,Mediterranean,25.15,43.41,79.87,2022-10-16,17:27:18,0.5793595945634646,0.5435082008263428
Paleo,Paleo Zuppa Toscana,Italian,87.27,117.16,169.21,2022-10-16,17:27:18,0.7448787982246501,0.6923940665445304
Paleo,Homemade Paleo Ketchup,Italian,10.13,56.96,1.49,2022-10-16,17:27:18,0.17784410112359553,38.22818791946309
Paleo,Paleo Cassava Tortillas,Mediterranean,0.06,75.16,27.0,2022-10-16,17:27:18,0.0007982969664715274,2.783703703703704
Paleo,Paleo Tandoori Chicken,Indian,308.98,21.54,323.35,2022-10-16,17:27:18,14.344475394614673,0.06661512293180763
Paleo,Glazed Paleo Éclairs,American,11.94,115.46,16.76,2022-10-16,17:27:25,0.10341243720769097,6.889021479713603
Paleo,Paleo Tortillas recipes,Mediterranean,36.75,41.01,34.25,2022-10-16,17:27:25,0.8961228968544258,1.1973722627737227
Paleo,Paleo Chicken Parmesan,Italian,153.87,119.21,171.95,2022-10-16,17:27:25,1.290747420518413,0.6932829310846176
Paleo,Paleo Potato Salad,Mediterranean,41.57,430.55,555.11,2022-10-16,17:27:25,0.09655092323771919,0.7756120408567672
Paleo,Slow Cooker Stewed Rosemary Garlic Chicken,American,134.21,25.83,144.46,2022-10-16,17:27:25,5.195896244676733,0.17880382112695553
Paleo,Rice with Mushroom and Asparagus,French,23.57,101.25,25.44,2022-10-16,17:27:25,0.23279012345679012,3.979952830188679
Paleo,Paleo Dirty Rice,French,26.68,80.75,35.37,2022-10-16,17:27:25,0.33040247678018575,2.2830081990387336
Paleo,Paleo Ranch Seasoning,American,4.29,20.24,0.82,2022-10-16,17:27:25,0.21195652173913046,24.682926829268293
Paleo,Paleo Sangria recipes,World,2.87,110.03,0.69,2022-10-16,17:27:25,0.02608379532854676,159.46376811594203
Paleo,Paleo Fried Rice,Chinese,17.07,23.74,36.07,2022-10-16,17:27:25,0.7190395956192082,0.6581646797892985
Paleo,Primal Pizza Pie Layer Casserole,Italian,131.33,34.99,159.19,2022-10-16,17:27:25,3.753358102314947,0.2198002387084616
Paleo,Paleo Lemon Curd,French,24.82,161.28,132.63,2022-10-16,17:27:25,0.15389384920634921,1.2160144763628138
Paleo,Easy Make Ahead Paleo Gravy {paleo + vegan option},American,6.16,23.93,33.74,2022-10-16,17:27:25,0.2574174676138738,0.7092471843509187
Paleo,"Aunt Rocky’s Chorizo and Spaghetti Squash Casserole (Low Carb, Keto)",Italian,126.73,77.95,197.8,2022-10-16,17:27:31,1.62578576010263,0.3940849342770475
Paleo,Smoked Salmon Deviled Eggs,Nordic,72.44,9.31,228.93,2022-10-16,17:27:31,7.780880773361976,0.04066745293321103
Paleo,Paleo cauliflower puree,Mediterranean,14.68,49.71,47.87,2022-10-16,17:27:31,0.2953128143230738,1.0384374347190308
Paleo,Paleo Caesar Dressing,Mediterranean,20.16,9.07,497.18,2022-10-16,17:27:31,2.2227122381477398,0.018242889899030532
Paleo,Paleo Ginger??Snaps,Italian,95.94,152.11,226.9,2022-10-16,17:27:31,0.6307277628032344,0.6703834288232702
Paleo,Paleo Zuppa Toscana,Italian,179.75,261.94,425.47,2022-10-16,17:27:31,0.6862258532488357,0.6156485768679343
Paleo,Paleo Hummus recipes,Mediterranean,11.66,20.89,24.94,2022-10-16,17:27:31,0.5581617999042604,0.8376102646351242
Paleo,paleo banana bread,American,35.68,134.46,62.16,2022-10-16,17:27:31,0.26535772720511674,2.1631274131274134
Paleo,Paleo Turkey Meatballs,American,195.62,33.54,79.05,2022-10-16,17:27:31,5.832438878950507,0.42428842504743836
Paleo,Paleo Banana Muffins,American,85.78,200.52,260.37,2022-10-16,17:27:31,0.42778775184520246,0.7701348081576219
Paleo,Jamerican Paleo Burger,Nordic,98.81,32.99,64.72,2022-10-16,17:27:38,2.9951500454683235,0.509734239802225
Paleo,Paleo PIzza Crust,Italian,44.0,86.7,84.35,2022-10-16,17:27:38,0.5074971164936563,1.027860106698281
Paleo,Paleo Zucchini Burger,American,25.16,49.41,20.0,2022-10-16,17:27:38,0.5092086622141268,2.4705
Paleo,Paleo Meatballs recipes,French,170.29,21.84,190.17,2022-10-16,17:27:38,7.7971611721611715,0.11484461271493927
Paleo,Low Carb Broiled Asian Chicken Thighs recipes,Chinese,149.89,13.87,49.44,2022-10-16,17:27:38,10.80677721701514,0.280542071197411
Paleo,Clafoutis Paleo Gf,French,62.38,171.71,143.8,2022-10-16,17:27:38,0.3632869372779687,1.1940890125173853
Paleo,Whole30 Potato Salad recipes,Mediterranean,10.4,86.61,60.05,2022-10-16,17:27:38,0.12007851287380211,1.4422980849292257
Paleo,Paleo Greek Chicken,Mediterranean,103.21,8.28,120.13,2022-10-16,17:27:38,12.464975845410628,0.06892533089153417
Paleo,Paleo Crepes recipes,French,28.52,83.51,66.12,2022-10-16,17:27:38,0.34151598610944794,1.2630066545674532
Paleo,Spicy Avocado Shrimp Tower recipes,South American,7.46,24.73,87.84,2022-10-16,17:27:38,0.3016579053780833,0.2815346083788707
Paleo,Barilla Turkey Sausage Meatball Hero Subs + Giveaway,American,149.37,161.26,67.43,2022-10-16,17:27:38,0.9262681384100212,2.391517128874388
Paleo,Paleo Berry Cobbler,French,70.95,495.23,258.21,2022-10-16,17:27:45,0.1432667649375038,1.9179350141357812
Paleo,Paleo Cheesecake recipes,Mediterranean,46.61,112.79,239.75,2022-10-16,17:27:45,0.41324585512900075,0.4704483837330553
Paleo,Paleo Eggplant Meatballs,Eastern Europe,34.86,81.96,71.02,2022-10-16,17:27:45,0.4253294289897511,1.1540411151788228
Paleo,Paleo Chicken Strips,American,120.01,13.19,115.84,2022-10-16,17:27:45,9.098559514783927,0.11386395027624309
Paleo,Paleo Turkey Meatballs,American,142.25,147.48,353.72,2022-10-16,17:27:45,0.9645375644155141,0.416939952504806
Paleo,Paleo Chicken Tenders,American,79.75,175.06,81.41,2022-10-16,17:27:45,0.4555580943676454,2.1503500798427715
Paleo,Easy Pot Roast Crock Pot recipes,Chinese,323.19,230.68,74.72,2022-10-16,17:27:45,1.401031732269811,3.0872591006423984
Paleo,Paleo Peppermint Patties,American,26.8,227.58,233.46,2022-10-16,17:27:45,0.11776078741541436,0.9748136725777435
Paleo,Paleo Stuffed Peppers,Italian,212.2,126.47,233.63,2022-10-16,17:27:45,1.6778682691547402,0.5413260283354021
Paleo,Paleo Pita Chips,French,55.69,45.56,112.34,2022-10-16,17:27:45,1.222344161545215,0.40555456649457006
Paleo,Paleo Pulled Pork,American,363.86,41.0,258.48,2022-10-16,17:27:53,8.874634146341464,0.15861962240792324
Paleo,Paleo Sesame Pasta,Italian,35.12,70.83,237.2,2022-10-16,17:27:53,0.49583509812226456,0.2986087689713322
Paleo,Paleo White Christmas,Mediterranean,34.52,80.74,102.14,2022-10-16,17:27:53,0.42754520683676006,0.7904836498923046
Paleo,Paleo Salisbury Steak,British,200.74,47.0,170.27,2022-10-16,17:27:53,4.271063829787234,0.27603218417807013
Paleo,Paleo Taco Bowl,Mexican,21.47,11.82,26.3,2022-10-16,17:27:53,1.8164128595600675,0.4494296577946768
Paleo,Crockpot Drumsticks | Paleo,American,125.17,37.02,62.51,2022-10-16,17:27:53,3.381145326850351,0.5922252439609663
Paleo,Blueberry Cobbler {Paleo},American,34.41,144.65,130.08,2022-10-16,17:27:53,0.23788454891116484,1.1120079950799506
Paleo,Yummy Paleo Flatbread,American,7.16,5.48,11.53,2022-10-16,17:27:53,1.3065693430656933,0.4752818733738075
Paleo,Paleo Pizza Crust,Italian,56.89,154.26,135.9,2022-10-16,17:27:53,0.3687929469726436,1.1350993377483443
Paleo,Paleo Baked Chicken,American,293.67,43.68,141.43,2022-10-16,17:27:53,6.7232142857142865,0.30884536519833133
Paleo,Paleo guacamole recipe,Mexican,4.98,22.1,29.73,2022-10-16,17:27:53,0.2253393665158371,0.7433568785738311
Paleo,Pumpkin Dutch Baby,Central Europe,51.94,78.05,132.72,2022-10-16,17:27:53,0.6654708520179372,0.5880801687763713
Paleo,Paleo Peach Crisp,American,39.58,126.88,97.83,2022-10-16,17:27:53,0.3119482976040353,1.296943677808443
Paleo,Paleo chicken Marsala,Italian,81.21,14.37,100.85,2022-10-16,17:27:53,5.651356993736952,0.14248884481903817
Paleo,Salmon Cobb Salad,Nordic,86.32,52.34,193.65,2022-10-16,17:27:59,1.649216660298051,0.270281435579654
Paleo,PALEO PULLED PORK,American,240.95,21.38,170.76,2022-10-16,17:27:59,11.269878391019645,0.12520496603420006
Paleo,Paleo Coleslaw recipes,Mediterranean,8.05,49.05,89.95,2022-10-16,17:27:59,0.16411824668705405,0.5453029460811561
Paleo,Paleo Braised Cabbage,French,21.85,113.36,69.95,2022-10-16,17:27:59,0.19274876499647142,1.6205861329521085
Paleo,Paleo Cauliflower Tabouli,Middle Eastern,9.04,30.15,28.7,2022-10-16,17:27:59,0.2998341625207297,1.0505226480836236
Paleo,Paleo Gyros recipes,Mediterranean,156.23,22.07,197.86,2022-10-16,17:27:59,7.078840054372451,0.11154351561710299
Paleo,Paleo Carrot Cake,American,28.87,176.52,124.04,2022-10-16,17:27:59,0.1635508724223884,1.4230893260238633
Paleo,Paleo Sandwich Bread,Nordic,82.9,96.1,203.88,2022-10-16,17:27:59,0.86264308012487,0.47135569943103783
Paleo,Paleo Carrot Cake,British,56.59,372.24,166.67,2022-10-16,17:27:59,0.15202557489791532,2.2333953320933584
Paleo,Everyday Paleo Meatloaf,American,222.77,73.67,180.94,2022-10-16,17:27:59,3.0238903217049002,0.40715154194760694
Paleo,Paleo Chicken Tacos,Mexican,88.54,25.39,90.34,2022-10-16,17:27:59,3.4871996849153213,0.28104936905025457
Paleo,Paleo Whole30 Meatballs,Italian,49.65,25.33,31.86,2022-10-16,17:28:06,1.9601263324121596,0.7950408035153798
Paleo,Grilled Cilantro Lime Chicken recipes,Mediterranean,137.17,20.55,43.28,2022-10-16,17:28:06,6.674939172749391,0.474815157116451
Paleo,"5-Min Microwave Paleo Chocolate Cake Recipe [Paleo, GF]",American,14.34,43.94,44.76,2022-10-16,17:28:06,0.32635411925352753,0.9816800714924039
Paleo,Broiled Paleo Burger,American,147.0,98.03,245.1,2022-10-16,17:28:06,1.4995409568499438,0.3999592003263974
Paleo,Paleo Cabbage Hash,French,94.84,47.81,54.27,2022-10-16,17:28:06,1.9836854214599455,0.8809655426570849
Paleo,Paleo Vanilla Wafers,American,54.39,171.17,173.06,2022-10-16,17:28:06,0.3177542793713852,0.9890789321622557
Paleo,Paleo Strawberry Sundae,American,78.6,428.36,388.56,2022-10-16,17:28:06,0.1834905219908488,1.1024294832200947
Paleo,Paleo Lamingtons recipes,French,57.82,215.83,226.98,2022-10-16,17:28:06,0.2678960292823055,0.9508767292272448
Paleo,Paleo Fudgy Brownies,French,82.58,181.14,215.9,2022-10-16,17:28:06,0.4558904714585404,0.838999536822603
Paleo,Crock Pot Chile Verde,Mexican,201.78,29.12,81.49,2022-10-16,17:28:06,6.929258241758242,0.35734445944287646
Paleo,Paleo Zucchini Hummus,Mediterranean,13.47,25.56,47.07,2022-10-16,17:28:06,0.5269953051643192,0.5430210325047801
Paleo,Paleo Venison Burgers,French,108.33,30.05,39.3,2022-10-16,17:28:06,3.6049916805324456,0.7646310432569975
Paleo,Paleo Pumpkin Scones,British,99.59,336.0,235.0,2022-10-16,17:28:13,0.29639880952380954,1.4297872340425533
Paleo,Paleo Chocolate Pudding,British,19.89,122.56,101.95,2022-10-16,17:28:13,0.1622878590078329,1.202157920549289
Paleo,Paleo Orange Chicken,French,110.54,52.28,39.95,2022-10-16,17:28:13,2.1143840856924254,1.3086357947434293
Paleo,Paleo Hamburger Soup,Nordic,140.81,255.09,63.29,2022-10-16,17:28:13,0.5520012544592104,4.03049454890188
Paleo,Paleo Honey Cake,Kosher,87.32,258.25,207.98,2022-10-16,17:28:13,0.3381219748305905,1.2417059332628138
Paleo,Paleo Fried Chicken,American,208.66,32.76,375.11,2022-10-16,17:28:13,6.36935286935287,0.08733438191463837
Paleo,Tasty Paleo Borscht,Nordic,15.58,86.02,25.4,2022-10-16,17:28:13,0.18112066961171822,3.3866141732283466
Paleo,Delicious Paleo Meatballs,American,196.24,26.33,247.65,2022-10-16,17:28:13,7.453095328522599,0.1063194023823945
Paleo,Paleo Zuppa Toscana,Italian,123.43,124.25,194.74,2022-10-16,17:28:13,0.993400402414487,0.6380301941049604
Paleo,Gluten-Free Buckwheat Blinis with All the Fixings,Eastern Europe,38.05,140.05,129.25,2022-10-16,17:28:13,0.27168868261335233,1.083558994197292
Paleo,Paleo Asian Meatballs,Indian,155.39,13.86,206.43,2022-10-16,17:28:13,11.21139971139971,0.06714140386571718
Paleo,Paleo Coffee Creamer,French,10.48,183.87,47.85,2022-10-16,17:28:13,0.05699679121118181,3.8426332288401253
Paleo,Paleo Cantaloupe Custard,French,18.09,77.28,73.54,2022-10-16,17:28:13,0.23408385093167702,1.050856676638564
Paleo,Paleo Bunny Bites,American,39.14,114.78,142.85,2022-10-16,17:28:13,0.3410001742463844,0.8035001750087505
Paleo,Paleo Fettuccine Alfredo,Italian,69.5,237.82,25.43,2022-10-16,17:28:19,0.2922378269279287,9.351946519858435
Paleo,Paleo Pie Crust,American,49.41,83.14,129.24,2022-10-16,17:28:19,0.5942987731537166,0.6432992881460847
Paleo,Paleo Paella recipes,Mediterranean,114.28,67.22,23.74,2022-10-16,17:28:19,1.7000892591490628,2.83150800336984
Paleo,Paleo Pita Crisps,Mediterranean,52.77,543.93,1094.53,2022-10-16,17:28:19,0.09701616016766865,0.49695303006770025
Paleo,Paleo Chocolate Pudding,British,38.41,187.18,204.57,2022-10-16,17:28:19,0.20520354738754137,0.9149924231314465
Paleo,"Paleo Baked Apples with Pecan Crumble (Paleo, Primal, GAPS)",American,17.04,196.36,153.33,2022-10-16,17:28:19,0.08677938480342227,1.2806365355768603
Paleo,Paleo Chicken Piccata,Italian,114.48,38.79,146.83,2022-10-16,17:28:19,2.9512761020881673,0.2641830688551386
Paleo,Paleo Pizza Quiches,Italian,68.7,16.57,86.7,2022-10-16,17:28:19,4.146047073023537,0.191118800461361
Paleo,Paleo Meatballs recipes,French,94.91,9.62,62.19,2022-10-16,17:28:19,9.865904365904367,0.15468724875381892
Paleo,Gluten Free Caramelized Onion Gravy,Eastern Europe,2.91,52.72,54.94,2022-10-16,17:28:19,0.055197268588770866,0.9595922824899891
Paleo,Pineapple Muffins (Paleo),British,78.26,90.12,180.1,2022-10-16,17:28:19,0.8683976919662673,0.500388672959467
Paleo,“Pho” Slow Cooker Pulled Pork Sandwiches recipes,American,284.71,240.0,268.1,2022-10-16,17:28:19,1.1862916666666665,0.8951883625512868
Paleo,PALEO BEEF JERKY,American,259.42,103.71,96.66,2022-10-16,17:28:19,2.501398129399287,1.0729360645561763
Paleo,Paleo Venison Stroganoff,Eastern Europe,171.5,59.19,132.4,2022-10-16,17:28:19,2.8974488933941545,0.44705438066465253
Paleo,Paleo Mushroom Risotto,Italian,27.18,92.53,59.88,2022-10-16,17:28:26,0.29374256997730464,1.5452571810287241
Paleo,Paleo Skillet Frittata,Italian,95.19,51.98,103.55,2022-10-16,17:28:26,1.8312812620238554,0.5019797199420569
Paleo,Paleo Pig Burger,French,215.41,54.5,248.86,2022-10-16,17:28:26,3.9524770642201834,0.21899863376999115
Paleo,Paleo Salmon Slaw,Nordic,165.67,25.68,200.27,2022-10-16,17:28:26,6.451323987538941,0.12822689369351375
Paleo,Paleo Banana Muffins,British,101.95,204.31,286.85,2022-10-16,17:28:26,0.49899662277911017,0.7122537911800593
Paleo,Paleo Chocolate Chippers,French,286.58,822.4,979.01,2022-10-16,17:28:26,0.3484678988326848,0.8400322775048263
Paleo,Paleo Cashews Fudge,French,50.26,225.6,141.56,2022-10-16,17:28:26,0.22278368794326242,1.5936705283978525
Paleo,Paleo Pumpkin Pie,American,46.99,331.12,136.78,2022-10-16,17:28:26,0.14191229765643876,2.4208217575668955
Paleo,Paleo Gingersnaps recipes,British,43.14,289.83,136.28,2022-10-16,17:28:26,0.14884587516820205,2.1267243909597884
Paleo,Paleo pepperoni pizza,Italian,66.53,212.2,71.37,2022-10-16,17:28:26,0.3135249764373233,2.973238055205268
Paleo,Paleo-ish Sangria,World,7.08,110.19,1.18,2022-10-16,17:28:26,0.06425265450585353,93.38135593220339
Paleo,Paleo Strawberry Crumble,British,14.7,154.05,64.63,2022-10-16,17:28:33,0.09542356377799414,2.3835680024756307
Paleo,Paleo Lemon Bars,American,33.65,272.71,143.06,2022-10-16,17:28:33,0.12339114810604672,1.9062631063889275
Paleo,Paleo Gingersnaps recipes,British,76.06,245.59,206.39,2022-10-16,17:28:33,0.3097031638096014,1.1899316827365667
Paleo,Paleo Banana Loaf,British,65.05,169.97,121.5,2022-10-16,17:28:33,0.38271459669353414,1.3989300411522634
Paleo,Paleo Energy Bites,French,40.56,182.5,183.14,2022-10-16,17:28:33,0.22224657534246578,0.996505405700557
Paleo,Paleo Cake – recipes,American,54.06,199.51,244.21,2022-10-16,17:28:33,0.27096386146057844,0.816960812415544
Paleo,Paleo Chocolate Cake,American,59.12,213.93,153.54,2022-10-16,17:28:33,0.2763520777824522,1.3933177022274328
Paleo,Beef Curry (Paleo),South East Asian,112.87,76.07,111.59,2022-10-16,17:28:33,1.483764953332457,0.6816919078770498
Paleo,Paleo Chicken Nuggets,American,175.8,40.7,158.93,2022-10-16,17:28:33,4.319410319410319,0.25608758572956647
Paleo,Salmon With Lemon And Ginger Marinade recipes,Nordic,95.45,20.67,88.85,2022-10-16,17:28:33,4.617803580067731,0.23263927968486217
Paleo,Paleo Shrimp Scampi,Chinese,94.63,21.46,12.7,2022-10-16,17:28:33,4.4095992544268405,1.6897637795275593
Paleo,Paleo Coffee Cake,American,67.02,311.15,242.85,2022-10-16,17:28:33,0.21539450425839626,1.2812435659872348
Paleo,Paleo Sandwich Bread,Nordic,82.9,96.1,203.88,2022-10-16,17:28:33,0.86264308012487,0.47135569943103783
Paleo,Paleo/Keto Pizza,Italian,78.8,24.95,119.75,2022-10-16,17:28:40,3.158316633266533,0.20835073068893528
Paleo,Paleo Chicken Parma,Italian,178.18,285.14,271.06,2022-10-16,17:28:40,0.6248860209020131,1.051944218992105
Paleo,Creamy Paleo Fudge,American,16.83,232.82,253.79,2022-10-16,17:28:40,0.0722876041577184,0.9173726309153237
Paleo,Paleo Steak Diane,American,63.68,8.04,82.25,2022-10-16,17:28:40,7.920398009950249,0.09775075987841944
Paleo,"Slow Cooker Chicken Pot Pie (Gluten-Free, Dairy-Free) recipes",American,245.93,128.16,72.98,2022-10-16,17:28:40,1.9189294631710363,1.7560975609756095
Paleo,Chicken Creole,American,83.36,39.13,45.01,2022-10-16,17:28:40,2.130334781497572,0.8693623639191291
Paleo,Paleo Lemon Cake,Italian,14.61,187.9,38.98,2022-10-16,17:28:40,0.07775412453432676,4.820420728578759
Paleo,Paleo Shrimp Scampi,Chinese,94.64,21.55,12.71,2022-10-16,17:28:40,4.391647331786543,1.6955153422501967
Paleo,Strawberry Paleo Galette,French,5.97,13.82,5.75,2022-10-16,17:28:40,0.43198263386396524,2.4034782608695653
Paleo,Val's Paleo Ketchup,Italian,10.16,83.67,1.52,2022-10-16,17:28:46,0.12142942512250508,55.046052631578945
Paleo,Deviled Eggs with Garlic and Parsley | Healthy Natural,French,40.66,7.92,76.44,2022-10-16,17:28:46,5.133838383838383,0.10361067503924647
Paleo,Paleo Spaghetti Carbonara,Italian,80.93,46.8,198.95,2022-10-16,17:28:46,1.7292735042735046,0.23523498366423726
Paleo,Paleo Chicken Veloute,American,258.98,696.3,234.84,2022-10-16,17:28:46,0.37193738331179094,2.964997445068983
Paleo,Paleo Chili recipes,American,292.46,96.19,138.73,2022-10-16,17:28:46,3.0404407942613574,0.6933612052187703
Paleo,Paleo Zucchini Fritters,South East Asian,18.02,39.43,10.15,2022-10-16,17:28:46,0.4570124270859751,3.8847290640394085
Paleo,Paleo Taco Salad,Mexican,96.83,93.25,232.5,2022-10-16,17:28:46,1.0383914209115281,0.4010752688172043
Paleo,Paleo Beef Stew,American,234.83,145.29,51.71,2022-10-16,17:28:46,1.61628467203524,2.8097079868497388
Paleo,"Paleo Shrimp Linguini (Gluten Free, Grain Free, Paleo)",Italian,43.06,33.92,55.64,2022-10-16,17:28:46,1.2694575471698113,0.6096333572969087
Paleo,Paleo Salmon Croquette,Nordic,41.97,40.54,51.19,2022-10-16,17:28:46,1.0352738036507154,0.7919515530377027
Paleo,Paleo Berry Crumble,French,86.07,236.88,212.25,2022-10-16,17:28:46,0.36334853090172237,1.1160424028268552
Paleo,Gluten-Free Buckwheat Blinis with All the Fixings recipes,Eastern Europe,38.05,140.05,129.25,2022-10-16,17:28:46,0.27168868261335233,1.083558994197292
Paleo,Paleo Pizza Crust,Italian,53.81,81.55,122.71,2022-10-16,17:28:46,0.6598405885959534,0.6645750142612664
Paleo,Paleo Antipasto Salad,Italian,24.91,44.96,95.18,2022-10-16,17:28:46,0.5540480427046264,0.47236814456818654
Paleo,Paleo Cowboy Chili,American,161.78,90.59,208.39,2022-10-16,17:28:46,1.7858483276299812,0.4347137578578627
Paleo,Paleo Elk Chili,American,286.03,110.86,231.19,2022-10-16,17:28:53,2.580101028324012,0.4795190103378174
Paleo,Paleo Christmas Pudding,British,68.83,427.12,256.43,2022-10-16,17:28:53,0.16114909159018542,1.665639745739578
Paleo,Fudgy Paleo Brownies,French,53.12,237.39,247.94,2022-10-16,17:28:53,0.22376679725346477,0.9574493829152214
Paleo,Paleo Stuffed Cabbage,Middle Eastern,229.77,232.27,217.06,2022-10-16,17:28:53,0.9892366642269772,1.0700727909333825
Paleo,{Paleo} Broccoli Salad,American,23.77,43.62,96.87,2022-10-16,17:28:53,0.5449335167354424,0.4502942087333539
Paleo,Paleo Gingerbread Cake,American,87.36,174.46,247.75,2022-10-16,17:28:53,0.5007451564828613,0.7041775983854692
Paleo,Gluten Free Easy Herbed Chicken and Biscui,French,78.65,58.36,94.28,2022-10-16,17:28:53,1.3476696367374916,0.6190072125583369
Paleo,Paleo Coffee Cake,American,81.97,94.52,200.18,2022-10-16,17:28:53,0.8672238679644519,0.4721750424617844
Paleo,Paleo Blueberry Bars,American,92.97,1628.09,195.87,2022-10-16,17:28:53,0.057103722767168894,8.312094756726399
Paleo,Onion Bacon Rosemary Dip (with Dairy Free Option) recipes,American,22.71,47.18,208.94,2022-10-16,17:28:53,0.48134802882577366,0.22580645161290322
Paleo,Paleo Watercress Soup,French,43.8,86.63,107.0,2022-10-16,17:28:53,0.5055985224518065,0.809626168224299
Paleo,Paleo Beef Stroganoff,Eastern Europe,109.57,33.41,183.38,2022-10-16,17:29:00,3.27955701885663,0.18218998800305375
Paleo,Harvest Stuffed Sweet Potatoes,American,12.23,186.71,24.24,2022-10-16,17:29:00,0.06550265117026405,7.702557755775579
Paleo,Paleo Seafood Chili,American,111.9,73.58,24.01,2022-10-16,17:29:00,1.5207936939385704,3.064556434818825
Paleo,Paleo Empanadas recipes,South American,100.52,258.19,107.18,2022-10-16,17:29:00,0.3893256903830512,2.408938234745288
Paleo,Paleo Blueberry Muffins,British,156.8,770.8,251.17,2022-10-16,17:29:00,0.20342501297353402,3.068837838913883
Paleo,Paleo banana muffins,American,71.16,171.09,198.55,2022-10-16,17:29:00,0.4159214448535858,0.8616973054646184
Paleo,Blueberry Almond Chicken Salad,American,99.12,36.69,135.75,2022-10-16,17:29:00,2.7015535568274736,0.2702762430939226
Paleo,Paleo Lettuce Wraps,American,108.99,45.41,90.71,2022-10-16,17:29:00,2.4001321294868974,0.5006063278580091
Paleo,Paleo Crab Cakes,Eastern Europe,103.0,18.43,63.56,2022-10-16,17:29:00,5.588714053174173,0.289962240402769
Paleo,Paleo Orange Chicken,French,97.53,54.15,60.35,2022-10-16,17:29:00,1.8011080332409972,0.8972659486329743
Paleo,Paleo Popcorn Chicken,American,109.81,264.74,208.88,2022-10-16,17:29:00,0.4147843166880713,1.2674262734584452
Paleo,Paleo Seafood Chowder,American,233.41,204.85,214.69,2022-10-16,17:29:00,1.1394190871369294,0.9541664725883833
Paleo,Paleo Spicy Chili,American,194.54,99.84,119.95,2022-10-16,17:29:00,1.948517628205128,0.8323468111713214
Paleo,Paleo Ketchup recipes,Italian,11.34,225.53,1.71,2022-10-16,17:29:00,0.05028155899436882,131.88888888888889
Paleo,Paleo sandwich bread,Nordic,75.03,110.71,150.27,2022-10-16,17:29:07,0.6777165567699396,0.7367405337059958
Paleo,Paleo Chicken Soup,American,240.89,79.86,89.39,2022-10-16,17:29:07,3.016403706486351,0.8933885222060634
Paleo,Paleo Tortillas recipes,Mediterranean,25.82,82.77,77.45,2022-10-16,17:29:07,0.3119487737102815,1.0686894770819884
Paleo,Paleo Fajita Meatza,Mexican,284.13,139.22,256.16,2022-10-16,17:29:07,2.0408705645740555,0.5434884447220487
Paleo,Paleo Pumpkin Blondies,American,64.63,236.43,169.61,2022-10-16,17:29:07,0.27335786490716063,1.39396262012853
Paleo,Paleo Cashew Chicken,Mediterranean,108.97,137.78,144.37,2022-10-16,17:29:07,0.7908985338946146,0.9543533975202604
Paleo,paleo stuffed peppers,Italian,135.82,90.19,170.12,2022-10-16,17:29:07,1.5059319214990574,0.5301551845755936
Paleo,Paleo Pizza Soup,Italian,99.14,770.63,116.36,2022-10-16,17:29:07,0.12864798930744975,6.622808525266414
Paleo,Sweet Potato Salad recipes,South American,41.38,110.47,169.99,2022-10-16,17:29:07,0.3745813342989047,0.6498617565739161
Paleo,Paleo Spaghetti Bake,Italian,102.94,90.53,142.52,2022-10-16,17:29:07,1.1370816303987628,0.6352090934605669
Paleo,Paleo Plantain Falafel,South American,14.12,87.17,14.09,2022-10-16,17:29:07,0.16198233337157278,6.186657203690561
Paleo,Paleo Tuna Burgers,American,120.05,17.93,85.49,2022-10-16,17:29:07,6.695482431678751,0.20973213241314775
Paleo,Paleo Chilli Bowl,Italian,20.04,81.07,10.95,2022-10-16,17:29:07,0.2471937831503639,7.403652968036529
Paleo,Paleo Spaghetti recipes,Italian,102.38,62.87,111.67,2022-10-16,17:29:07,1.6284396373469063,0.5629981194591206
Paleo,Paleo Banana Bread,American,46.7,127.5,94.72,2022-10-16,17:29:07,0.36627450980392157,1.346072635135135
Paleo,No-Fail Paleo Mayo,Mediterranean,5.47,1.61,220.1,2022-10-16,17:29:07,3.39751552795031,0.007314856883234894
Paleo,Paleo Moroccan Chicken,Middle Eastern,238.78,80.5,216.52,2022-10-16,17:29:13,2.9662111801242235,0.3717901348605209
Paleo,Paleo Dump Soup,American,192.42,107.77,55.62,2022-10-16,17:29:13,1.7854690544678482,1.9376123696512046
Paleo,PALEO CHICKEN NUGGETS,American,112.16,38.87,111.23,2022-10-16,17:29:13,2.8855158219706714,0.34945608199226824
Paleo,Paleo Chili recipes,American,259.74,188.02,173.73,2022-10-16,17:29:13,1.3814487820444634,1.0822540724112129
Paleo,Paleo Banana Bread,American,63.87,79.46,151.21,2022-10-16,17:29:13,0.803800654417317,0.5254943456120627
Paleo,Paleo Artichoke Bruschetta,Mediterranean,14.74,50.52,54.99,2022-10-16,17:29:13,0.2917656373713381,0.9187124931805783
Paleo,Paleo Pizza recipes,Italian,95.14,122.74,168.95,2022-10-16,17:29:13,0.7751344305035034,0.7264871263687481
Paleo,Paleo Seafood Gumbo,American,211.09,117.5,66.52,2022-10-16,17:29:13,1.7965106382978724,1.7663860493084789
Paleo,Zesty Paleo Meatloaf,American,255.56,60.15,128.16,2022-10-16,17:29:13,4.248711554447215,0.4693352059925094
Paleo,Paleo Southwest Meatloaf,American,146.75,48.65,198.36,2022-10-16,17:29:13,3.0164439876670093,0.24526114135914495
Paleo,5-Ingredient Low Carb Clam Chowder (Gluten-free) recipes,American,114.23,68.24,103.49,2022-10-16,17:29:13,1.6739449003517,0.6593873804232293
Paleo,Ropa Vieja Paleo,Caribbean,165.47,187.81,89.37,2022-10-16,17:29:13,0.8810499973377349,2.101488195143784
Paleo,Paleo Pasta Bolognese,Italian,162.8,223.06,125.13,2022-10-16,17:29:20,0.7298484712633373,1.7826260688883562
Paleo,Cuban Vaca Frita recipes,Caribbean,196.62,28.07,103.81,2022-10-16,17:29:20,7.004631278945493,0.27039784221173296
Paleo,Paleo Dirty Rice,Caribbean,16.24,49.41,18.3,2022-10-16,17:29:20,0.3286784051811374,2.6999999999999997
Paleo,Paleo Chicken Marsala,Italian,329.35,110.0,248.22,2022-10-16,17:29:20,2.994090909090909,0.4431552654902909
Paleo,"Paleo Salmon Meal Prep Bowls (Paleo, AIP, Whole30)",Nordic,266.24,71.73,204.75,2022-10-16,17:29:20,3.711696640178447,0.35032967032967033
Paleo,Honey Garlic Glazed Pork Chops recipes,American,113.13,126.15,46.69,2022-10-16,17:29:20,0.8967895362663495,2.7018633540372674
Paleo,Paleo Profiteroles recipes,French,33.0,201.88,241.51,2022-10-16,17:29:20,0.16346344362987913,0.8359074158419941
Paleo,paleo meatloaf with apples,American,95.89,31.49,39.27,2022-10-16,17:29:20,3.045093680533503,0.8018843901196842
Paleo,Paleo Vegetable Curry,South East Asian,34.06,129.1,103.3,2022-10-16,17:29:20,0.26382649109217665,1.249757986447241
Paleo,Paleo Broccoli Slaw,Italian,32.48,57.74,155.95,2022-10-16,17:29:20,0.5625216487703498,0.3702468739980763
Paleo,Paleo Pizza recipes,Italian,34.44,206.25,101.83,2022-10-16,17:29:20,0.16698181818181818,2.0254345477757045
Paleo,Paleo Tuna Patties,American,121.47,55.66,73.88,2022-10-16,17:29:20,2.1823571685231764,0.7533838657282079
Paleo,Bacon-Ranch Meatloaf recipes,American,188.15,36.64,270.76,2022-10-16,17:29:20,5.1350982532751095,0.13532279509528736
Paleo,Paleo Caesar Salad,American,54.23,296.63,184.04,2022-10-16,17:29:20,0.18282034858240906,1.6117691806129102
Paleo,PALEO LASAGNA SOUP,Italian,213.64,480.19,167.62,2022-10-16,17:29:27,0.44490722422374473,2.864753609354492
Paleo,"Instant Pot Paleo Beef and Broccoli {Whole30, Paleo, GF}",Nordic,192.22,71.34,126.24,2022-10-16,17:29:27,2.6944210821418557,0.5651140684410647
Paleo,Lemon Herb Garlic Chicken,Mediterranean,229.75,32.4,304.84,2022-10-16,17:29:27,7.09104938271605,0.10628526440099725
Paleo,Paleo Picadillo recipes,Mediterranean,167.32,112.61,221.8,2022-10-16,17:29:27,1.4858360713968564,0.5077096483318304
Paleo,"Tayste of Paleo, Paleo Brussel Sprout, Kale & Peach Salad",Mediterranean,68.84,47.85,21.84,2022-10-16,17:29:27,1.438662486938349,2.190934065934066
Paleo,Farmhouse Paleo Meatloaf,American,172.13,31.99,190.52,2022-10-16,17:29:27,5.38074398249453,0.1679088809573798
Paleo,Chicken Salad with Apples and Almonds recipes,American,240.46,40.33,201.22,2022-10-16,17:29:27,5.9623109347879995,0.20042739290328992
Paleo,Creamy Pumpkin Sausage & Kale Soup recipes,American,107.08,92.09,76.81,2022-10-16,17:29:27,1.1627755456618525,1.1989324306730895
Paleo,Paleo Chicken Casserole,Italian,69.22,63.43,112.03,2022-10-16,17:29:27,1.0912817278890115,0.5661876283138445
Paleo,Paleo Chili recipes,American,141.21,108.72,141.23,2022-10-16,17:29:27,1.2988410596026492,0.7698081144232812
Paleo,100 Calorie Paleo Crepes,French,15.86,103.19,13.94,2022-10-16,17:29:27,0.15369706366896016,7.402439024390244
Paleo,Thai Green Curry Guacamole recipes,South East Asian,14.23,100.98,68.13,2022-10-16,17:29:27,0.14091899386017032,1.4821664464993396
Paleo,Paleo Enchiladas recipes,Mexican,147.34,107.16,233.4,2022-10-16,17:29:27,1.3749533407988055,0.45912596401028277
Paleo,Gluten-Free “Pho” Slow Cooker Pulled Pork Sandwiches,South East Asian,360.56,239.96,323.42,2022-10-16,17:29:27,1.50258376396066,0.7419454579184961
Paleo,Paleo Stuffed Peppers,Italian,166.76,254.78,178.21,2022-10-16,17:29:27,0.654525472957061,1.4296616351495426
Paleo,5 Minute Paleo Sorbet,Italian,5.57,53.23,36.58,2022-10-16,17:29:34,0.1046402404659027,1.4551667577911427
Paleo,Paleo Lamb Stew,Mediterranean,160.18,61.01,224.54,2022-10-16,17:29:34,2.6254712342238977,0.2717110537098067
Paleo,Paleo Pumpkin Chili,American,95.99,127.2,111.62,2022-10-16,17:29:34,0.7546383647798741,1.1395807203010213
Paleo,April’s Spicy Pumpkin Soup,American,15.46,181.09,63.21,2022-10-16,17:29:34,0.08537191451764316,2.8648947951273533
Paleo,Chicken Marbella recipes,Mediterranean,185.47,111.73,130.32,2022-10-16,17:29:34,1.6599838897341805,0.8573511356660529
Paleo,4 Ingredient Paleo Crêpes,French,15.37,56.89,83.58,2022-10-16,17:29:34,0.2701705044823343,0.6806652309164872
Paleo,Hearty Paleo Chili,American,107.05,97.55,65.79,2022-10-16,17:29:34,1.097385955920041,1.4827481380148957
Paleo,Chocolate Paleo Chili,American,183.19,98.27,215.87,2022-10-16,17:29:34,1.8641497913910654,0.45522768332792884
Paleo,Paleo Samosa recipes,Mediterranean,50.45,292.24,104.86,2022-10-16,17:29:34,0.17263208321927184,2.7869540339500287
Paleo,Spicy Salmon Cakes,Nordic,111.33,1.41,90.55,2022-10-16,17:29:34,78.95744680851064,0.015571507454445058
Paleo,Paleo cherry ripe,French,68.86,567.7,328.48,2022-10-16,17:29:34,0.12129645939756913,1.728263516804676
Paleo,Paleo Italian Meatballs,Italian,285.68,142.68,253.66,2022-10-16,17:29:34,2.0022427810485,0.5624852164314437
Paleo,Paleo Chipotle Chili,American,180.36,96.73,204.05,2022-10-16,17:29:34,1.864571487646025,0.47405047782406273
Paleo,BBQ Chicken Sweet Potato Skins recipes,American,119.62,218.24,135.41,2022-10-16,17:29:40,0.5481121700879765,1.611697806661251
Paleo,Paleo Vindaloo recipes,Indian,321.93,336.61,105.04,2022-10-16,17:29:40,0.9563886990879653,3.2045887281035794
Paleo,Paleo Chicken Mole,Italian,97.24,71.3,142.43,2022-10-16,17:29:40,1.3638148667601684,0.5005967843853121
Paleo,Dreamy Hasselback Apples recipes,American,11.22,80.87,53.86,2022-10-16,17:29:40,0.13874118956349696,1.5014853323431119
Paleo,Paleo Hamburger Soup,American,140.59,254.11,63.22,2022-10-16,17:29:40,0.5532643343433946,4.0194558683960775
Paleo,Paleo Jambalaya recipes,American,127.08,67.44,41.11,2022-10-16,17:29:40,1.8843416370106763,1.6404767696424227
Paleo,Paleo Pad Thai,South East Asian,66.62,69.34,59.48,2022-10-16,17:29:40,0.9607730025959043,1.1657700067249497
Paleo,Paleo Orange Beef,Mediterranean,219.95,316.31,165.19,2022-10-16,17:29:40,0.6953621447314343,1.914825352624251
Paleo,Paleo Mini Meatloaves,Middle Eastern,231.55,43.61,295.86,2022-10-16,17:29:40,5.309562027058014,0.1474007976745758
Paleo,Paleo Donuts recipes,American,56.41,169.52,179.66,2022-10-16,17:29:40,0.3327630957999056,0.9435600578871202
Paleo,Paleo cauliflower crunch,Nordic,58.01,44.33,67.81,2022-10-16,17:29:40,1.3085946311752763,0.6537383866686329
Paleo,Paleo Coconut Walnut Squash,American,5.98,54.41,30.59,2022-10-16,17:29:40,0.10990626723028857,1.778685845047401
Paleo,Paleo Rolls recipes,French,50.08,227.02,94.75,2022-10-16,17:29:40,0.22059730420227291,2.39598944591029
Paleo,Paleo Hamburg and Squash,Mediterranean,83.33,27.42,105.06,2022-10-16,17:29:40,3.0390226112326766,0.26099371787549974
Paleo,Day 3 - Paleo Restart,American,18.67,124.0,91.33,2022-10-16,17:29:40,0.15056451612903227,1.3577137851746415
Paleo,Instant Pot Sweet Potato Casserole,South American,39.73,349.82,167.44,2022-10-16,17:29:47,0.11357269452861471,2.0892259913999043
Paleo,Paleo Chili recipes,American,341.92,141.14,392.34,2022-10-16,17:29:47,2.422559161116622,0.3597390018861192
Paleo,Paleo Pumpkin Pie,American,81.77,300.44,215.51,2022-10-16,17:29:47,0.27216748768472904,1.3940884413716301
Paleo,Paleo Orange Beef,Mediterranean,219.95,316.31,165.19,2022-10-16,17:29:47,0.6953621447314343,1.914825352624251
Paleo,"Seared Scallops with Sweet Corn Purée, Crumbled Bacon, and Tomato Chive Salsa",South American,48.76,94.38,52.89,2022-10-16,17:29:47,0.5166348802712439,1.784458309699376
Paleo,Paleo Antipasto Salad,Italian,72.54,69.05,38.89,2022-10-16,17:29:47,1.0505430847212167,1.7755206994085881
Paleo,Thai Mango Sweet Potato Salad,South East Asian,7.93,75.25,27.61,2022-10-16,17:29:47,0.10538205980066445,2.7254617892068094
Paleo,Pork Steaks recipes,French,464.85,89.22,445.73,2022-10-16,17:29:47,5.210154673839947,0.20016601978776388
Paleo,Oven Pork Steaks,Mediterranean,464.85,89.22,445.73,2022-10-16,17:29:47,5.210154673839947,0.20016601978776388
Paleo,{Paleo} Beef Rendang,American,225.77,131.53,157.67,2022-10-16,17:29:47,1.7164905344788262,0.8342106932200165
Paleo,Paleo Steak and Veggies,American,24.48,13.2,13.09,2022-10-16,17:29:47,1.8545454545454547,1.0084033613445378
Paleo,Creamy Whole30 Potato Salad recipes,Italian,68.76,203.71,207.16,2022-10-16,17:29:47,0.33753865789602866,0.9833462058312417
Paleo,Paleo Beef Chili,American,115.08,137.47,81.33,2022-10-16,17:29:47,0.8371281006765112,1.6902741915652282
Paleo,Sesame Pineapple Sausage Bites,Chinese,5.68,124.15,18.27,2022-10-16,17:29:54,0.04575110753121224,6.795292829775589
Paleo,Paleo Shepherd’s Pie,American,183.04,127.54,299.75,2022-10-16,17:29:54,1.435157597616434,0.425487906588824
Paleo,Whole 30 Zucchini Noodle Bake,Asian,60.53,42.02,75.73,2022-10-16,17:29:54,1.4405045216563541,0.5548659712135218
Paleo,The Best Paleo Buckeyes,American,13.78,186.0,111.81,2022-10-16,17:29:54,0.07408602150537634,1.663536356318755
Paleo,Gluten Free Chicken Marsala recipes,Italian,265.87,68.02,60.11,2022-10-16,17:29:54,3.9087033225521908,1.131592081184495
Paleo,Creole Apple Turkey Burgers,American,119.33,32.54,45.24,2022-10-16,17:29:54,3.667178856791641,0.7192749778956675
Paleo,Smoky and Sweet Broccoli Chicken Salad recipes,American,85.42,84.28,124.61,2022-10-16,17:29:54,1.0135263407688657,0.6763502126635101
Paleo,Slow-cooked Pork Roast recipes,American,298.94,44.15,117.59,2022-10-16,17:29:54,6.771007927519819,0.37545709669189553
Paleo,Creamy Cashew Thai Chicken with Cilantro Lime Cauliflower Rice,South East Asian,151.09,115.62,95.11,2022-10-16,17:29:54,1.3067808337657845,1.2156450425822731
Paleo,Paleo Meat Pockets from The Paleo Kids Cookbook recipes,American,88.91,182.92,186.11,2022-10-16,17:29:54,0.4860594795539034,0.9828595991617859
Paleo,Paleo Eggrolls recipes,French,29.26,76.21,188.09,2022-10-16,17:29:54,0.38393911560162713,0.40517837205593066
Paleo,Italian Primal Pizza with Free-Range Chicken,Italian,62.29,93.97,67.14,2022-10-16,17:29:54,0.6628711290837501,1.3996127494787012
Paleo,Paleo Swedish Meatballs,Nordic,123.49,48.93,150.26,2022-10-16,17:29:54,2.5238095238095237,0.3256355650206309
Paleo,Slow Cooker Red Pepper Paprika Chicken recipes,Mediterranean,195.64,60.83,39.2,2022-10-16,17:29:54,3.2161762288344566,1.551785714285714
Paleo,Paleo Orange Chicken,French,234.69,98.07,97.05,2022-10-16,17:29:54,2.3930865708167635,1.0105100463678516
Paleo,Paleo Apple Meatloaf,American,175.03,199.06,191.3,2022-10-16,17:29:54,0.8792826283532603,1.0405645582854155
Paleo,Instant Pot Chicken Soup with Mushrooms and Kale,French,271.76,95.75,240.31,2022-10-16,17:30:01,2.8382245430809396,0.39844367691731514
Paleo,Paleo Cassava Flour Tortillas,Mexican,0.0,124.8,51.1,2022-10-16,17:30:01,0.0,2.4422700587084147
Paleo,Paleo Shepherd's Pie,American,103.98,191.55,131.64,2022-10-16,17:30:01,0.5428347689898199,1.45510483135825
Paleo,Healthy Turkey Meatloaf,American,105.48,55.14,41.85,2022-10-16,17:30:01,1.912948857453754,1.3175627240143368
Paleo,Grass-Fed Bison Stuffed Peppers,American,170.1,79.27,107.66,2022-10-16,17:30:01,2.1458307051848116,0.7362994612669514
Paleo,Easy Salmon Tacos recipes,Nordic,118.62,105.19,115.07,2022-10-16,17:30:01,1.127673733244605,0.9141392196054576
Paleo,"Paleo Shrimp Creole (Paleo, gluten-free roux) recipes",American,198.22,83.15,113.4,2022-10-16,17:30:01,2.3838845460012026,0.7332451499118166
Paleo,Paleo Carrot Cake,French,120.47,462.74,758.62,2022-10-16,17:30:01,0.2603405800233392,0.6099760090690992
Paleo,Beef Stroganoff recipes,Eastern Europe,109.57,33.41,183.38,2022-10-16,17:30:01,3.27955701885663,0.18218998800305375
Paleo,The Perfect Paleo Meatballs,French,91.01,61.2,101.35,2022-10-16,17:30:01,1.487091503267974,0.6038480513073509
Paleo,"Roasted Garlic Turnip Puree with Chorizo - Low Carb, Gluten Free",French,124.04,80.89,326.42,2022-10-16,17:30:01,1.533440474718754,0.24780957049200417
Paleo,Paleo Pad Thai,South East Asian,132.06,82.17,223.93,2022-10-16,17:30:01,1.6071558963125228,0.36694502746393964
Paleo,Brussels Sprout & Kale Slaw recipes,Central Europe,38.53,163.13,124.5,2022-10-16,17:30:07,0.23619199411512293,1.310281124497992
Paleo,Spaghetti Carbonara-Paleo Style,Italian,45.08,47.92,167.43,2022-10-16,17:30:07,0.9407345575959932,0.28620916203786656
Paleo,Paleo Chocolate Protein Truffles,American,29.5,12.09,17.69,2022-10-16,17:30:07,2.4400330851943757,0.6834369700395703
Paleo,Paleo Pizza Crust #1,Italian,31.08,121.36,58.78,2022-10-16,17:30:07,0.25609756097560976,2.064647839401157
Paleo,Avocado Cucumber Salad recipes,Mediterranean,15.8,81.26,74.48,2022-10-16,17:30:07,0.19443760767905488,1.091031149301826
Paleo,Slow Cooker Pumpkin Salsa Shredded Beef,Mexican,199.83,31.93,57.61,2022-10-16,17:30:07,6.258377701221423,0.5542440548515882
Paleo,Najib's Special Lebanese Cauliflower recipes,Mediterranean,17.38,56.94,27.53,2022-10-16,17:30:07,0.30523357920618194,2.068289139120959
Paleo,PALEO HASH BROWNS recipes,South American,4.78,114.92,36.36,2022-10-16,17:30:07,0.04159415245388096,3.1606160616061607
Paleo,Gluten Free Beef Bourguignon (Beef Burgundy) recipes,French,331.01,124.34,96.36,2022-10-16,17:30:07,2.6621360784944508,1.2903694479036945
Paleo,Tomato Avocado Burgers (Low Carb and Gluten-Free) recipes,American,90.67,45.15,135.0,2022-10-16,17:30:07,2.0081949058693245,0.33444444444444443
Paleo,Paleo Chocolate Protein Truffles,American,29.51,19.72,17.74,2022-10-16,17:30:07,1.496450304259635,1.1116121758737316
Paleo,Stuffed Pork Tenderloin recipes,American,197.23,51.76,48.64,2022-10-16,17:30:07,3.8104714064914993,1.0641447368421053
Paleo,Easy Paleo Chicken Fajitas,Mexican,55.21,41.5,49.55,2022-10-16,17:30:07,1.3303614457831325,0.8375378405650858
Paleo,Paleo Prawn Cocktail recipes,American,69.5,10.88,82.21,2022-10-16,17:30:07,6.387867647058823,0.13234399708064715
Paleo,Easy Lemon Curd (paleo),French,15.41,94.7,15.33,2022-10-16,17:30:07,0.16272439281942977,6.177429876060013
Paleo,Grain Free Double Chocolate Banana Bread,American,73.61,224.75,186.62,2022-10-16,17:30:14,0.3275194660734149,1.2043189368770764
Paleo,Clafoutis ~ The Paleo Mom,French,23.78,170.14,105.78,2022-10-16,17:30:14,0.1397672504995886,1.6084325959538663
Paleo,Hawaiian Chicken Recipe,South East Asian,153.03,132.16,79.17,2022-10-16,17:30:14,1.1579146489104117,1.6693191865605659
Paleo,Creamy Artichoke Chicken recipes,Mediterranean,294.34,167.48,152.06,2022-10-16,17:30:14,1.7574635777406258,1.101407339208207
Paleo,Fluffy Paleo Cauliflower Mash,American,16.37,41.77,25.39,2022-10-16,17:30:14,0.3919080679913814,1.645135880267822
Paleo,Paleo Shepard's Pie,American,187.09,160.46,263.51,2022-10-16,17:30:14,1.1659603639536333,0.6089332473150925
Paleo,Paleo Coconut Lemon Cake,American,29.46,120.26,73.21,2022-10-16,17:30:14,0.24496923332778978,1.6426717661521653
Paleo,"Best Keto & Paleo Tortillas, Taco Shells & Nachos recipes",Mexican,57.32,98.71,161.51,2022-10-16,17:30:14,0.5806909127747949,0.6111695870224754
Paleo,Homemade Paleo Protein Bars,American,88.19,289.27,122.03,2022-10-16,17:30:14,0.30487088187506484,2.370482668196345
Paleo,Paleo Spaghetti Squash Primavera,Italian,16.53,88.52,32.47,2022-10-16,17:30:14,0.1867374604609128,2.726208808130582
Paleo,"Easiest Paleo ""Ice Cream""",American,6.07,82.98,25.25,2022-10-16,17:30:14,0.07315015666425645,3.2863366336633666
Paleo,Paleo Chocolate Chip Scones,American,37.98,145.35,114.58,2022-10-16,17:30:14,0.2613003095975232,1.268545994065282
Paleo,Sriracha Ranch Cobb Salad recipes,American,117.7,21.91,154.52,2022-10-16,17:30:14,5.371976266544957,0.1417939425317111
Paleo,Paleo Garlic Mashed Cauliflower,Mediterranean,11.29,29.24,47.61,2022-10-16,17:30:14,0.38611491108071133,0.6141566897710565
Paleo,Spiced Vanilla Pumpkin Milk Steamer,American,21.95,105.25,20.23,2022-10-16,17:30:14,0.20855106888361044,5.202669303015323
Paleo,Delicious Paleo Chocolate Muffins,American,30.08,120.13,124.29,2022-10-16,17:30:14,0.25039540497794055,0.9665298897739157
Paleo,Paleo Plantain Fries recipes,South American,4.65,114.17,29.32,2022-10-16,17:30:21,0.04072873784707016,3.8939290586630286
Paleo,10 Paleo Lunch Ideas,Italian,17.11,89.38,32.11,2022-10-16,17:30:21,0.1914298500783173,2.7835565244472127
Paleo,Paleo Paella recipes,Mediterranean,165.01,120.66,192.24,2022-10-16,17:30:21,1.367561743742748,0.627652933832709
Paleo,Blueberry and macadamia yoghurt bark,French,24.89,74.19,67.42,2022-10-16,17:30:21,0.3354899582153929,1.1004153070305547
Paleo,Baked Vanilla Paleo Donuts,American,40.41,91.57,140.95,2022-10-16,17:30:21,0.4413017363765425,0.6496630010642072
Paleo,Paleo Cauliflower Rice recipes,Mediterranean,16.4,43.41,29.44,2022-10-16,17:30:21,0.377793135222299,1.474524456521739
Paleo,Homemade Paleo Chocolates recipes,French,12.69,108.27,172.4,2022-10-16,17:30:21,0.1172069825436409,0.6280162412993039
Paleo,Chocolate Paleo Snack Cake,American,38.57,266.83,135.99,2022-10-16,17:30:21,0.1445489637596972,1.9621295683506137
Paleo,Baked Keto Chicken Wings - Sweet & Spicy,South American,241.71,22.98,252.73,2022-10-16,17:30:21,10.518276762402088,0.09092707632651446
Paleo,The Best Paleo Ketchup,Italian,18.58,96.02,16.04,2022-10-16,17:30:21,0.19350135388460737,5.986284289276808
Paleo,Paleo Power Baked Cauliflower,American,20.54,52.74,73.87,2022-10-16,17:30:21,0.3894577171027683,0.71395695140111
Paleo,PALEO CHICKEN FINGERS recipes,Italian,70.92,198.74,61.64,2022-10-16,17:30:21,0.3568481433028077,3.2242050616482802
Paleo,Zucchini Noodles with Shrimp,Asian,103.79,39.61,46.35,2022-10-16,17:30:21,2.6202979045695534,0.8545846817691477
Paleo,Paleo Plantain Fries (Whole30),South American,4.65,114.17,29.32,2022-10-16,17:30:28,0.04072873784707016,3.8939290586630286
Paleo,Paleo Peach Cobbler recipes,British,18.73,161.9,29.61,2022-10-16,17:30:28,0.1156886967263743,5.467747382641
Paleo,Paleo Chick-fil-A,American,102.57,17.37,139.06,2022-10-16,17:30:28,5.905008635578583,0.12491011074356394
Paleo,Bean-Free Paleo Chili,American,168.33,61.1,198.81,2022-10-16,17:30:28,2.7549918166939444,0.3073286052009456
Paleo,Paleo Fried Plantains recipes,South American,4.76,116.26,14.96,2022-10-16,17:30:28,0.040942714605195246,7.771390374331551
Paleo,Paleo Strawberry Creamsicles recipes,French,8.94,36.01,90.47,2022-10-16,17:30:28,0.24826437100805332,0.39803249696031834
Paleo,Easy Paleo Cauliflower Rice,Mediterranean,10.69,28.78,15.58,2022-10-16,17:30:28,0.37143849895760944,1.847240051347882
Paleo,Pupusas - taco style Paleo,Mexican,4.58,16.68,4.1,2022-10-16,17:30:28,0.2745803357314149,4.068292682926829
Paleo,The Best Paleo Snickerdoodles,French,45.91,155.32,113.15,2022-10-16,17:30:28,0.2955833118722637,1.3726911179849757
Paleo,One Pan Lemon Garlic Chicken and Asparagus recipes,British,100.0,121.41,109.85,2022-10-16,17:30:28,0.8236553825879253,1.1052344105598544
Paleo,Paleo Banana Egg rolls,American,43.42,352.63,38.01,2022-10-16,17:30:28,0.12313189462042368,9.277295448566168
Paleo,Garlic Shrimp with Zucchini Noodles,Asian,128.54,498.9,42.12,2022-10-16,17:30:28,0.25764682301062336,11.844729344729345
Paleo,Paleo BBQ Chicken recipes,American,149.29,40.41,145.3,2022-10-16,17:30:28,3.694382578569661,0.2781142463867859
Paleo,Paleo Chicken Taco Burger,Mexican,294.48,74.04,212.66,2022-10-16,17:30:28,3.977309562398703,0.348161384369416
Paleo,Perfect Paleo Ice Cream,Italian,24.81,74.45,123.19,2022-10-16,17:30:34,0.3332437877770315,0.604351002516438
Paleo,Paleo Mushroom Leek Frittata,Italian,87.05,26.49,73.66,2022-10-16,17:30:34,3.2861457153642886,0.3596253054575075
Paleo,Paleo Sweet Potato Mousse,French,9.45,123.59,22.28,2022-10-16,17:30:34,0.07646249696577392,5.547127468581688
Paleo,Paleo Apple Pie Nachos,Nordic,14.47,124.98,69.95,2022-10-16,17:30:34,0.11577852456393023,1.7867047891350964
Paleo,Paleo Mini Egg Cakes,American,43.83,13.43,72.69,2022-10-16,17:30:34,3.2635889798957556,0.18475718805888017
Paleo,Quick Shrimp Scampi with Squash Noodles recipes,Asian,108.12,51.58,79.72,2022-10-16,17:30:34,2.096161302830555,0.6470145509282489
Paleo,Crab Stuffed Mushrooms recipes,American,32.53,14.87,64.25,2022-10-16,17:30:34,2.187626092804304,0.2314396887159533
Paleo,Crab-Stuffed Avocados (Paleo),Mediterranean,39.34,38.27,74.0,2022-10-16,17:30:34,1.0279592370002613,0.5171621621621622
Paleo,Paleo Banana & Blueberry Muffins,American,60.55,303.43,137.4,2022-10-16,17:30:34,0.19955179118742378,2.2083697234352258
Paleo,Paleo Avocado Tuna Salad,Mexican,32.45,24.27,31.05,2022-10-16,17:30:34,1.3370416151627524,0.7816425120772946
Paleo,Paleo Blueberry Bread Pudding,British,57.43,176.46,103.41,2022-10-16,17:30:34,0.32545619403830894,1.706411372207717
Paleo,Paleo Pumpkin Caramels recipes,American,4.22,115.7,116.49,2022-10-16,17:30:34,0.03647363872082973,0.9932183020001718
Paleo,Spiced Paleo Apple Dip,American,24.53,175.16,109.81,2022-10-16,17:30:41,0.14004338890157572,1.5951188416355522
Paleo,Paleo Salted Caramel Dip,American,0.67,35.58,26.24,2022-10-16,17:30:41,0.018830803822372122,1.3559451219512195
Paleo,Paleo Peppermint Ice Cream,Italian,6.9,36.42,72.59,2022-10-16,17:30:41,0.18945634266886327,0.50172200027552
Paleo,Greek Orange Salad with Fresh Mint recipes,Mediterranean,5.97,96.51,59.3,2022-10-16,17:30:41,0.061858874728007454,1.627487352445194
Paleo,Paleo Sweet Potato Casserole,Italian,49.47,291.72,151.36,2022-10-16,17:30:41,0.16958041958041956,1.927325581395349
Paleo,Vegan Paleo Chocolate Mousse,American,16.72,192.81,79.34,2022-10-16,17:30:41,0.08671749390591774,2.4301739349634484
Paleo,Crispy Paleo Plantain Chips,South American,2.55,58.61,55.34,2022-10-16,17:30:48,0.04350793379969288,1.0590892663534512
Paleo,Paleo Sweet Potato Waffles,American,23.49,39.24,18.88,2022-10-16,17:30:48,0.5986238532110091,2.078389830508475
Paleo,Honey Roasted Carrots (Paleo),American,4.44,61.71,21.39,2022-10-16,17:30:48,0.07194944093339815,2.884992987377279
Paleo,Paleo Gingerbread Mini Donuts,American,8.57,298.18,74.54,2022-10-16,17:30:48,0.028741028908712857,4.000268312315535
Paleo,Homemade Paleo Nutella recipes,French,30.36,148.62,175.53,2022-10-16,17:30:48,0.2042793702058942,0.8466928730131602
Paleo,'Croodité' Paleo Basil Dip,American,6.35,7.27,127.41,2022-10-16,17:30:48,0.8734525447042641,0.05705988540930853
Paleo,Paleo Cumin Cauliflower Rice,Indian,24.31,99.2,26.28,2022-10-16,17:30:48,0.2450604838709677,3.774733637747336
Paleo,Cherry Garcia Paleo Milkshake with DIY Paleo Magic Hardshell recipes,American,5.57,59.44,21.59,2022-10-16,17:30:48,0.09370794078061911,2.7531264474293655
Paleo,German Tomato Salad (Tomatensalat) recipes,Central Europe,7.25,38.69,42.06,2022-10-16,17:30:48,0.18738692168518997,0.9198763670946266
Paleo,Low Carb Paleo Biscuits,American,61.56,45.53,181.46,2022-10-16,17:30:48,1.3520755545793983,0.25090929130386863
Paleo,Paleo Pineapple & Beef Tacos,Mexican,90.52,119.93,96.46,2022-10-16,17:30:48,0.7547736179438005,1.243313290483102
Paleo,Paleo Bison Burger recipes,American,92.2,35.47,102.26,2022-10-16,17:30:55,2.5993797575415845,0.34686094269509093
Paleo,(Nut-Free) Basil Pesto recipes,Italian,30.12,22.06,103.28,2022-10-16,17:30:55,1.3653671804170446,0.2135941130906274
Paleo,Crockpot Paleo Apple Butter,American,6.53,347.37,4.66,2022-10-16,17:30:55,0.018798399401214843,74.54291845493562
Paleo,Gluten Free Easy Herbed Chicken and Biscuit Bake recipes,Eastern Europe,110.29,58.36,119.9,2022-10-16,17:30:55,1.8898217957505141,0.4867389491242702
Paleo,Apricot Jalapeno Paleo Jam,British,18.08,213.75,5.09,2022-10-16,17:30:55,0.08458479532163742,41.99410609037328
Paleo,Paleo Egg Drop Soup,Chinese,56.95,69.25,60.75,2022-10-16,17:30:55,0.8223826714801444,1.139917695473251
Paleo,Paleo Chocolate Almond Bark,French,34.16,153.55,57.23,2022-10-16,17:30:55,0.222468251383914,2.683033374104491
Paleo,Paleo Berry Compote or Cobbler,French,17.31,63.01,53.15,2022-10-16,17:30:55,0.2747182986827488,1.1855126999059267
Paleo,Paleo Lemon Curd recipes,French,19.67,103.25,96.17,2022-10-16,17:30:55,0.1905084745762712,1.0736196319018405
Paleo,Paleo Candy Apple Wedges,French,7.85,80.52,52.89,2022-10-16,17:30:55,0.09749130650769995,1.5224049914917752
Paleo,Paleo Cashew Cream Cheese,American,32.86,55.49,78.97,2022-10-16,17:30:55,0.5921787709497206,0.7026719007217931
Paleo,Paleo 7-Layer Dip,Mexican,133.18,76.45,179.73,2022-10-16,17:30:55,1.742053629823414,0.42536026261614646
Paleo,Paleo Spaghetti Squash Noodles,Asian,8.45,64.39,59.9,2022-10-16,17:30:55,0.1312315576952943,1.074958263772955
Paleo,Paleo Pureed Cauliflower recipes,American,12.05,31.38,45.55,2022-10-16,17:31:04,0.38400254939451883,0.6889132821075741
Paleo,Paleo Caramel Date Slice,French,83.93,245.88,331.29,2022-10-16,17:31:04,0.34134537172604523,0.7421896223852213
Paleo,Paleo Baked Fries recipes,American,13.74,118.86,28.61,2022-10-16,17:31:04,0.11559818273599193,4.154491436560643
Paleo,Paleo Cassava Flour Tortillas,Mexican,0.0,224.64,81.0,2022-10-16,17:31:04,0.0,2.773333333333333
Paleo,Sweet Potato Hash recipes,American,27.89,64.1,66.82,2022-10-16,17:31:04,0.43510140405616227,0.9592936246632745
Paleo,Paleo Greek Roasted Lamb,Mediterranean,115.42,15.53,1305.07,2022-10-16,17:31:04,7.432066967160336,0.011899744841272882
Paleo,Paleo Curry Leeks recipes,Indian,5.61,47.41,12.98,2022-10-16,17:31:04,0.1183294663573086,3.6525423728813555
Paleo,Paleo Banana & Blueberry Muffins,American,64.16,260.81,146.33,2022-10-16,17:31:04,0.24600283731452013,1.782341283400533
Paleo,Paleo Pecan Tart Crust,American,20.15,24.96,111.99,2022-10-16,17:31:04,0.8072916666666666,0.2228770425930887
Paleo,Paleo Ginger Snaps recipes,Italian,50.38,109.88,112.1,2022-10-16,17:31:04,0.4585001820167456,0.9801962533452275
Paleo,Coconut-Crusted Tilapia - Paleo,Mediterranean,118.32,42.58,75.47,2022-10-16,17:31:11,2.778769375293565,0.5641976944481251
Paleo,"Amazing Paleo Pizza Crust - vegan, autoimmune paleo & cauliflower free recipes",Italian,8.28,167.87,33.64,2022-10-16,17:31:11,0.04932388157502829,4.990190249702735
Paleo,"Paleo Slow Cooker Apple Honey Chicken Drumsticks Recipe [Paleo, AIP]",American,181.88,94.85,92.71,2022-10-16,17:31:11,1.9175540326831841,1.023082731096969
Paleo,Paleo Coconut Shrimp recipes,Mediterranean,159.33,41.29,134.16,2022-10-16,17:31:11,3.8588035844030038,0.30776684555754324
Paleo,Paleo Shepherd’s Pie,American,124.01,230.07,181.24,2022-10-16,17:31:11,0.5390098665623506,1.2694217612006178
Paleo,"Paleo Apple Crisp (Paleo, GF, Vegan + Refined Sugar-Free) recipes",American,31.89,298.07,109.02,2022-10-16,17:31:11,0.10698829134096018,2.734085488901119
Paleo,Paleo Peach Frangipane Muffins,French,60.35,140.67,201.48,2022-10-16,17:31:11,0.42901826970924867,0.6981834425253126
Paleo,Paleo green bean recipe,American,15.37,18.31,35.08,2022-10-16,17:31:11,0.8394320043691972,0.5219498289623717
Paleo,Paleo Mango Cake recipes,American,64.28,108.36,46.38,2022-10-16,17:31:11,0.5932078257659653,2.336351875808538
Paleo,Paleo Sweet Potato Soup,American,27.29,156.45,7.57,2022-10-16,17:31:11,0.17443272611057847,20.667107001321003
Paleo,Paleo Crispy Noodles recipes,Asian,2.7,33.62,40.93,2022-10-16,17:31:11,0.08030933967876265,0.821402394331786
Paleo,Herb Paleo Cauliflower Mash,French,29.89,99.19,552.98,2022-10-16,17:31:18,0.3013408609738885,0.1793735758978625
Paleo,Decadent Paleo Custard recipes,American,30.45,51.96,106.8,2022-10-16,17:31:18,0.586027713625866,0.4865168539325843
Paleo,Paleo Shepherd's Pie,American,197.56,123.66,253.41,2022-10-16,17:31:18,1.5976063399644187,0.48798389960932875
Paleo,Paleo Berry Crumble Bars,French,3.4,206.17,1.6,2022-10-16,17:31:18,0.01649124508900422,128.85625
Paleo,Paleo + Vegan Chocolate Frosting,American,24.97,280.27,162.7,2022-10-16,17:31:18,0.08909266064866023,1.722618315918869
Paleo,Sunday Slow Cooker: Thai Curry Ground Beef recipes,South East Asian,104.82,34.94,32.89,2022-10-16,17:31:18,3.0,1.0623289753724536
Paleo,Paleo Chicken Nuggets recipes,American,211.64,47.69,100.54,2022-10-16,17:31:18,4.437827636821137,0.47433857171275107
Paleo,Paleo Bacon-Wrapped Cauliflower,American,70.23,224.84,424.27,2022-10-16,17:31:18,0.3123554527664117,0.52994555353902
Paleo,Green Eggs and Bacon,American,28.37,13.96,101.73,2022-10-16,17:31:18,2.0322349570200573,0.13722599036665684
Paleo,Kitchen Sink Paleo Lunch,American,94.21,25.93,36.16,2022-10-16,17:31:18,3.633243347473968,0.7170907079646018
Paleo,Herb Paleo Cauliflower Mash,French,29.89,99.19,552.98,2022-10-16,17:31:24,0.3013408609738885,0.1793735758978625
Paleo,Decadent Paleo Custard recipes,American,30.45,51.96,106.8,2022-10-16,17:31:24,0.586027713625866,0.4865168539325843
Paleo,Paleo Shepherd's Pie,American,197.56,123.66,253.41,2022-10-16,17:31:24,1.5976063399644187,0.48798389960932875
Paleo,Paleo Berry Crumble Bars,French,3.4,206.17,1.6,2022-10-16,17:31:24,0.01649124508900422,128.85625
Paleo,Paleo + Vegan Chocolate Frosting,American,24.97,280.27,162.7,2022-10-16,17:31:24,0.08909266064866023,1.722618315918869
Paleo,Sunday Slow Cooker: Thai Curry Ground Beef recipes,South East Asian,104.82,34.94,32.89,2022-10-16,17:31:24,3.0,1.0623289753724536
Paleo,Paleo Chicken Nuggets recipes,American,211.64,47.69,100.54,2022-10-16,17:31:24,4.437827636821137,0.47433857171275107
Paleo,Paleo Bacon-Wrapped Cauliflower,American,70.23,224.84,424.27,2022-10-16,17:31:24,0.3123554527664117,0.52994555353902
Paleo,Green Eggs and Bacon,American,28.37,13.96,101.73,2022-10-16,17:31:24,2.0322349570200573,0.13722599036665684
Paleo,Kitchen Sink Paleo Lunch,American,94.21,25.93,36.16,2022-10-16,17:31:24,3.633243347473968,0.7170907079646018
Vegan,Spiked Vegan Eggnog,American,46.36,84.52,42.61,2022-10-16,20:02:29,0.5485092285849503,1.9835719314714855
Vegan,Vegan Cucumber Tea Sandwiches,American,41.73,143.91,73.88,2022-10-16,20:02:29,0.28997289972899726,1.9478884677855983
Vegan,Vegan Broccoli Soup Recipe,American,103.83,82.54,139.3,2022-10-16,20:02:29,1.2579355464017445,0.5925340990667624
Vegan,Baked Vegan Mac and Cheese Recipe,American,140.19,524.38,221.29,2022-10-16,20:02:29,0.26734429230710555,2.3696506846219894
Vegan,Vegan Nachos,American,73.05,266.38,166.64,2022-10-16,20:02:29,0.27423229972220137,1.5985357657225157
Vegan,The Best Vegan Breakfast Sandwich,American,143.13,208.42,189.86,2022-10-16,20:02:29,0.6867383168601862,1.0977562414410618
Vegan,{Vegan} Peanut Butter & Honey Muffins recipes,American,29.53,168.46,59.83,2022-10-16,20:02:29,0.17529383829989315,2.8156443255891697
Vegan,Vegan Pots de Crème,American,45.25,106.45,98.01,2022-10-16,20:02:29,0.42508219821512444,1.0861136618712377
Vegan,Vegan tiffin,American,60.38,272.18,287.22,2022-10-16,20:02:29,0.22183848923506502,0.9476359584987117
Vegan,Vegan Stovetop Lasagna,American,124.77,512.21,147.15,2022-10-16,20:02:29,0.2435914956756018,3.4808698606863744
Vegan,Vegan Italian Cold Cut Sandwich,American,54.22,143.1,81.73,2022-10-16,20:02:29,0.37889587700908456,1.7508870671723968
Vegan,Vegan Chocolate Pie,American,71.19,428.01,248.98,2022-10-16,20:02:29,0.16632788953529123,1.7190537392561651
Vegan,Vegan Mushroom Tea Sandwiches,American,36.74,127.18,60.04,2022-10-16,20:02:29,0.2888818996697594,2.118254497001999
Vegan,Vegan Chicken Nuggets,American,119.69,80.59,33.4,2022-10-16,20:02:29,1.4851718575505646,2.4128742514970063
Vegan,Creamy Vegan Butternut Squash Mac And Cheese,American,132.14,453.36,72.61,2022-10-16,20:02:35,0.2914681489324157,6.243768076022587
Vegan,Vegan Candied Almonds,American,120.98,530.66,289.27,2022-10-16,20:02:35,0.2279802510081785,1.8344798976734538
Vegan,Vegan Cinnamon Rolls Recipe,American,62.84,884.18,321.47,2022-10-16,20:02:35,0.07107150127802032,2.7504277226490803
Vegan,"Classic American Fare, Now In Vegan! recipes",American,103.83,82.54,139.3,2022-10-16,20:02:35,1.2579355464017445,0.5925340990667624
Vegan,Simple Vegan Tofu Lasagna,Asian,129.45,317.99,86.68,2022-10-16,20:02:35,0.40708827321613883,3.668550992155053
Vegan,Vegan Stroganoff recipes,American,52.69,40.66,37.09,2022-10-16,20:02:35,1.295868175110674,1.096252359126449
Vegan,Vegan Meatballs,American,61.47,269.97,68.85,2022-10-16,20:02:35,0.22769196577397485,3.9211328976034867
Vegan,Vegan Pie Crust,American,14.53,107.31,78.16,2022-10-16,20:02:35,0.1354021060478986,1.3729529170931423
Vegan,Vegan Sesame Strugglaire’s Shortbread,American,55.94,468.46,400.53,2022-10-16,20:02:35,0.11941254322674294,1.1696002796294909
Vegan,Vegan Chocolate Frosting recipes,American,33.03,663.3,541.54,2022-10-16,20:02:35,0.04979647218453189,1.224840270340141
Vegan,Vegan Lasagna,American,144.17,284.74,54.78,2022-10-16,20:02:35,0.5063215565076912,5.197882438846294
Vegan,"The Best ""Beefy"" Vegan Burgers",American,86.16,548.23,129.69,2022-10-16,20:02:35,0.15716031592579754,4.22723417379906
Vegan,Vegan Chocolate Peanut Butter Cups recipes,American,66.4,239.64,284.24,2022-10-16,20:02:35,0.27708229010181945,0.8430903461863214
Vegan,Vegan Pumpkin Pie,American,42.83,344.63,121.93,2022-10-16,20:02:42,0.12427821141514087,2.8264578036578363
Vegan,Vegan Scallops,American,31.9,66.68,13.49,2022-10-16,20:02:42,0.4784043191361727,4.942920681986657
Vegan,Vegan Caesar Salad Dressing,American,28.01,37.29,67.87,2022-10-16,20:02:42,0.7511397157414857,0.5494327390599676
Vegan,Vegan (Or Not) Peach Creamsicle Sherbet,American,55.03,439.96,52.51,2022-10-16,20:02:42,0.1250795526866079,8.378594553418397
Vegan,Vegan pizza Margherita,Italian,113.8,391.09,97.24,2022-10-16,20:02:42,0.29098161548492674,4.021904566022213
Vegan,Vegan Classic Cheesecake,American,105.08,635.06,243.29,2022-10-16,20:02:42,0.1654646805026297,2.610300464466275
Vegan,Vegan Chocolate-Dipped Frozen Banana Bites,American,29.04,178.5,73.99,2022-10-16,20:02:42,0.1626890756302521,2.4124881740775783
Vegan,Vegan brownies,French,56.1,486.28,195.65,2022-10-16,20:02:42,0.11536563296866004,2.4854587273191924
Vegan,Vegan Spinach and Mushroom Lasagna,American,161.61,304.45,175.45,2022-10-16,20:02:42,0.5308260798160618,1.7352522086064406
Vegan,Vegan Pumpkin Pull-Apart Loaf,American,55.62,662.7,93.64,2022-10-16,20:02:42,0.08392937980986871,7.077103801794106
Vegan,Vegan Potato Salad,American,20.77,129.36,26.85,2022-10-16,20:02:42,0.16055967841682126,4.817877094972068
Vegan,Vegan white pizza,American,74.83,374.84,36.75,2022-10-16,20:02:42,0.19963184291964572,10.199727891156462
Vegan,Vegan Macaroni Salad,American,42.07,170.89,42.08,2022-10-16,20:02:42,0.24618175434490025,4.061074144486692
Vegan,Asparagus and Arugula Pizza with Vegan Pesto,Italian,24.25,80.63,40.53,2022-10-16,20:02:42,0.30075654222993925,1.9893905748828027
Vegan,Vegan Eton mess,American,46.27,297.82,26.19,2022-10-16,20:02:42,0.1553622993754617,11.37151584574265
Vegan,Vegan Cornbread Stuffing,American,64.42,421.16,91.7,2022-10-16,20:02:42,0.15295849558362618,4.592802617230098
Vegan,Vegan potato salad,American,21.37,121.44,48.19,2022-10-16,20:02:42,0.17597167325428195,2.5200249014318326
Vegan,Vegan French Onion Dip,American,57.38,134.68,188.77,2022-10-16,20:02:42,0.42604692604692607,0.71346082534301
Vegan,Vegan Jambalaya,American,49.54,220.02,59.7,2022-10-16,20:02:42,0.2251613489682756,3.685427135678392
Vegan,Vegan Meyer Lemon Poppyseed Shortbread,American,37.78,425.18,271.62,2022-10-16,20:02:49,0.08885648431252646,1.565348648847655
Vegan,Vegan bolognese,American,80.8,335.2,27.94,2022-10-16,20:02:49,0.24105011933174225,11.99713672154617
Vegan,Vegan Creamy Coleslaw,American,6.76,40.99,68.13,2022-10-16,20:02:49,0.16491827274945106,0.6016439160428593
Vegan,Vegan chocolate ice cream,American,34.96,284.85,220.65,2022-10-16,20:02:49,0.12273126206775495,1.290958531611149
Vegan,Vegan Ginger Sticky Date Pudding & Cardamom Toffee,British,43.95,859.11,287.58,2022-10-16,20:02:49,0.051157593323322974,2.9873774254120593
Vegan,‘Cheesy’ vegan scones,American,68.49,279.16,49.72,2022-10-16,20:02:49,0.24534317237426562,5.61464199517297
Vegan,Vegan Mushroom Stroganoff,American,50.67,221.8,68.92,2022-10-16,20:02:49,0.22844905320108205,3.2182240278583865
Vegan,Vegan Fig Galette,American,52.72,880.99,346.35,2022-10-16,20:02:49,0.059841768919056966,2.5436408257542946
Vegan,Vegan fry-up,American,100.27,167.06,279.46,2022-10-16,20:02:49,0.6002035196935233,0.5977957489443928
Vegan,Traditional Vegan Caesar Salad,American,46.34,126.68,66.66,2022-10-16,20:02:49,0.36580359962109255,1.9003900390039006
Vegan,Vegan Mushroom Bolognese,American,57.26,229.43,36.96,2022-10-16,20:02:49,0.24957503377936624,6.207521645021645
Vegan,Vegan White Peach Mug Cobbler With Cardamom,American,5.51,70.81,16.13,2022-10-16,20:02:49,0.07781386809772631,4.389956602603844
Vegan,Easy vegan tacos,American,26.13,153.72,15.67,2022-10-16,20:02:49,0.16998438719750195,9.809827696234844
Vegan,Gluten-Free Walnut & Portobello Mushroom Vegan Burgers,American,34.55,97.14,30.74,2022-10-16,20:02:49,0.35567222565369566,3.160052049446975
Vegan,Vegan Cauliflower Alfredo Bake,American,114.36,389.31,28.11,2022-10-16,20:02:49,0.29375048162133005,13.849519743863395
Vegan,Zesty Italian Vegan Meatballs,American,55.19,100.02,66.46,2022-10-16,20:02:49,0.5517896420715857,1.504965392717424
Vegan,Vegan lasagne,American,169.83,604.54,100.68,2022-10-16,20:02:56,0.28092433916696996,6.004568931267381
Vegan,Gluten-Free Walnut & Portobello Mushroom Vegan Burgers,American,37.37,99.68,42.81,2022-10-16,20:02:56,0.37489967897271265,2.3284279373978043
Vegan,Carrot Cake With Vegan Cream Cheese Frosting,American,74.47,1032.32,465.91,2022-10-16,20:02:56,0.07213848419094855,2.2157068961816657
Vegan,Vegan Pizza,American,35.92,223.73,71.83,2022-10-16,20:02:56,0.16055066374648014,3.1147153000139216
Vegan,Vegan moussaka,American,129.49,548.31,119.91,2022-10-16,20:02:56,0.23616202513176857,4.5726795096322235
Vegan,Vegan Sushi Burger,Japanese,24.23,198.01,32.0,2022-10-16,20:02:56,0.12236755719408111,6.1878125
Vegan,Vegan Brownies recipes,French,35.2,405.49,129.47,2022-10-16,20:02:56,0.08680855261535426,3.1319224530779333
Vegan,Beefless Vegan Tacos,American,57.67,132.69,72.92,2022-10-16,20:02:56,0.43462205139799537,1.8196653867251782
Vegan,Vegan Chocolate and Raspberry Panna Cotta,American,33.99,158.29,73.24,2022-10-16,20:02:56,0.2147324530924253,2.161250682687056
Vegan,Vegan Pav-Bhaji,American,17.71,99.41,32.22,2022-10-16,20:02:56,0.17815109143949304,3.085350713842334
Vegan,Vegan toffee apple upside-down cake,American,33.97,422.06,151.76,2022-10-16,20:02:56,0.08048618679808557,2.7811017395888245
Vegan,Vegan BLATs (BLTs with Avocado),American,41.62,119.38,71.62,2022-10-16,20:02:56,0.34863461216284136,1.6668528344037976
Vegan,Vegan rhubarb & custard bake,American,39.49,531.36,211.22,2022-10-16,20:02:56,0.0743187292984041,2.515670864501468
Vegan,Vegan Pasta Pie,American,71.56,310.5,39.6,2022-10-16,20:02:56,0.2304669887278583,7.840909090909091
Vegan,Vegan Eggplant Parmesan,American,53.02,221.99,68.26,2022-10-16,20:02:56,0.2388395873688004,3.252124230881922
Vegan,Vegan Creme Brulee Buttermilk Cupcakes,American,41.75,1133.7,415.07,2022-10-16,20:02:56,0.036826320896180646,2.7313465198641196
Vegan,Bean and Potato Vegan Enchiladas recipes,American,65.85,324.88,152.74,2022-10-16,20:03:03,0.20269022408273824,2.1270132250883855
Vegan,Vegan Blueberry Pie,American,27.46,448.09,131.15,2022-10-16,20:03:03,0.06128233167444041,3.4166221883339682
Vegan,Cinnamon Sugar Vegan Donuts,American,14.41,411.22,64.83,2022-10-16,20:03:03,0.03504206993823258,6.343051056609595
Vegan,Vegan pie,American,102.33,552.11,240.21,2022-10-16,20:03:03,0.18534350038941513,2.2984471920402982
Vegan,The best gluten-free vegan pesto pasta,American,227.6,502.31,462.82,2022-10-16,20:03:03,0.4531066472895224,1.0853247482822697
Vegan,Spicy Thai Vegan Burger,South East Asian,80.51,190.71,52.97,2022-10-16,20:03:03,0.422159299459913,3.600339814989617
Vegan,Vegan Kale And Leek Bake recipes,American,40.32,217.22,141.53,2022-10-16,20:03:03,0.1856182671945493,1.5347982759838903
Vegan,Vegan Quinoa Lentil Curry Burger,American,40.15,136.6,18.22,2022-10-16,20:03:03,0.2939238653001464,7.497255762897915
Vegan,Vegan Chocolate Cheesecake,American,107.55,859.49,382.54,2022-10-16,20:03:03,0.12513234592607245,2.246797720499817
Vegan,Vegan Cauliflower Buffalo Wings,American,52.39,263.63,47.66,2022-10-16,20:03:03,0.1987254864772598,5.5314729332773815
Vegan,Vegan Mac and Cheese recipes,American,166.81,444.38,25.66,2022-10-16,20:03:03,0.37537692965479996,17.31800467653936
Vegan,Vegan Shepherd's Pie,American,106.76,425.81,101.91,2022-10-16,20:03:03,0.2507221530729668,4.178294573643411
Vegan,Vegan Lemon Vanilla Cupcakes with Lemon Buttercream Frosting,American,27.77,619.26,207.28,2022-10-16,20:03:03,0.044843845880567126,2.9875530683133924
Vegan,Vegan Chocolate Cheesecake,American,98.03,714.56,314.5,2022-10-16,20:03:03,0.13718931930138828,2.2720508744038153
Vegan,Spicy Thai Vegan Burger,American,80.51,190.71,52.97,2022-10-16,20:03:03,0.422159299459913,3.600339814989617
Vegan,Vegan Sweet Potato Biscuits,American,54.63,448.19,138.11,2022-10-16,20:03:03,0.12189026975166782,3.2451668959525013
Vegan,Vegan Banana Chocolate Chip Muffins,American,36.93,418.54,106.0,2022-10-16,20:03:03,0.08823529411764705,3.948490566037736
Vegan,Vegan Thai green curry,South East Asian,43.56,247.53,57.67,2022-10-16,20:03:10,0.17597866925221187,4.292179642795214
Vegan,Vegan Black Bean Burgers,American,70.79,256.3,113.3,2022-10-16,20:03:10,0.2761997658993367,2.2621359223300974
Vegan,Vegan Cream Of Broccoli Soup,American,75.06,161.94,111.21,2022-10-16,20:03:10,0.463505001852538,1.4561640140275156
Vegan,Vegan Lentil Burgers,American,84.93,331.31,43.1,2022-10-16,20:03:10,0.25634602034348497,7.687006960556844
Vegan,Vegan Sweet Potato & Pear Soup,American,11.66,164.77,28.96,2022-10-16,20:03:10,0.07076530921891121,5.68957182320442
Vegan,Classic Vegan Date Bars,American,70.29,1101.77,331.04,2022-10-16,20:03:10,0.06379734427330569,3.3282080715321407
Vegan,Gluten-Free Vegan Creole Jalapeno Hush Puppies,American,37.11,384.44,135.66,2022-10-16,20:03:10,0.09653001768806575,2.8338493292053664
Vegan,Vegan Cream Of Mushroom Soup With Not So Vegan Herb Bread,American,71.33,222.41,121.53,2022-10-16,20:03:10,0.3207139966728115,1.8300831070517567
Vegan,Ian's Vegan Chili,American,155.27,571.66,106.53,2022-10-16,20:03:10,0.27161249693873984,5.366187928283113
Vegan,EASY VEGAN COCONUT CURRY NOODLE BOWLS,Asian,24.54,181.37,107.56,2022-10-16,20:03:10,0.13530352318465017,1.68622164373373
Vegan,"Vegan ""B.L.A.T.""s: Lettuce, Tomato, Avocado, and Crispy Smoked Mushroom Sandwiches Recipe",American,20.82,77.06,45.26,2022-10-16,20:03:10,0.27017908123540096,1.7026071586389748
Vegan,Vegan Chickpea Crab Cakes,American,81.59,304.48,221.1,2022-10-16,20:03:10,0.2679650551760378,1.3771144278606966
Vegan,No-churn Vegan Peanut Butter Chocolate Chip Ice Cream recipes,American,95.88,416.83,477.74,2022-10-16,20:03:17,0.2300218314420747,0.8725038723992129
Vegan,Fully Loaded Vegan Baked Potato Soup Recipe,American,59.15,222.48,150.25,2022-10-16,20:03:17,0.2658665947500899,1.4807321131447586
Vegan,"Vegan Sausage, Kale and Cauliflower Potpie",American,149.81,395.9,150.42,2022-10-16,20:03:17,0.378403637282142,2.6319638345964633
Vegan,Vegan Misir Wot Pierogi,Central Europe,168.87,870.67,50.77,2022-10-16,20:03:17,0.19395408133965797,17.14930076817018
Vegan,You Won't Believe it's Vegan Pumpkin Pie,American,36.0,304.6,92.59,2022-10-16,20:03:17,0.11818778726198292,3.2897721136191813
Vegan,Vegan Lasagna alla Bolognese Recipe,Italian,72.92,373.65,54.98,2022-10-16,20:03:17,0.19515589455372676,6.79610767551837
Vegan,Vegan and Gluten-Free Fruit and Almond Shortbread Bars,American,31.11,463.9,275.34,2022-10-16,20:03:17,0.06706186678163398,1.6848260332679597
Vegan,Vegan Spiced Pumpkin Pie Glo Bites,American,38.34,243.38,68.53,2022-10-16,20:03:17,0.1575314323280467,3.5514373267182253
Vegan,Black-Bottom Peanut Butter Freezer Pie,American,94.34,522.29,354.72,2022-10-16,20:03:17,0.18062762067050875,1.4724007668019845
Vegan,Vegan Shepherd's Pie,American,98.26,498.68,200.96,2022-10-16,20:03:17,0.197040186091281,2.4814888535031847
Vegan,Vegan Italian Roasted Eggplant Bisque,American,22.05,79.91,36.02,2022-10-16,20:03:17,0.27593542735577525,2.218489727928928
Vegan,"Bacon Ranch Salad, Now In Vegan Form!",American,37.9,51.12,156.63,2022-10-16,20:03:17,0.7413928012519562,0.32637425780501816
Vegan,Chef Chloe's Best-Ever Vegan Baked Macaroni and Cheese,American,133.22,511.08,63.01,2022-10-16,20:03:17,0.26066369257259137,8.111093477225838
Vegan,GRAIN FREE + VEGAN LIME PIE BARS,American,24.81,143.11,186.7,2022-10-16,20:03:17,0.17336314722940394,0.7665238350294592
Vegan,Vegan Cream of Mushroom Soup With Crispy Shiitake Chips Recipe,American,38.03,122.84,130.18,2022-10-16,20:03:17,0.30958971019211984,0.9436165309571363
Vegan,Chocolate Chip Cake with Buttercream Icing (Vegan),American,50.97,1002.35,676.53,2022-10-16,20:03:17,0.050850501321893546,1.4816046590690732
Vegan,Mushroom and Pea Tart (vegan friendly),American,73.9,378.91,130.61,2022-10-16,20:03:23,0.1950331213216859,2.9010795498047623
Vegan,Can't-Believe-It's-Vegan Chili,American,214.61,484.66,105.34,2022-10-16,20:03:23,0.4428052655469814,4.600911334725651
Vegan,This Ain’t Grandma’s Sweet Potato Casserole (Vegan) recipes,American,26.46,323.89,132.46,2022-10-16,20:03:23,0.0816944024205749,2.4451910010569224
Vegan,Tomato and basil bruschetta (for vegans and non vegans alike),American,25.17,97.93,57.09,2022-10-16,20:03:23,0.2570203206371898,1.7153617095813627
Vegan,Heirloom Tomato BLTs recipes,American,259.09,789.39,168.65,2022-10-16,20:03:23,0.3282154575051622,4.680640379484139
Vegan,"Instant Pot Buffalo Sweet Potato Soup {Vegan, Whole30, Paleo, Gluten-Free}",American,14.26,79.07,109.53,2022-10-16,20:03:23,0.18034652839256357,0.7219026750661919
Vegan,Itty Bitty Herbed Garlic Pumpkin Knots With Vegan Parmesan Cheese,American,23.25,124.6,45.81,2022-10-16,20:03:23,0.18659711075441412,2.7199301462562757
Vegan,Vegan Chocolate-Covered Digestive Biscuits Recipe,American,37.68,313.69,226.63,2022-10-16,20:03:23,0.12011858841531448,1.3841503772669108
Vegan,Vegan Slow-Cooker Sweet Potato Chili,American,65.82,224.74,32.78,2022-10-16,20:03:23,0.29287176292604783,6.85600976205003
Vegan,Vegan Chickpea Cakes with Mashed Avocado Recipe,American,74.62,351.32,160.23,2022-10-16,20:03:23,0.21239895252191734,2.1925981401735006
Vegan,Classic Vegan Gumbo,American,122.54,442.68,229.02,2022-10-16,20:03:23,0.27681395138700643,1.9329316216924286
Vegan,Vegan Spinach and Artichoke Dip Recipe,Mediterranean,66.61,157.17,89.84,2022-10-16,20:03:23,0.42380861487561244,1.7494434550311664
Vegan,Vegan Black Bean and Squash Chili Recipe,American,97.48,229.27,101.69,2022-10-16,20:03:30,0.4251755572032974,2.2545973055364343
Vegan,Gluten Free Vegan Fudgy Black Bean Brownies Recipe,French,40.59,314.63,95.06,2022-10-16,20:03:30,0.12900867685853226,3.3098043341047756
Vegan,"Easy Cucumber Noodles with a Vegan Basil Cream, Tomatoes and Pine Nuts recipes",American,46.69,165.17,170.8,2022-10-16,20:03:30,0.2826784525034813,0.9670374707259952
Vegan,Vegan Chocolate Cake and Frosting recipes,American,76.8,1295.31,756.82,2022-10-16,20:03:30,0.059290826134284456,1.7115166089691074
Vegan,Vegan katsu curry,American,79.46,265.89,116.58,2022-10-16,20:03:30,0.29884538719019144,2.2807514153371073
Vegan,"Super Healthy, But Doesn’t Taste It Vegan Banana Bread",American,38.31,441.56,109.48,2022-10-16,20:03:30,0.08676057613914304,4.033248081841432
Vegan,Mexican Hot Chocolate Cupcakes with Whipped Cream (vegan),American,38.34,330.17,174.65,2022-10-16,20:03:30,0.11612199775873036,1.890466647580876
Vegan,Vegan Egg Salad Sandwich recipes,American,74.95,102.31,85.59,2022-10-16,20:03:30,0.7325774606587822,1.1953499240565486
Vegan,Vegan Chocolate Tart With Salted Oat Crust,American,61.46,529.8,330.19,2022-10-16,20:03:30,0.11600604001510005,1.6045307247342437
Vegan,Smoky Tomato & Garlic Spelt Risotto with Crumbled Vegan Feta,Mediterranean,66.35,290.35,116.51,2022-10-16,20:03:30,0.22851730669881173,2.49206076731611
Vegan,Vegan Chocolate Tart with Salted Oat Crust recipes,American,61.46,529.8,330.19,2022-10-16,20:03:30,0.11600604001510005,1.6045307247342437
Vegan,Wholegrain Pitta with Tomatoes and Pesto,Italian,6.98,31.38,12.07,2022-10-16,20:03:30,0.22243467176545573,2.5998342999171498
Vegan,The Best Vegan Baked Mac & Cheese Recipe,American,83.66,441.39,81.04,2022-10-16,20:03:30,0.18953759713631935,5.4465695952615985
Vegan,Try This Vegan Recipe For Stuffed Mushroom Burgers recipes,American,99.49,616.7,137.2,2022-10-16,20:03:30,0.1613264147883898,4.494897959183674
Vegan,Grits Cheesecake,American,65.26,514.5,240.49,2022-10-16,20:03:30,0.1268415937803693,2.1393820948896005
Vegan,"Vegan, Gluten-Free Double Chocolate Muffins",American,44.62,454.71,320.21,2022-10-16,20:03:30,0.0981284774911482,1.4200368508166517
Vegan,Gluten-Free Sweet Potato Cardamom Macadamia Brownies,French,22.67,234.49,171.88,2022-10-16,20:03:30,0.09667789671201331,1.3642657668140563
Vegan,Lime Cheesecake,American,56.74,279.19,145.24,2022-10-16,20:03:37,0.20323077474121568,1.9222665932250067
Vegan,Crowd-Pleasing Vegan Caesar Salad recipes,American,87.84,199.83,121.3,2022-10-16,20:03:37,0.43957363759195317,1.6474031327287717
Vegan,Crowd-Pleasing Vegan Caesar Salad recipes,American,88.56,202.18,124.26,2022-10-16,20:03:37,0.4380255218122465,1.6270722678255272
Vegan,Vegan Frosting,American,1.45,0.1,301.59,2022-10-16,20:03:37,14.499999999999998,0.00033157598063596276
Vegan,Beluga Lentil Caviar on Blini,Eastern Europe,49.59,180.15,91.1,2022-10-16,20:03:37,0.275270607826811,1.977497255762898
Vegan,Chocolate-Covered Matzo Bark,French,30.6,270.36,103.89,2022-10-16,20:03:37,0.11318242343541944,2.6023678891134856
Vegan,Vegan pesto,American,25.51,22.8,172.61,2022-10-16,20:03:37,1.118859649122807,0.13208968194195006
Vegan,Hadley’s Vegan Apple Spice Muffins With Oatmeal Streusel Topping,American,43.71,505.55,89.84,2022-10-16,20:03:37,0.08646029077242608,5.627226179875334
Vegan,Matcha Green Tea Ice Cream Sandwich with Vegan Ginger Molasses Cookies Recipe,American,92.89,1079.21,330.99,2022-10-16,20:03:37,0.08607221949388905,3.260551678298438
Vegan,Carrot & caraway crackers,American,19.35,185.39,46.89,2022-10-16,20:03:37,0.10437456173472141,3.953721475794412
Vegan,Chocolate Walnut Bites Recipe,American,70.47,524.05,165.8,2022-10-16,20:03:37,0.13447190153611296,3.1607358262967424
Vegan,Vegan Queso,American,43.24,61.71,62.75,2022-10-16,20:03:37,0.7006968076486794,0.9834262948207172
Vegan,Vegan Root Beer Coconut Ice Cream,American,12.15,177.57,91.47,2022-10-16,20:03:37,0.06842372022301065,1.9412922269596589
Vegan,Vegan Meringues,American,29.98,240.24,11.78,2022-10-16,20:03:37,0.12479187479187479,20.39388794567063
Vegan,Vegan Pesto,American,15.28,24.1,75.12,2022-10-16,20:03:44,0.6340248962655601,0.3208200212992545
Vegan,Vegan burritos,American,135.16,595.7,98.97,2022-10-16,20:03:44,0.2268927312405573,6.018995655249066
Vegan,Vegan Masa,American,99.13,891.96,223.08,2022-10-16,20:03:44,0.11113727072962912,3.99838622915546
Vegan,Vegan fajitas,American,42.5,182.74,52.72,2022-10-16,20:03:44,0.232570865710846,3.466236722306525
Vegan,Vegan nuggets,American,91.67,262.84,45.06,2022-10-16,20:03:44,0.34876731091158125,5.833111407012871
Vegan,Vegan meatballs,American,55.2,233.31,79.82,2022-10-16,20:03:44,0.2365950880802366,2.9229516411926837
Vegan,Vegan Dumplings,American,8.71,102.45,18.76,2022-10-16,20:03:44,0.08501708150317229,5.461087420042643
Vegan,Barbecue Pulled Jackfruit Sandwiches,American,27.91,406.7,94.66,2022-10-16,20:03:44,0.06862552249815589,4.296429326008874
Vegan,Vegan Queso,American,54.39,74.21,73.09,2022-10-16,20:03:44,0.7329200916318556,1.0153235736762893
Vegan,Vegan Lasagna,American,101.15,272.84,66.63,2022-10-16,20:03:44,0.3707300982260666,4.094852168692781
Vegan,Vegan Sushi,Japanese,31.81,295.6,11.96,2022-10-16,20:03:44,0.10761163734776724,24.71571906354515
Vegan,Vegan Kimchi,American,104.24,539.25,14.78,2022-10-16,20:03:44,0.19330551692165043,36.4851150202977
Vegan,Classic Cinnamon Rolls recipes,Nordic,81.33,788.44,176.4,2022-10-16,20:03:44,0.10315306174217441,4.469614512471655
Vegan,Vegan Meatballs,American,55.47,198.88,69.92,2022-10-16,20:03:44,0.2789119066773934,2.8443935926773456
Vegan,Vegan Gyoza,American,198.89,851.59,80.86,2022-10-16,20:03:50,0.23355135687361286,10.531659658669305
Vegan,Fancy Green Beans,American,9.51,33.92,11.36,2022-10-16,20:03:50,0.2803655660377358,2.985915492957747
Vegan,Raw Chocolate Mousse recipes,American,55.3,385.05,192.81,2022-10-16,20:03:50,0.14361771198545642,1.9970437217986619
Vegan,Vegan Gravy,American,16.42,50.17,27.99,2022-10-16,20:03:50,0.327287223440303,1.7924258663808506
Vegan,Hummus Tartine with Sprouts recipes,Mediterranean,8.37,34.76,18.01,2022-10-16,20:03:50,0.2407940161104718,1.9300388672959463
Vegan,Vegan Mayonnaise,American,22.97,25.13,106.85,2022-10-16,20:03:50,0.9140469558296856,0.23518951801591015
Vegan,Vegan Eggnog,American,28.72,151.67,136.98,2022-10-16,20:03:50,0.18935847563789807,1.1072419331289238
Vegan,Gluten-Free Sweet Potato Pie,American,22.83,226.55,165.84,2022-10-16,20:03:50,0.1007724564113882,1.3660757356488182
Vegan,Vegan Vichysoisse,American,34.11,254.47,41.28,2022-10-16,20:03:50,0.13404330569418793,6.164486434108527
Vegan,Vegan Nachos,American,119.72,312.06,136.44,2022-10-16,20:03:50,0.38364417099275777,2.287159190853122
Vegan,Heirloom Tomato BLT,American,67.86,133.37,114.89,2022-10-16,20:03:50,0.508810077228762,1.160849508225259
Vegan,Toasted Coconut and Almond Butter,American,66.39,96.28,197.65,2022-10-16,20:03:50,0.6895513086830078,0.48712370351631673
Vegan,Summer Baked Beans recipes,American,12.72,3204.43,53.92,2022-10-16,20:03:50,0.003969504716907531,59.42933976261127
Vegan,Vegan Gravy,American,15.33,88.78,63.28,2022-10-16,20:03:50,0.1726740256814598,1.4029709228824272
Vegan,Sweet Potato Turnovers with Sweet Kraut,French,18.53,340.31,95.89,2022-10-16,20:03:50,0.05445035408891893,3.5489623526957974
Vegan,Vegan Chili,American,77.37,290.62,53.2,2022-10-16,20:03:57,0.2662239350354415,5.462781954887218
Vegan,Vegan Chili,American,83.07,289.12,24.89,2022-10-16,20:03:57,0.2873201438848921,11.615910004017678
Vegan,Vegan Cassoulet,American,32.89,192.7,911.66,2022-10-16,20:03:57,0.17067981318111056,0.21137266086040848
Vegan,Chocolate Chip Pumpkin Bread,American,41.34,466.58,154.67,2022-10-16,20:03:57,0.08860216897423809,3.0166160212064397
Vegan,Vegan Lasagna,American,175.6,469.02,121.44,2022-10-16,20:03:57,0.3743976802694981,3.8621541501976284
Vegan,Cherry Tomato Zucchini Noodles,Asian,11.46,39.76,14.13,2022-10-16,20:03:57,0.2882293762575453,2.813871196036801
Vegan,"Pb, J & Chocolate Love Pie",American,62.69,275.49,262.8,2022-10-16,20:03:57,0.22755816908054738,1.0482876712328768
Vegan,Red lentil & sweet potato pâté,French,37.67,118.32,15.72,2022-10-16,20:03:57,0.3183739012846518,7.526717557251907
Vegan,Double-Chocolate Glazed Doughnuts,American,26.65,316.79,119.73,2022-10-16,20:03:57,0.08412513021244357,2.645869873882903
Vegan,Vegan cashew Parmesan,American,59.46,65.69,67.7,2022-10-16,20:03:57,0.9051606028314813,0.9703101920236336
Vegan,Vegan Mayonnaise Recipe,American,9.89,4.19,341.1,2022-10-16,20:03:57,2.360381861575179,0.01228378774552917
Vegan,Rustic Garlic and Asparagus Tofu Quiche Is a Slice of Sunshine,French,16.32,119.85,87.04,2022-10-16,20:03:57,0.13617021276595745,1.3769531249999998
Vegan,Vegan Corn Soup,American,29.92,164.72,38.37,2022-10-16,20:03:57,0.1816415735794075,4.292937190513422
Vegan,Chocolate Sunflower Butter Spread recipes,American,9.19,136.89,228.0,2022-10-16,20:03:57,0.06713419533932355,0.6003947368421052
Vegan,Vegan Cauliflower Soup,American,26.33,36.65,29.47,2022-10-16,20:03:57,0.7184174624829468,1.2436375975568374
Vegan,Vegan Yorkshire puddings,British,28.33,194.44,41.45,2022-10-16,20:03:57,0.14570047315367207,4.690952955367913
Vegan,"Vegan ""Ice Cream""",American,3.15,28.35,4.84,2022-10-16,20:03:57,0.1111111111111111,5.857438016528926
Vegan,Vegan Christmas pudding,American,60.68,1131.87,113.81,2022-10-16,20:04:04,0.05361039695371377,9.94525964326509
Vegan,Grilled Avocado Sandwich,American,7.0,31.62,8.68,2022-10-16,20:04:04,0.22137887413029728,3.6428571428571432
Vegan,Vegan Asparagus Risotto,American,30.84,247.0,16.36,2022-10-16,20:04:04,0.1248582995951417,15.097799511002446
Vegan,Vegan lemon cheesecake,American,80.07,223.02,266.4,2022-10-16,20:04:04,0.3590260963142319,0.8371621621621623
Vegan,Vegan Mushroom Gravy,American,10.93,37.1,41.71,2022-10-16,20:04:04,0.2946091644204852,0.8894749460561017
Vegan,Vegan Blueberry Crisp,American,30.9,196.29,153.5,2022-10-16,20:04:04,0.15742014366498547,1.2787622149837132
Vegan,Vegan lemon cake,American,29.37,568.68,97.64,2022-10-16,20:04:04,0.05164591686009707,5.82425235559197
Vegan,Chocolate-Covered Banana Ice Cream Bars,American,43.88,239.08,154.42,2022-10-16,20:04:04,0.1835368914170989,1.5482450459785004
Vegan,Vegan Lemon Cake,American,27.09,473.21,76.49,2022-10-16,20:04:04,0.05724731091904229,6.186560334684272
Vegan,"Oat Milk Tres ""Leches"" Cake",South American,118.03,713.21,278.89,2022-10-16,20:04:04,0.16549122979206685,2.557316504715121
Vegan,"Steamed Buns with Simmered Daikon and Shiitake, Pickled Bean Sprouts, and Spicy Mayonnaise (Vegan) Recipe",American,78.57,442.46,59.91,2022-10-16,20:04:04,0.17757537404511142,7.385411450509097
Vegan,Easy vegan pho,American,18.65,106.31,15.27,2022-10-16,20:04:04,0.17543034521681872,6.962017026850033
Vegan,Vegan Chocolate Sorbet,American,7.27,173.78,51.9,2022-10-16,20:04:10,0.04183450339509725,3.3483622350674374
Vegan,Vegan Black Beans,American,104.19,316.86,49.68,2022-10-16,20:04:10,0.3288202991857603,6.378019323671498
Vegan,Easy vegan burgers,American,49.36,466.88,24.18,2022-10-16,20:04:10,0.10572309801233722,19.308519437551695
Vegan,Vegan Chocolate Cake,American,50.01,722.29,229.58,2022-10-16,20:04:10,0.06923811765357404,3.146136423033365
Vegan,Vegan Sourdough Stuffing,American,64.61,290.67,54.0,2022-10-16,20:04:10,0.22227956101420854,5.382777777777778
Vegan,Vegan Sweet Potato and 2-Bean Chili With Hominy Recipe,American,135.92,583.76,59.5,2022-10-16,20:04:10,0.23283541181307385,9.81109243697479
Vegan,Vegan Chickpea Curry,American,71.67,244.33,64.8,2022-10-16,20:04:10,0.29333278762329634,3.770524691358025
Vegan,Vegan Baked Beans,American,98.26,403.51,48.14,2022-10-16,20:04:10,0.24351317191643332,8.382010801828
Vegan,Vegan Mapo Tofu,American,52.07,60.56,56.37,2022-10-16,20:04:10,0.8598084544253632,1.0743303175447934
Vegan,Vegan Chili Mac,American,74.67,242.04,66.9,2022-10-16,20:04:10,0.3085027268220129,3.6179372197309414
Vegan,Vegan Scalloped Potatoes,American,37.1,298.65,73.61,2022-10-16,20:04:10,0.12422568223673197,4.0571933161255265
Vegan,Vegan Christmas cake,American,101.45,1210.44,371.51,2022-10-16,20:04:17,0.08381249793463534,3.2581626335764855
Vegan,Vegan Rice Pudding,British,27.49,328.04,84.0,2022-10-16,20:04:17,0.08380075600536518,3.9052380952380954
Vegan,Vegan Spring Risotto,Italian,25.13,212.46,16.39,2022-10-16,20:04:17,0.11828108820483856,12.962782184258694
Vegan,Vegan mince pies,American,71.56,727.39,268.62,2022-10-16,20:04:17,0.09837913636426127,2.7078772987863897
Vegan,Vegan Eggplant Lasagna,Italian,130.69,183.5,96.88,2022-10-16,20:04:17,0.7122070844686649,1.8940957886044592
Vegan,Simple Vegan Pesto,American,35.18,28.08,155.98,2022-10-16,20:04:17,1.252849002849003,0.18002307988203617
Vegan,Vegan Mayonnaise recipes,American,2.4,16.16,82.56,2022-10-16,20:04:17,0.1485148514851485,0.19573643410852712
Vegan,Vegan Hoppin' John,American,45.97,391.64,27.27,2022-10-16,20:04:17,0.11737820447349608,14.361569490282362
Vegan,Vegan Chocolate Ganache Cupcakes with Salted Caramel and Dark Chocolate Buttercream,American,120.61,1486.52,685.22,2022-10-16,20:04:17,0.08113580711998493,2.1694054464259653
Vegan,Vegan Thai curry,South East Asian,81.25,376.16,143.38,2022-10-16,20:04:17,0.21599851127179923,2.623517924396708
Vegan,Vegan Miso Pesto,American,10.76,16.9,79.51,2022-10-16,20:04:24,0.6366863905325444,0.2125518802666331
Vegan,Roasted Veggie Mason Jar Salad,Asian,30.27,24.73,22.72,2022-10-16,20:04:24,1.2240194096239385,1.088468309859155
Vegan,Vegan Mac & Cheese,American,85.38,300.79,83.5,2022-10-16,20:04:24,0.2838525216928754,3.6022754491017968
Vegan,Vegan Chocolate Mousse,American,41.81,212.07,100.09,2022-10-16,20:04:24,0.1971518838119489,2.1187930862223996
Vegan,Korean Shrimp Cocktail,American,185.31,22.83,93.78,2022-10-16,20:04:24,8.11695137976347,0.24344209852847087
Vegan,Vegan Anytime Risotto,American,67.37,327.18,59.52,2022-10-16,20:04:24,0.20591111926156858,5.496975806451613
Vegan,Vegan Salad Nicoise,American,74.16,120.17,380.98,2022-10-16,20:04:24,0.6171257385370724,0.31542338180481916
Vegan,Vegan Mashed Potatoes,American,11.66,96.4,54.73,2022-10-16,20:04:24,0.12095435684647303,1.7613740179060846
Vegan,Low-key Iridofu Or Scrambled Tofu With Vegetables recipes,Asian,74.74,32.31,40.2,2022-10-16,20:04:24,2.3132157226864742,0.8037313432835821
Vegan,Vegan Sesame Grill,American,12.67,77.56,12.17,2022-10-16,20:04:24,0.16335740072202165,6.37304847986853
Vegan,Vegan Jackfruit Tacos,American,63.86,303.01,67.49,2022-10-16,20:04:24,0.21075212039206628,4.489702178100459
Vegan,Tofu Salad,Asian,18.76,32.32,17.91,2022-10-16,20:04:24,0.5804455445544555,1.8045784477945281
Vegan,Deviled Potatoes,Mediterranean,120.85,767.12,18.23,2022-10-16,20:04:24,0.15753728230263844,42.080087767416344
Vegan,Vegan Potato Soup,American,79.69,262.1,130.71,2022-10-16,20:04:24,0.3040442579168256,2.0052023563614108
Vegan,Vegan Caesar Dressing,American,22.05,31.41,44.91,2022-10-16,20:04:24,0.7020057306590258,0.6993987975951904
Vegan,Vegan Summer Succotash,American,28.19,112.52,25.87,2022-10-16,20:04:30,0.2505332385353715,4.349439505218399
Vegan,Vegan Tikka Masala,American,106.33,309.79,144.92,2022-10-16,20:04:30,0.3432325123470738,2.1376621584322386
Vegan,Vegan Enchilada Casserole,American,151.55,654.47,56.44,2022-10-16,20:04:30,0.2315614161076902,11.595854004252304
Vegan,Vegan Chocolate Milkshake,American,21.17,120.27,41.1,2022-10-16,20:04:30,0.1760206202710568,2.9262773722627737
Vegan,Jalapeño Pesto Potato Tamales,South American,43.71,343.61,198.67,2022-10-16,20:04:30,0.12720817205552806,1.7295515175919869
Vegan,Vegan Basil Pesto,American,20.29,25.97,96.69,2022-10-16,20:04:30,0.7812860993453985,0.2685903402626952
Vegan,Vegan Banana Muffins,American,22.36,316.56,118.11,2022-10-16,20:04:30,0.07063431892848117,2.680213360426721
Vegan,Massaged Kale Salad recipes,Mediterranean,37.56,101.22,88.18,2022-10-16,20:04:30,0.37107291049199764,1.1478793377183034
Vegan,Vegan Basil “Chicken”,American,70.45,43.51,63.81,2022-10-16,20:04:30,1.6191680073546313,0.6818680457608525
Vegan,Vegan Lentil Soup,American,62.9,181.19,31.82,2022-10-16,20:04:30,0.3471494011810806,5.694217473287241
Vegan,Vegan Pumpkin Bread,American,43.54,417.73,112.34,2022-10-16,20:04:30,0.10423000502717066,3.718444009257611
Vegan,Gena Hamshaw's (Vegan) Deli Bowls With Smashed Chickpea Salad,American,121.33,340.49,177.38,2022-10-16,20:04:30,0.35633939322740754,1.9195512459127297
Vegan,Decadent Vegan Brownies,French,23.33,339.8,113.64,2022-10-16,20:04:30,0.06865803413772807,2.990144315381908
Vegan,Vegan Pear Tart,American,28.5,296.05,112.24,2022-10-16,20:04:37,0.09626752237797669,2.6376514611546686
Vegan,Vegan Blueberry Muffins,American,33.07,422.0,94.49,2022-10-16,20:04:37,0.07836492890995261,4.466081066779553
Vegan,Vegan Penne Vodka,American,86.64,434.2,76.53,2022-10-16,20:04:37,0.19953938277291572,5.67359205540311
Vegan,Vegan Scalloped Potatoes,American,61.88,199.46,65.27,2022-10-16,20:04:37,0.3102376416324075,3.055921556611001
Vegan,Beet Jerky recipes,American,15.59,69.3,0.97,2022-10-16,20:04:37,0.22496392496392498,71.44329896907216
Vegan,Vegan Chickpea Alfredo,American,142.21,512.07,75.14,2022-10-16,20:04:37,0.2777159372742008,6.814878892733565
Vegan,Vegan Buddha Bowl,American,57.85,227.15,105.16,2022-10-16,20:04:37,0.2546775258639665,2.160041841004184
Vegan,7 layer mexican dip,Mexican,102.31,337.22,197.22,2022-10-16,20:04:37,0.3033924441017733,1.7098671534327148
Vegan,Vegan Coconut Bars,World,14.76,330.45,79.45,2022-10-16,20:04:37,0.044666364049024056,4.15921963499056
Vegan,Vegan Zucchini kofta,American,37.62,152.18,196.5,2022-10-16,20:04:37,0.24720725456696016,0.7744529262086515
Vegan,Vegan Portobello Muffuletta,American,47.7,190.91,70.41,2022-10-16,20:04:37,0.24985595306689018,2.7114046300241443
Vegan,Vegan Chocolate Babka,American,38.94,333.75,88.42,2022-10-16,20:04:37,0.11667415730337077,3.7745985071250847
Vegan,Vegan Brownies recipes,French,66.43,400.61,228.71,2022-10-16,20:04:37,0.1658221212650708,1.7516068383542478
Vegan,Seitan,Asian,186.43,70.93,30.6,2022-10-16,20:04:37,2.6283659946426052,2.3179738562091505
Vegan,Vegan tarka dal,American,116.89,316.1,45.52,2022-10-16,20:04:37,0.36978804175893704,6.944200351493849
Vegan,Southeast Asian Inspired Vegan Apple Blackberry Pie With Coconut Crumb Topping And Coconut Scented Crust,American,55.31,770.24,267.22,2022-10-16,20:04:44,0.07180878687162442,2.882418980615223
Vegan,"Dark Chocolate, Chia, and Cherry Pecan Bar",American,10.48,94.15,67.01,2022-10-16,20:04:44,0.111311736590547,1.4050141769885092
Vegan,Vegan Pumpkin Chili,American,61.67,276.87,37.83,2022-10-16,20:04:44,0.22273991403907972,7.318794607454402
Vegan,Vegan Chocolate Dipped Strawberries,American,8.66,83.05,46.09,2022-10-16,20:04:44,0.10427453341360626,1.8019093078758948
Vegan,Plain Cake Donut,American,14.71,558.56,76.65,2022-10-16,20:04:44,0.02633557719851046,7.287149380300064
Vegan,Vegan Pad Thai,South East Asian,123.43,287.59,133.03,2022-10-16,20:04:44,0.42918738481866553,2.161843193264677
Vegan,Vegan Peach Cobbler,American,75.12,622.73,68.91,2022-10-16,20:04:44,0.1206301286271739,9.03685967203599
Vegan,Couscous with Pine Nuts and Currants,American,18.2,105.12,32.85,2022-10-16,20:04:44,0.17313546423135462,3.2
Vegan,Baby Bok Choy Salad with Mama O's Kimchi Paste,Chinese,6.02,21.02,0.95,2022-10-16,20:04:44,0.2863939105613701,22.126315789473686
Vegan,Vegan cashew cream cheese,American,62.25,90.89,110.77,2022-10-16,20:04:44,0.6848938277038178,0.8205290241039993
Vegan,Easy Vegan Chocolate Truffles,American,50.68,309.97,200.92,2022-10-16,20:04:44,0.1634996935187276,1.5427533346605617
Vegan,Vegan Pumpkin Pie,American,44.62,371.87,350.17,2022-10-16,20:04:44,0.11998816790813993,1.0619699003341234
Vegan,Vegan Chocolate & Pumpkin Pudding,British,4.65,77.96,4.75,2022-10-16,20:04:44,0.05964597229348385,16.412631578947366
Vegan,Easiest ever vegan gravy,American,3.12,9.71,5.39,2022-10-16,20:04:44,0.32131822863027804,1.8014842300556588
Vegan,Cranberry-Carrot Cake Recipe,American,63.64,457.67,101.36,2022-10-16,20:04:44,0.13905215548320843,4.515292028413575
Vegan,Massaged Kale Salad Recipe,American,37.56,101.22,80.74,2022-10-16,20:04:50,0.37107291049199764,1.253653703244984
Vegan,Vegan Saffron Risotto,American,72.96,427.95,33.85,2022-10-16,20:04:50,0.17048720644935156,12.642540620384047
Vegan,Vegan Lasagna recipes,American,141.85,361.97,150.89,2022-10-16,20:04:50,0.39188330524629106,2.3988998608257677
Vegan,Vegan French-Fried Onions,American,7.01,45.29,7.68,2022-10-16,20:04:50,0.15478030470302495,5.897135416666667
Vegan,Vegan Double Caramel Flan,American,23.14,313.45,51.01,2022-10-16,20:04:50,0.07382357632796299,6.144873554205057
Vegan,Vegan Mocha Mousse Recipe,American,75.54,201.64,83.46,2022-10-16,20:04:50,0.37462804999008137,2.416007668344117
Vegan,Purple Carrot's Jalapeño Popper Potato Skins,American,83.47,343.82,132.41,2022-10-16,20:04:50,0.24277238089698097,2.596631674344838
Vegan,Vegan Palak Paneer,Indian,69.07,87.68,64.8,2022-10-16,20:04:50,0.7877509124087589,1.3530864197530865
Vegan,Vegan kale pesto pasta,American,85.33,299.08,87.91,2022-10-16,20:04:50,0.28530827872141235,3.402115800250256
Vegan,Vegan vanilla ice cream,American,17.39,209.12,171.18,2022-10-16,20:04:50,0.08315799540933436,1.2216380418273163
Vegan,Chunky Peanut Butter Fudge Squares,American,57.88,212.55,153.01,2022-10-16,20:04:50,0.2723123970830393,1.3891248937977911
Vegan,Vegan Spaghetti alla Puttanesca,American,67.2,375.92,56.82,2022-10-16,20:04:50,0.1787614386039583,6.615980288630764
Vegan,Vegan Bistro Lunch Box,American,8.25,28.23,8.52,2022-10-16,20:04:50,0.2922422954303932,3.313380281690141
Vegan,Vegan Avocado Ice Cream,American,14.45,190.05,130.85,2022-10-16,20:04:50,0.07603262299394896,1.4524264424914026
Vegan,Vanilla Torte With Raspberry Filling And Chocolate Frosting,American,114.32,908.43,238.33,2022-10-16,20:04:50,0.12584348821593297,3.811647715352662
Vegan,Vegan Asparagus Avocado Soup,American,40.99,112.72,125.04,2022-10-16,20:04:57,0.3636444286728176,0.9014715291106845
Vegan,Kale Slaw recipes,American,12.4,57.01,20.99,2022-10-16,20:04:57,0.21750570075425366,2.7160552644116245
Vegan,Inclusive Vegan Sour Cream,American,8.61,15.68,36.19,2022-10-16,20:04:57,0.5491071428571428,0.4332688588007737
Vegan,Vegan Chocolate-Ganache Frosting,American,19.52,191.74,165.39,2022-10-16,20:04:57,0.10180452696359653,1.1593203942197232
Vegan,Smoky spiced veggie rice,American,72.5,477.82,76.99,2022-10-16,20:04:57,0.15173077728014733,6.2062605533186135
Vegan,Vegan mac 'n' cheese,American,120.58,520.01,162.1,2022-10-16,20:04:57,0.23188015615084326,3.207958050586058
Vegan,Easy Vegan Bacon Bits,American,59.11,49.68,0.38,2022-10-16,20:04:57,1.1898148148148149,130.73684210526315
Vegan,Healthy Vegan Snacking recipes,American,6.02,127.9,1.98,2022-10-16,20:04:57,0.0470680218921032,64.5959595959596
Vegan,Vegan BBQ teriyaki tofu,Asian,71.0,62.88,53.38,2022-10-16,20:04:57,1.1291348600508906,1.1779692768827277
Vegan,Vegan Lentil Soup Recipe,American,117.97,329.04,33.72,2022-10-16,20:04:57,0.3585278385606613,9.758007117437723
Vegan,Vegan Carbonara Pasta Recipe,American,114.96,383.39,128.65,2022-10-16,20:04:57,0.2998513263256736,2.980101049358725
Vegan,Vegan Coconut Chickpea Curry,American,86.87,501.32,53.58,2022-10-16,20:04:57,0.17328253410994973,9.356476297125793
Vegan,Vegan Sweet Potato Casserole,American,36.04,307.12,110.7,2022-10-16,20:04:57,0.1173482677780672,2.774345076784101
Vegan,Vegan Basil Cashew Pesto,American,28.42,30.95,99.52,2022-10-16,20:04:57,0.9182552504038773,0.3109927652733119
Vegan,Vegan lemon meringue pie,American,26.72,385.51,193.03,2022-10-16,20:04:57,0.06931078311846645,1.9971507019634254
Vegan,Vegan Grape Jelly recipes,American,1.09,99.98,0.24,2022-10-16,20:05:04,0.010902180436087218,416.58333333333337
Vegan,Vegan Chickpea Coconut Curry,American,19.93,100.18,134.96,2022-10-16,20:05:04,0.1989419045717708,0.742294013040901
Vegan,Chargrilled Artichokes Hummus [vegan],Mediterranean,35.61,115.73,43.49,2022-10-16,20:05:04,0.30769895446297413,2.6610715106921132
Vegan,Easy Brown Rice & Veggie Wrap,Chinese,11.03,52.26,19.43,2022-10-16,20:05:04,0.21106008419441255,2.689655172413793
Vegan,Vegan Olive Oil Cake,American,36.09,492.72,221.5,2022-10-16,20:05:04,0.0732464685825621,2.224469525959368
Vegan,Vegan Kaju Matar Masala | Vegan Cashew and Green Peas Curry,Indian,39.11,104.85,97.12,2022-10-16,20:05:04,0.37300906056270866,1.0795922570016474
Vegan,Vegan Fettuccine Alfredo Recipe,American,125.93,357.2,139.6,2022-10-16,20:05:04,0.3525475923852184,2.5587392550143266
Vegan,Asparagus Garlic Scape Pesto Spaghetti recipes,Italian,16.02,42.41,54.27,2022-10-16,20:05:04,0.37774109879745343,0.7814630550948958
Vegan,Vegan Chocolate Frosting recipes,American,7.27,143.81,160.91,2022-10-16,20:05:04,0.05055281273903066,0.8937294139581132
Vegan,The best vegan tacos,American,73.62,221.55,34.38,2022-10-16,20:05:04,0.3322951929587001,6.444153577661431
Vegan,Vegan Superfood Buddha Bowls,American,74.84,234.13,70.8,2022-10-16,20:05:04,0.31965147567590657,3.3069209039548024
Vegan,Whole Spelt Vegan Pasta,American,17.2,98.28,15.52,2022-10-16,20:05:04,0.175010175010175,6.332474226804124
Vegan,Vegan Vanilla Ice Cream,American,25.52,107.14,61.4,2022-10-16,20:05:04,0.23819301848049282,1.7449511400651467
Vegan,Root Vegetables Jazzed Up!,American,8.66,99.05,14.91,2022-10-16,20:05:04,0.08743059061080263,6.643192488262911
Vegan,Vegan Cashew Caesar Salad,American,38.86,89.46,101.6,2022-10-16,20:05:11,0.43438408227140624,0.8805118110236221
Vegan,Raw Vegan Coconut Macaroons,American,31.57,95.83,112.34,2022-10-16,20:05:11,0.3294375456537619,0.8530354281645006
Vegan,Vegan Strawberry Ice Cream,American,5.79,222.43,5.76,2022-10-16,20:05:11,0.0260306613316549,38.61631944444445
Vegan,Simplest Chocolate Mousse,British,46.49,138.98,128.96,2022-10-16,20:05:11,0.33450856238307675,1.077698511166253
Vegan,Vegan Peach Ice Scream,American,13.42,177.68,9.47,2022-10-16,20:05:11,0.07552904097253489,18.762407602956706
Vegan,Roasted Veggie Brown Rice Buddha Bowl,Asian,29.38,45.68,19.5,2022-10-16,20:05:11,0.643169877408056,2.3425641025641024
Vegan,Simple Vegan Pesto Zoodles,American,29.84,63.91,92.41,2022-10-16,20:05:11,0.46690658738851515,0.6915918190672005
Vegan,Vegan Mango Lassi recipes,World,5.81,155.67,10.77,2022-10-16,20:05:11,0.03732254127320614,14.454038997214484
Vegan,Vegan Nectarine Ice Cream,American,12.36,151.54,97.35,2022-10-16,20:05:11,0.08156262372970832,1.5566512583461736
Vegan,Vegan Vanilla Ice Cream,American,17.21,115.94,180.87,2022-10-16,20:05:11,0.1484388476798344,0.6410128821805716
Vegan,Grilled Corn with Sriracha Mayo,Mediterranean,21.18,84.51,72.18,2022-10-16,20:05:11,0.250621228257011,1.1708229426433914
Vegan,Saweet! Potato Casserole with a Crunchy Nut Crumble recipes,American,66.71,586.67,225.24,2022-10-16,20:05:11,0.11370958119556139,2.6046439353578403
Vegan,Recent stonesoup vegan recipes,American,7.62,17.64,9.59,2022-10-16,20:05:11,0.43197278911564624,1.8394160583941608
Vegan,"Vegan ""Cheesy"" Pumpkin Seeds",American,83.58,32.84,153.89,2022-10-16,20:05:11,2.545066991473812,0.21339918123334853
Vegan,Vegan Butternut Squash Soup,American,17.34,91.39,115.59,2022-10-16,20:05:11,0.18973629499945288,0.7906393286616489
Vegan,Vegan Lemon Asparagus Risotto,American,54.8,225.11,31.22,2022-10-16,20:05:11,0.24343654213495622,7.2104420243433704
Vegan,Satoimo (taro Root) Cooked In Miso With Tofu recipes,Asian,41.19,114.26,19.73,2022-10-16,20:05:11,0.360493611062489,5.791180942726812
Vegan,Cold Avocado Soup With Sweet Corn And Bacon,South American,28.33,85.11,94.31,2022-10-16,20:05:17,0.3328633533074844,0.902449369101898
Vegan,Cranberry-topped Sourdough Coffee Cake,American,43.4,518.9,141.93,2022-10-16,20:05:17,0.08363846598573907,3.6560276192489254
Vegan,No-Bake Strawberry Pie,American,18.95,373.66,70.16,2022-10-16,20:05:17,0.05071455333725847,5.325826681870012
Vegan,Vegan Baked Banana Donuts,American,6.02,308.57,4.73,2022-10-16,20:05:17,0.01950934958032213,65.23678646934461
Vegan,Jerseylicious Vegan Peach Pie,American,32.45,368.31,113.84,2022-10-16,20:05:17,0.08810512883169071,3.235330288123682
Vegan,Vegan Caprese Salad recipes,American,61.81,46.18,75.54,2022-10-16,20:05:17,1.3384582070160242,0.6113317447709822
Vegan,Vegan Raw Plantain Salad,American,8.8,139.47,2.19,2022-10-16,20:05:17,0.06309600630960063,63.68493150684932
Vegan,Vegan Fresh Pasta Dough.,American,35.58,262.82,7.89,2022-10-16,20:05:17,0.13537782512746366,33.31051964512041
Vegan,Hearts of Baltimore Crab Cakes,Mediterranean,30.74,84.99,104.24,2022-10-16,20:05:17,0.3616896105424168,0.8153300076745971
Vegan,Garlicky Baked Butternut Squash recipes,American,32.14,190.38,39.93,2022-10-16,20:05:17,0.16882025422838534,4.767843726521412
Vegan,Green Tea Ice Cream,American,11.9,143.33,92.97,2022-10-16,20:05:17,0.08302518663224726,1.5416801118640424
Vegan,Asparagus recipes,Chinese,11.74,10.23,32.11,2022-10-16,20:05:17,1.147605083088954,0.31859233883525384
Vegan,Ultimate Vegan Thanksgiving Gravy,American,27.2,102.17,42.17,2022-10-16,20:05:17,0.26622296173044924,2.422812425895186
Vegan,Perfect Vegan Pie Crust,American,29.06,223.51,111.76,2022-10-16,20:05:17,0.13001655406916918,1.9999105225483176
Vegan,Thyme roasted vegetables,American,8.56,146.03,42.54,2022-10-16,20:05:17,0.0586180921728412,3.432769158439116
Vegan,Vegan Banana Cashew Yogurt,American,29.25,102.35,62.48,2022-10-16,20:05:17,0.28578407425500735,1.638124199743918
Vegan,Homemade Vegan Kimchi Recipe,American,33.83,108.25,14.19,2022-10-16,20:05:24,0.31251732101616625,7.6286116983791405
Vegan,Easy Vegan Pad Thai,South East Asian,69.47,523.83,45.24,2022-10-16,20:05:24,0.13261936124315138,11.578912466843502
Vegan,Tomato Tart,French,17.48,100.57,44.06,2022-10-16,20:05:24,0.17380928706373672,2.2825692237857464
Vegan,Vegan Chocolate Orange Muffins,American,34.66,266.45,64.99,2022-10-16,20:05:24,0.13008069056108088,4.099861517156485
Vegan,Pecan Butter,American,18.36,47.61,162.93,2022-10-16,20:05:24,0.3856332703213611,0.2922113791198674
Vegan,Vegan Seafood Spelt Pasta,American,54.91,264.71,49.65,2022-10-16,20:05:24,0.20743455101809527,5.33152064451158
Vegan,Raw vegan spag bol,American,78.97,245.02,44.98,2022-10-16,20:05:24,0.3223002203901722,5.447309915518009
Vegan,Maple Frosted Pumpkin Cake Recipe,American,66.83,938.29,252.26,2022-10-16,20:05:24,0.07122531413528867,3.719535399984143
Vegan,Vegan Vanilla Cashew Cream,American,18.23,31.25,43.86,2022-10-16,20:05:24,0.58336,0.7124943000455997
Vegan,Vegan Mediterranean Pita Pockets,American,120.28,197.28,115.53,2022-10-16,20:05:24,0.6096918085969181,1.7076084133991172
Vegan,Vegan Green-Goddess Dip,American,3.6,13.98,71.09,2022-10-16,20:05:24,0.2575107296137339,0.19665213110142074
Vegan,Vegan Caprese Salad recipes,American,57.58,46.33,29.68,2022-10-16,20:05:24,1.242823224692424,1.5609838274932615
Vegan,Easy Green Chile Quesadilla Recipe With Sprouted Corn Tortillas,Mexican,34.34,48.42,50.87,2022-10-16,20:05:24,0.7092110698058653,0.9518380184784746
Vegan,"Beetroot, hummus & crispy chickpea sub sandwich",Mediterranean,59.07,262.48,42.64,2022-10-16,20:05:24,0.22504571776897286,6.155722326454034
Vegan,Vegan Mushroom Gravy recipes,American,17.32,106.32,57.73,2022-10-16,20:05:24,0.16290443942814148,1.8416767711761648
Vegan,Simple Vegan Chocolate Cake,American,38.71,545.64,135.55,2022-10-16,20:05:31,0.07094421230115094,4.025378089265953
Vegan,Vegan Banana Ice Cream,American,11.88,169.1,97.21,2022-10-16,20:05:31,0.07025428740390302,1.739532969859068
Vegan,Vegan Spiced Cashew Rice,American,45.72,211.44,86.92,2022-10-16,20:05:31,0.21623155505107833,2.432581684307409
Vegan,Vegan Carrot Jalapeño Soup,American,20.77,90.18,59.76,2022-10-16,20:05:31,0.23031714349079616,1.5090361445783134
Vegan,Vegan Sweet Squash Soup,American,6.77,102.28,23.03,2022-10-16,20:05:31,0.06619084865076261,4.441163699522362
Vegan,Vegan Avocado Ceviche recipes,American,9.15,39.7,43.86,2022-10-16,20:05:31,0.2304785894206549,0.9051527587779299
Vegan,5-Minute Vegan Breakfast Burritos,American,76.01,132.07,50.95,2022-10-16,20:05:31,0.5755281290224882,2.592149165848871
Vegan,Veggie Veggie Vegan Soup,American,20.35,123.04,29.02,2022-10-16,20:05:31,0.16539336801040314,4.239834596829773
Vegan,Best-Ever Vegan Meatballs,American,35.95,114.25,28.96,2022-10-16,20:05:31,0.31466083150984686,3.945096685082873
Vegan,Vegan Lemon Fettuccine Alfredo,American,85.42,292.08,91.47,2022-10-16,20:05:31,0.2924541221583128,3.193178091177435
Vegan,No-Oil Balsamic Dressing,American,33.28,101.9,2.99,2022-10-16,20:05:31,0.32659470068694796,34.080267558528426
Vegan,Vegan bean chilli fries,American,50.83,249.54,90.69,2022-10-16,20:05:31,0.20369479842910956,2.751571286801191
Vegan,All the 'melon Ceviche (vegan),American,14.32,122.56,31.66,2022-10-16,20:05:31,0.11684073107049608,3.8711307643714465
Vegan,Vegan Moroccan Harira recipes,Middle Eastern,127.16,430.33,43.33,2022-10-16,20:05:31,0.2954941556479911,9.931456265866606
Vegan,Vegan Cream Of Broccoli Soup,American,41.97,142.86,18.91,2022-10-16,20:05:38,0.2937841243175136,7.554732945531465
Vegan,Vegan Caesar Salad recipes,American,55.62,193.4,143.75,2022-10-16,20:05:38,0.28759048603929677,1.345391304347826
Vegan,Vegan and Gluten-Free Gravy,American,29.69,49.33,16.42,2022-10-16,20:05:38,0.601864990877762,3.004263093788063
Vegan,Miso-Agave Mayonnaise (Vegan) Recipe,Japanese,18.36,51.95,84.05,2022-10-16,20:05:38,0.35341674687199226,0.6180844735276622
Vegan,Vegan Sweet Potato Chili,American,44.2,231.63,39.97,2022-10-16,20:05:38,0.1908215688814057,5.795096322241681
Vegan,Orange-Walnut Biscotti,Italian,82.16,393.23,137.8,2022-10-16,20:05:38,0.20893624596292246,2.8536284470246733
Vegan,Vegan Kale Caesar Salad,American,44.65,114.84,53.56,2022-10-16,20:05:38,0.3888018112156043,2.144137415982076
Vegan,Vegan “Cheese” Spread recipes,American,70.39,99.61,130.81,2022-10-16,20:05:38,0.7066559582371248,0.7614861249139974
Vegan,Smoky Black Bean Enchiladas,Mexican,99.51,308.46,48.72,2022-10-16,20:05:38,0.32260260649679057,6.33128078817734
Vegan,Raw Vegan Zoodles with Romesco,American,52.57,234.71,59.35,2022-10-16,20:05:38,0.22397852669251417,3.954675652906487
Vegan,Vegan Chorizo for Omnivores Recipe,American,170.52,351.7,94.17,2022-10-16,20:05:38,0.48484503838498727,3.7347350536264203
Vegan,15 Minute Cauliflower Fried Rice recipes,Chinese,40.74,57.84,43.11,2022-10-16,20:05:38,0.704356846473029,1.3416840640222687
Vegan,Spicy Vegan Sloppy Joes,American,52.1,233.65,50.05,2022-10-16,20:05:38,0.22298309437192382,4.6683316683316685
Vegan,Vegan Thai Cucumber Salad,South East Asian,16.75,48.12,47.06,2022-10-16,20:05:44,0.3480881130507066,1.0225244368890776
Vegan,Eggless Molten Lava Cake (In the Microwave),American,4.73,38.99,18.82,2022-10-16,20:05:44,0.12131315721979995,2.0717321997874603
Vegan,Vegan Cauliflower Fried Rice,Chinese,42.07,84.73,76.58,2022-10-16,20:05:44,0.4965183524135489,1.1064246539566467
Vegan,Vegetable Stock From 'Afro-Vegan',American,0.56,3.29,0.06,2022-10-16,20:05:44,0.17021276595744683,54.833333333333336
Vegan,Pecan-stuffed dates,American,23.83,282.81,103.33,2022-10-16,20:05:44,0.08426151833386372,2.7369592567502177
Vegan,Reeses Pie recipes,American,119.7,385.64,191.84,2022-10-16,20:05:44,0.3103931127476403,2.0102168473728104
Vegan,Spicy Vegan Sloppy Joes,American,52.1,233.65,50.05,2022-10-16,20:05:44,0.22298309437192382,4.6683316683316685
Vegan,Vegan Dal Makhni recipes,American,68.31,177.32,70.78,2022-10-16,20:05:44,0.3852357320099256,2.505227465385702
Vegan,Vegan White Bean Chili,American,89.72,304.98,67.7,2022-10-16,20:05:44,0.29418322512951667,4.5048744460856724
Vegan,Raw Walnut Brownies (vegan + gf),American,8.87,112.76,41.16,2022-10-16,20:05:44,0.07866264632848527,2.7395529640427605
Vegan,Vegan: Breakfast Garlic Toast Recipe,American,33.25,115.8,63.11,2022-10-16,20:05:44,0.28713298791019,1.8348914593566787
Vegan,Vegan Pad Thai with Tofu,Asian,66.38,195.01,63.49,2022-10-16,20:05:44,0.3403928003692118,3.0715073239880293
Vegan,Vegan Black Sesame Milkshakes,American,18.8,76.81,117.06,2022-10-16,20:05:44,0.24475979690144511,0.656159234580557
Vegan,Delicious Vegan Chili recipes,American,42.13,167.98,24.93,2022-10-16,20:05:44,0.2508036671032266,6.738066586442037
Vegan,Vegan Pinto Bean Chili,American,381.55,1264.46,37.23,2022-10-16,20:05:44,0.30174936336459834,33.96347031963471
Vegan,Vegan Chili and Cornbread Casserole,American,319.54,1159.0,291.7,2022-10-16,20:05:51,0.27570319240724767,3.973260198834419
Vegan,Healthy Vegan Yoga Bowl,American,60.73,188.21,18.76,2022-10-16,20:05:51,0.32267148398065987,10.032515991471215
Vegan,Vegan Portobello Muffuletta recipes,American,47.45,189.36,70.33,2022-10-16,20:05:51,0.25058090409801437,2.6924498791411917
Vegan,Baked Vegan Doughnuts recipes,American,15.23,304.34,67.71,2022-10-16,20:05:51,0.050042715384109884,4.494757052134101
Vegan,Vegan Chipotle Lentil Tacos,American,136.34,428.83,53.51,2022-10-16,20:05:51,0.317934845976261,8.014016071762287
Vegan,Purple Carrot’s Loaded Nachos,Mexican,126.73,425.71,338.92,2022-10-16,20:05:51,0.2976909163515069,1.2560781305322788
Vegan,Vegan Black Bean Burgers,American,113.81,338.17,38.43,2022-10-16,20:05:51,0.3365467072774048,8.799635701275045
Vegan,Chocolate Mocha Pie,American,39.03,348.34,75.65,2022-10-16,20:05:51,0.1120457024745938,4.604626569729015
Vegan,Vegan Crispy Roasted Cauliflower,American,33.34,42.56,46.01,2022-10-16,20:05:51,0.7833646616541354,0.9250163008041731
Vegan,Vegan Mixed Berry Panna Cotta,American,14.9,111.97,50.97,2022-10-16,20:05:51,0.13307135839957132,2.1967824210319797
Vegan,Vegan Butter Chicken recipes,American,52.94,121.02,76.27,2022-10-16,20:05:51,0.4374483556436953,1.5867313491543202
Vegan,Hearty Vegetable Stock (Vegan) Recipe,American,0.46,2.66,0.12,2022-10-16,20:05:51,0.17293233082706766,22.166666666666668
Vegan,Beetroot & red onion tarte tatin,French,47.43,319.17,232.71,2022-10-16,20:05:51,0.14860419212331985,1.371535387392033
Vegan,Raspberry Lemon Cake,American,26.36,279.82,58.73,2022-10-16,20:05:51,0.09420341648202415,4.764515579771837
Vegan,Vegan Pulled Mushroom BBQ Sandwiches,American,50.04,300.89,48.65,2022-10-16,20:05:51,0.16630662368307356,6.184789311408016
Vegan,Vegan Bakery-Style Blueberry Muffins,American,60.67,558.45,19.72,2022-10-16,20:05:51,0.10863998567463515,28.318965517241384
Vegan,Carnitas tenderloin tacos,Mexican,71.06,54.84,66.08,2022-10-16,20:05:58,1.2957695113056162,0.8299031476997579
Vegan,Canadian apple butter,American,2.49,135.45,25.78,2022-10-16,20:05:58,0.018383167220376525,5.254072924747866
Vegan,"Pantry Bacon (vegan, gluten free)",American,0.92,79.66,27.61,2022-10-16,20:05:58,0.011549083605322622,2.8851865266207897
Vegan,Raw Vegan Coconut Almond Macaroons,American,36.09,114.15,126.25,2022-10-16,20:05:58,0.3161629434954008,0.9041584158415842
Vegan,Burgers with Chunky Grilled Vegetables,American,52.87,100.71,28.39,2022-10-16,20:05:58,0.5249726938734982,3.5473758365621695
Vegan,Vegan Broccoli Cream Soup Recipe,American,23.5,92.68,28.95,2022-10-16,20:05:58,0.25356063875701335,3.2013816925734027
Vegan,Vegan chocolate banana ice cream,American,1.61,27.46,0.63,2022-10-16,20:05:58,0.05863073561544064,43.58730158730159
Vegan,Patatas Bravas,Mediterranean,25.85,207.13,64.9,2022-10-16,20:05:58,0.12480084970791291,3.1915254237288133
Vegan,"Big Quesadillas with Refried Beans, Spinach, and Avocado",Mexican,51.06,204.95,54.93,2022-10-16,20:05:58,0.24913393510612347,3.731112324776989
Vegan,"Charred cauliflower, lemon & caper orzo",Italian,19.38,93.24,11.53,2022-10-16,20:05:58,0.20785070785070786,8.086730268863834
Vegan,Mango-Raspberry Vegan Shake recipes,American,4.2,164.16,14.87,2022-10-16,20:05:58,0.02558479532163743,11.039677202420982
Vegan,Healthy Vegan German Potato Salad,American,28.42,244.78,1.47,2022-10-16,20:05:58,0.11610425688373234,166.51700680272108
Vegan,Red cabbage with coriander seed,American,4.48,111.57,15.81,2022-10-16,20:05:58,0.04015416330554809,7.056925996204933
Vegan,Chickpeas With Spring Greens (Vegan),American,39.1,139.69,22.25,2022-10-16,20:05:58,0.27990550504688955,6.278202247191011
Vegan,Fully Loaded Vegan Burritos,American,67.39,364.68,36.02,2022-10-16,20:05:58,0.18479214653943182,10.124375347029428
Vegan,Spicy Vegan Refried Beans Recipe,American,100.45,309.31,61.96,2022-10-16,20:05:58,0.32475510006142705,4.992091672046482
Vegan,Cheesy Vegan Brussels Sprout Chips,American,12.37,27.62,14.54,2022-10-16,20:06:05,0.447863866763215,1.8995873452544707
Vegan,Trinidad Pholourie (Gluten Free & Vegan),American,52.36,390.02,84.29,2022-10-16,20:06:05,0.1342495256653505,4.627120654881955
Vegan,Vegan Whipped Coconut Sweet Potatoes,American,7.42,82.5,24.29,2022-10-16,20:06:05,0.08993939393939394,3.396459448332647
Vegan,Olive-Artichoke Eggplant Rolls,Mediterranean,21.24,79.57,92.14,2022-10-16,20:06:05,0.266934774412467,0.8635771651834164
Vegan,Vegan Jelly-Filled Muffins Recipe,American,20.55,440.45,79.32,2022-10-16,20:06:05,0.04665682824384153,5.552824004034292
Vegan,RAW VEGAN BLOODY MARY recipes,American,5.99,29.77,1.48,2022-10-16,20:06:05,0.20120927107826672,20.114864864864863
Vegan,Hungarian Apple Crumb Kugel,French,17.65,504.27,94.97,2022-10-16,20:06:05,0.03500109068554544,5.309782036432558
Vegan,Zucchini Verde Vegan Enchiladas,American,91.98,243.48,112.79,2022-10-16,20:06:05,0.377772301626417,2.1587020125897682
Vegan,Asian-Style Lettuce Wraps,Japanese,50.77,54.64,18.12,2022-10-16,20:06:05,0.9291727672035139,3.0154525386313464
Vegan,Vegan chickpea curry jacket potatoes,American,76.95,355.52,41.04,2022-10-16,20:06:05,0.2164435193519352,8.662768031189083
Vegan,Vegan Fluffy Buttercream Frosting recipes,American,1.19,424.99,193.24,2022-10-16,20:06:05,0.0028000658839031503,2.1992858621403437
Vegan,Vegan Thai Summer Squash Vichyssoise,South East Asian,44.26,154.44,61.48,2022-10-16,20:06:05,0.2865837865837866,2.5120364346128823
Vegan,Vegan Cream of Broccoli Soup,American,50.28,107.77,31.46,2022-10-16,20:06:11,0.4665491324116174,3.4256198347107434
Vegan,Vegan Vanilla Ice Cream recipes,American,25.52,107.14,61.4,2022-10-16,20:06:11,0.23819301848049282,1.7449511400651467
Vegan,Raw Vegan Fig-Vanilla Jam,American,3.26,61.03,3.23,2022-10-16,20:06:11,0.05341635261346878,18.894736842105264
Vegan,Vegan Bakery-Style Banana Muffins,American,54.07,584.1,8.27,2022-10-16,20:06:11,0.09256976545112137,70.62877871825877
Vegan,Banana Cake with Peanut Butter Frosting recipes,American,33.4,355.7,147.51,2022-10-16,20:06:11,0.09389935338768625,2.411361941563284
Vegan,Banana Bread for One,American,2.58,40.25,14.28,2022-10-16,20:06:11,0.06409937888198758,2.8186274509803924
Vegan,Vegan Spinach and Artichoke Dip,American,51.29,101.78,127.63,2022-10-16,20:06:11,0.5039300451955198,0.7974614118937554
Vegan,Vegan Stuffing with Mushrooms and Leeks,American,66.77,281.85,107.09,2022-10-16,20:06:11,0.23689905978357279,2.6318984032122517
Vegan,Vegan Tofu and Spinach Scramble,American,70.95,39.43,62.98,2022-10-16,20:06:11,1.7993913264012174,0.626071768815497
Vegan,Spicy Cabbage Slaw (vegan) Recipe,American,5.78,84.31,0.89,2022-10-16,20:06:11,0.06855651761356897,94.73033707865169
Vegan,VEGAN PENNE WITH VODKA SAUCE,American,107.55,480.93,253.29,2022-10-16,20:06:11,0.22362921838937058,1.8987326779580718
Vegan,Vegan Pumpkin Pie Ice Cream,American,16.63,173.09,43.5,2022-10-16,20:06:11,0.09607718527933444,3.979080459770115
Vegan,Vegan Mint Chip Ice Cream,American,39.05,157.15,134.2,2022-10-16,20:06:11,0.24848870505886092,1.1710134128166916
Vegan,Grilled Portobello Mushroom Burgers,World,43.5,164.35,27.76,2022-10-16,20:06:11,0.26467903863705505,5.920389048991354
Vegan,Raspberry Mousse recipes,French,39.86,167.6,36.62,2022-10-16,20:06:18,0.23782816229116946,4.576734025122883
Vegan,Cajun Portobello Sandwich with Avocado and Rémoulade,American,57.79,210.99,172.74,2022-10-16,20:06:18,0.2738992369306602,1.2214310524487668
Vegan,Vegan Macaroni and Cheese recipes,American,193.15,523.06,199.57,2022-10-16,20:06:18,0.3692692998891141,2.6209350102720848
Vegan,Vegan Tofu Green Goddess Dressing,American,6.27,18.38,77.51,2022-10-16,20:06:18,0.3411316648531012,0.23713069281383045
Vegan,Vegan Sweet Potato Malai Kofta,American,36.9,128.0,128.65,2022-10-16,20:06:18,0.28828125,0.9949475320637388
Vegan,Easy Vegan Pad Thai Supreme,American,97.94,217.78,168.32,2022-10-16,20:06:18,0.4497199008173386,1.2938450570342206
Vegan,Gluten-Free Balsamic Zucchini Scones,American,20.83,236.24,117.68,2022-10-16,20:06:18,0.08817304436166609,2.007477906186268
Vegan,Vegan Lasagna with Roasted Vegetables,American,163.88,380.69,90.7,2022-10-16,20:06:18,0.4304814941290814,4.197243660418963
Vegan,RAW VEGAN CHOCOLATE CAKE recipes,American,64.58,545.79,182.41,2022-10-16,20:06:18,0.11832389746972279,2.9921056959596513
Vegan,Creamy Vegan Butternut Squash Carbonara,American,109.29,444.43,60.41,2022-10-16,20:06:18,0.24591049209099297,7.3568945538818085
Vegan,RAW VEGAN DONUT HOLES recipes,American,27.04,203.88,72.04,2022-10-16,20:06:18,0.13262703551108496,2.8300943920044417
Vegan,Spring Has Sprung Salad recipes,American,17.79,61.94,14.16,2022-10-16,20:06:18,0.28721343235389085,4.374293785310734
Vegan,Vegan Roasted Sweet Potato Quesadillas,Mexican,77.95,361.1,76.6,2022-10-16,20:06:18,0.21586818055940182,4.714099216710183
Vegan,Homemade 'Reese's Cups' Recipe,American,95.7,445.64,398.74,2022-10-16,20:06:25,0.21474732968315233,1.1176205045894567
Vegan,Vegan Green Bean Casserole Recipe,American,41.54,127.28,418.85,2022-10-16,20:06:25,0.3263670647391578,0.30387967052644144
Vegan,Chilled Avocado Soup,American,11.34,45.35,81.6,2022-10-16,20:06:25,0.25005512679162073,0.5557598039215687
Vegan,Creamy Vegan Herb Salad Dressing,American,14.5,6.77,34.26,2022-10-16,20:06:25,2.1418020679468244,0.1976065382370111
Vegan,Super Healthy Vegan Hummus Wrap,American,22.54,64.48,36.5,2022-10-16,20:06:25,0.3495657568238213,1.7665753424657535
Vegan,Vegan Portobello and Peach Burger,American,79.96,381.1,254.75,2022-10-16,20:06:25,0.20981369719233794,1.4959764474975468
Vegan,Creamy Vegan Avocado Potato Salad,American,26.81,185.65,60.99,2022-10-16,20:06:25,0.14441152706706167,3.043941629775373
Vegan,Vegan Pumpkin Pie Ice Cream,American,16.63,173.09,43.5,2022-10-16,20:06:25,0.09607718527933444,3.979080459770115
Vegan,Vegan Cauliflower Steaks with Mushroom Gravy,American,37.21,111.41,69.17,2022-10-16,20:06:25,0.33399156269634683,1.6106693653317912
Vegan,"The Happy Herbivore's Easy, Mock Tuna Salad Recipe",American,102.57,315.32,37.81,2022-10-16,20:06:25,0.32528859571229224,8.339592700343823
Vegan,Vegan Cauliflower Fettuccine Alfredo with Kale,American,75.91,290.12,71.3,2022-10-16,20:06:25,0.26165035157865707,4.069004207573633
Vegan,Smokin' Hot Vegan Vaquero Chili,American,57.35,191.42,17.06,2022-10-16,20:06:25,0.29960296729704317,11.22039859320047
Vegan,Soy-Free Vegan Mayonnaise recipes,American,2.47,12.91,173.68,2022-10-16,20:06:25,0.19132455460883038,0.07433210502072778
Vegan,Paleo Honey Cake,Eastern Europe,87.32,258.25,259.21,2022-10-16,20:06:25,0.3381219748305905,0.9962964391805873
Vegan,"Homemade Vegan ""Kit Kat"" Bars",American,54.69,511.03,283.58,2022-10-16,20:06:25,0.10701915738802027,1.8020664362790042
Vegan,Spinach & Dill Pasta Salad,American,17.4,70.76,24.13,2022-10-16,20:06:25,0.24590163934426226,2.93244923331952
Vegan,Vegan Cream of Broccoli Soup recipes,American,41.97,142.86,18.91,2022-10-16,20:06:32,0.2937841243175136,7.554732945531465
Vegan,Indian Cauliflower with Black Mustard Seeds,Mediterranean,14.68,48.25,45.34,2022-10-16,20:06:32,0.3042487046632124,1.0641817379797087
Vegan,5 Minute Vegan Kale Pesto recipes,American,13.62,20.92,135.28,2022-10-16,20:06:32,0.6510516252390056,0.15464222353636903
Vegan,Mexican Quinoa Bake,Middle Eastern,146.79,496.75,81.22,2022-10-16,20:06:32,0.2955007549068948,6.116104407781335
Vegan,Pantry Thai vegan chickpea pasta,South East Asian,119.07,530.39,176.66,2022-10-16,20:06:32,0.22449518279002242,3.0023208422959358
Vegan,Raw Mini Key Lime Pies,American,8.55,164.25,92.62,2022-10-16,20:06:32,0.052054794520547946,1.773375080976031
Vegan,Vegan Italian Garbanzo Bean Soup,American,29.6,113.87,21.94,2022-10-16,20:06:32,0.2599455519452007,5.190063810391978
Vegan,Recipe: Vegan Sweet Potato Chowder,American,17.31,201.34,28.75,2022-10-16,20:06:32,0.08597397437170953,7.003130434782609
Vegan,Italian Wedding Soup,Italian,125.25,163.89,50.35,2022-10-16,20:06:32,0.7642321069009702,3.2550148957298903
Vegan,Vegan Carrot Ginger Coconut Soup,American,29.08,129.28,68.93,2022-10-16,20:06:32,0.22493811881188117,1.8755258958363556
Vegan,RAW VEGAN SPECIAL BROWNIES recipes,American,33.59,250.48,358.36,2022-10-16,20:06:32,0.1341025231555414,0.6989619377162629
Vegan,Vegan Dark Chocolate Coconut Tart,American,32.24,221.1,103.54,2022-10-16,20:06:32,0.14581637268204434,2.1354066061425536
Vegan,Vegan Burrito Bowls with Cauliflower Rice,Mexican,25.61,50.07,58.11,2022-10-16,20:06:32,0.5114839225084881,0.8616417139907073
Vegan,Soy-Free Vegan Mac and Cheese,American,74.62,161.63,11.77,2022-10-16,20:06:32,0.4616717193590299,13.732370433305013
Vegan,Paleo and Vegan Pesto stuffed mushrooms,American,10.73,15.5,49.29,2022-10-16,20:06:32,0.692258064516129,0.31446540880503143
Vegan,Vegan Dan Dan Noodles Recipe,Asian,45.41,189.76,105.4,2022-10-16,20:06:32,0.23930227655986508,1.8003795066413661
Vegan,Eggless Tofu Salad,Asian,54.39,29.82,38.61,2022-10-16,20:06:32,1.823943661971831,0.7723387723387724
Vegan,The Best Vegan Tacos Ever,American,66.84,319.94,135.48,2022-10-16,20:06:38,0.20891417140713886,2.3615293770298202
Vegan,Vegan Lemon-Dill Cashew Dip,American,57.76,99.83,193.27,2022-10-16,20:06:38,0.5785835921065812,0.5165312774874528
Vegan,Summer Baked Beans,American,10.34,402.59,7.31,2022-10-16,20:06:38,0.02568369805509327,55.073871409028726
Vegan,Green Goddess Dressing (Vegan) recipes,American,6.86,26.61,84.01,2022-10-16,20:06:38,0.25779782036828264,0.3167480061897393
Vegan,Carrot Mustard Soup,American,69.1,147.26,30.53,2022-10-16,20:06:38,0.4692380823034089,4.8234523419587285
Vegan,Vegan Creamy Curried Pumpkin Soup,American,63.88,290.85,179.29,2022-10-16,20:06:38,0.21963211277290698,1.6222321378771825
Vegan,Vegan Banana Coconut Ice Cream Recipe,American,12.53,369.55,105.65,2022-10-16,20:06:38,0.03390610201596536,3.497870326549929
Vegan,Crabless Cakes with Hearts of Palm and Corn,Mediterranean,30.54,144.93,42.23,2022-10-16,20:06:38,0.21072241771889877,3.4319204357092117
Vegan,"Chana Saag (vegan, gluten free)",American,60.24,155.38,44.87,2022-10-16,20:06:38,0.3876946840005149,3.4628928014263427
Vegan,Tofu Burger,Asian,122.37,445.66,80.26,2022-10-16,20:06:38,0.274581519544047,5.552703712932968
Vegan,Mushroom Sun Burger,American,45.55,85.84,81.32,2022-10-16,20:06:38,0.5306383970177073,1.0555828824397444
Vegan,Mushroom Chia Risotto,Italian,42.76,409.11,63.48,2022-10-16,20:06:38,0.10451956686465742,6.444706994328923
Vegan,Tangy Vegan Potato Salad Recipe,American,57.93,304.53,130.47,2022-10-16,20:06:45,0.19022756378681904,2.334099793055875
Vegan,Spicy Pumpkin Soup,British,23.85,148.88,17.78,2022-10-16,20:06:45,0.16019613111230524,8.373453318335207
Vegan,Creamy Vegan Fingerling Potato Salad Recipe,American,20.82,185.35,55.76,2022-10-16,20:06:45,0.11232802805503103,3.3240674318507892
Vegan,Pumpkin Spice Whoopie Pies (Vegan),American,44.86,408.68,110.29,2022-10-16,20:06:45,0.10976803366937457,3.705503672137093
Vegan,Petite Quiches Three Ways,French,115.56,354.44,204.12,2022-10-16,20:06:45,0.32603543618101793,1.736429551244366
Vegan,"Vegan ""Pancit Bihon"" with Spaghetti Squash",American,14.17,90.83,32.26,2022-10-16,20:06:45,0.15600572498073323,2.81556106633602
Vegan,Vegan Garlic Scrape and Mushroom Rice,American,29.91,145.23,15.92,2022-10-16,20:06:45,0.20594918405288165,9.12248743718593
Vegan,Baked Eggplant Fries Recipe,French,61.99,238.33,30.15,2022-10-16,20:06:45,0.26010153988167667,7.90480928689884
Vegan,Toasted Hazelnut and Fig Cake (Vegan),American,63.19,453.89,357.0,2022-10-16,20:06:45,0.13921875344246404,1.2714005602240896
Vegan,Naughty & Nice Vegan Enchilada Casserole,American,84.97,339.36,32.59,2022-10-16,20:06:45,0.25038307402168786,10.413010125805462
Vegan,Vegan Harvest Vegetable Tart recipes,American,92.46,214.57,116.61,2022-10-16,20:06:45,0.4309083282844759,1.840065174513335
Vegan,Peanut-Tamarind Dipping Sauce for Spring Rolls or Satay Recipe,South East Asian,24.35,36.34,66.36,2022-10-16,20:06:45,0.6700605393505779,0.5476190476190477
Vegan,Vegan Pumpkin Pecan Pie recipes,American,87.99,496.82,335.19,2022-10-16,20:06:45,0.17710639668290326,1.4822041230346967
Vegan,Gluten-Free Vegan Stuffed Potatoes,American,98.63,691.07,33.85,2022-10-16,20:06:45,0.1427207084665808,20.41565731166913
Vegan,Miso-Marinated Portobello Carpaccio (Vegan) Recipe,Japanese,11.93,38.64,69.78,2022-10-16,20:06:45,0.30874741200828154,0.5537403267411866
Vegan,Vegan Avocado Lime Ice Cream Recipe,American,12.58,259.48,88.12,2022-10-16,20:06:45,0.04848157854169878,2.944620971402633
Vegan,Oatmeal Banana Chocolate Chip Cake {Vegan},American,46.97,639.42,212.42,2022-10-16,20:06:45,0.07345719558349754,3.010168534036343
Vegan,Vegan Peach Crumble Coffee Cake,American,34.97,392.01,164.88,2022-10-16,20:06:52,0.08920690798704115,2.3775473071324598
Vegan,Recipe: 6-Ingredient Vegan Enchilada Casserole,American,51.99,239.48,95.83,2022-10-16,20:06:52,0.21709537330883583,2.4990086611708233
Vegan,Best-Ever Vegan Mac & Cheese,American,134.86,514.32,144.12,2022-10-16,20:06:52,0.262210297091305,3.5686927560366364
Vegan,Wholesome Holiday Cookies (vegan + gluten-free),American,36.43,157.33,208.54,2022-10-16,20:06:52,0.23155151592194748,0.7544355998849143
Vegan,Vegan Mint Chip Ice Cream Recipe,American,28.89,288.27,249.93,2022-10-16,20:06:52,0.10021854511395567,1.1534029528267915
Vegan,"Tofu ""Egg"" Salad",Asian,68.9,30.83,70.95,2022-10-16,20:06:52,2.234836198507947,0.4345313601127554
Vegan,"Strawberry Kiwi Daiquiri Cupcakes with Kiwi Curd, Strawberry Rum Frosting, and Strawberry Rum Shooter Garnish",American,92.28,2314.02,665.2,2022-10-16,20:06:52,0.03987865273420282,3.4786831028262175
Vegan,Loaded Organic Baked Potato with Broccoli and Cheese,Italian,59.69,179.9,109.31,2022-10-16,20:06:52,0.3317954419121734,1.645778062391364
Vegan,Vegan Soft Serve Ice Cream recipes,American,7.04,90.76,3.39,2022-10-16,20:06:52,0.07756721022476862,26.772861356932154
Vegan,Zucchini Za’atar Vegan Scones recipes,American,37.77,213.68,129.79,2022-10-16,20:06:52,0.17675964058405091,1.6463517990600203
Vegan,VIETNAMESE RICE NOODLE SOUP (VEGAN PHO),South East Asian,31.1,207.84,18.92,2022-10-16,20:06:52,0.14963433410315627,10.985200845665961
Vegan,Deep Dish Chocolate Peanut Butter Ice Cream Cake recipes,American,112.35,575.76,249.51,2022-10-16,20:06:52,0.19513338891204668,2.3075628231333414
Vegan,Japanese Pancakes (Okonomiyaki) recipes,American,27.62,110.94,35.07,2022-10-16,20:06:52,0.2489634036416081,3.1633875106928997
Vegan,Spiced Coconut Lentil Soup recipes,South American,56.77,157.3,68.75,2022-10-16,20:06:52,0.36090273363000636,2.2880000000000003
Vegan,Veggie Kebabs With Vegan Pesto Sauce,American,107.45,103.38,222.45,2022-10-16,20:06:52,1.039369317082608,0.4647336480107889
Vegan,Aromatic Coconut Rice recipes,Indian,35.06,342.77,69.42,2022-10-16,20:06:59,0.10228433060069436,4.937626044367617
Vegan,Fruit & nut butternut squash quinoa,South American,79.26,308.07,131.58,2022-10-16,20:06:59,0.25727918979452724,2.3413132694938437
Vegan,Slow-Cooker Vegan Lentil Curry,American,112.09,408.52,18.4,2022-10-16,20:06:59,0.27438069127582493,22.202173913043477
Vegan,Instant-Pot Vegan Cauliflower Queso,American,27.68,59.25,18.02,2022-10-16,20:06:59,0.46717299578059074,3.2880133185349614
Vegan,Vegan Pumpkin Pecan Pie recipes,American,84.98,439.4,274.26,2022-10-16,20:06:59,0.19340009103322714,1.6021293662947567
Vegan,Vegan Carrot Spice Muffins recipes,American,52.3,443.44,47.22,2022-10-16,20:06:59,0.11794154789825004,9.390936044049132
Vegan,5 Minute Vegan Pumpkin Soup recipes,American,30.87,168.45,44.04,2022-10-16,20:06:59,0.1832591273374889,3.8249318801089918
Vegan,Date parcels stuffed with frangipane and pomegranate,American,45.98,511.58,285.24,2022-10-16,20:06:59,0.08987841588803315,1.7935072219885009
Vegan,Vegan Coconut Banana Ice Cream recipes,American,12.71,127.44,84.77,2022-10-16,20:06:59,0.09973320778405526,1.5033620384570014
Vegan,Vegan Lentil Bolognese with Cashew Parmesan,American,113.48,482.33,37.83,2022-10-16,20:06:59,0.23527460452387372,12.74993391488237
Vegan,Grilled Broccoli and Bread Salad with Pickled Shallots,American,42.75,263.75,130.8,2022-10-16,20:06:59,0.16208530805687205,2.0164373088685013
Vegan,"Celeriac, hazelnut & truffle soup",French,52.69,168.76,110.68,2022-10-16,20:06:59,0.3122185351979142,1.5247560534875315
Vegan,Rice Spaghetti with Green Vegan Basil Pesto,American,19.28,141.13,67.74,2022-10-16,20:06:59,0.1366116346630766,2.083407144966047
Vegan,Easy Vegan Garlic Scape Pesto recipes,American,84.75,33.82,112.08,2022-10-16,20:06:59,2.5059136605558843,0.30174875089221986
Vegan,Vegan Saffron-Almond Rice Pudding Recipe,British,42.64,336.11,40.95,2022-10-16,20:07:05,0.12686322929993157,8.207814407814407
Vegan,The Best Vegan Mapo Tofu Recipe,Asian,75.35,69.27,136.84,2022-10-16,20:07:05,1.0877724844810164,0.5062116340251388
Vegan,15-Minute Creamy Tomato Soup (Vegan) Recipe,American,27.5,129.28,116.19,2022-10-16,20:07:05,0.21271658415841585,1.1126602977881057
Vegan,Eggless Salad,French,42.76,30.02,25.53,2022-10-16,20:07:05,1.424383744170553,1.1758715236976105
Vegan,"Mushroom, Zucchini, and Black Bean Enchiladas",South American,69.31,322.33,106.83,2022-10-16,20:07:05,0.2150280768156858,3.017223626322194
Vegan,The Trifecta Burger,American,105.55,94.95,227.09,2022-10-16,20:07:05,1.1116377040547656,0.41811616539697916
Vegan,"King Oyster Mushroom ""BLT"" with Basil Mayonnaise recipes",American,25.16,78.74,51.15,2022-10-16,20:07:05,0.3195326390652782,1.5393939393939393
Vegan,Callaloo - Trinidadian (Vegan) Cream of Spinach,American,23.33,58.48,125.79,2022-10-16,20:07:05,0.39893980848153215,0.46490182049447487
Vegan,Crispy Fish 'n' Rainbow Chips,American,203.23,155.01,146.44,2022-10-16,20:07:05,1.3110767047287273,1.0585222616771373
Vegan,Naan,Indian,72.17,442.77,69.4,2022-10-16,20:07:05,0.1629965896515121,6.379971181556195
Vegan,"Chocolate-Covered Potato Chips with Coconut, Chile Powder, & Toasted Almonds",American,65.69,379.93,327.43,2022-10-16,20:07:05,0.17290027110257153,1.1603396145741074
Vegan,Vegan Coconut Zucchini Chocolate Chip Bread,American,45.07,364.82,232.78,2022-10-16,20:07:05,0.12354037607587304,1.567230861757883
Vegan,Roasted Cauliflower and Almond Risotto,Italian,71.43,255.83,115.68,2022-10-16,20:07:05,0.2792088496267052,2.2115318118948823
Vegan,Vegan Kale and White Bean Korma,American,110.61,344.48,46.11,2022-10-16,20:07:05,0.3210926614026939,7.4708306224246375
Vegan,Vegan Stovetop-Style Macaroni and Cheese Recipe,American,57.7,264.11,151.45,2022-10-16,20:07:12,0.21846957707016015,1.743875866622648
Vegan,Vegan Shiitake Miso Cleansing Soup recipes,American,39.68,202.63,9.48,2022-10-16,20:07:12,0.19582490253170803,21.37447257383966
Vegan,Salmon with Stone Fruit and Parmesan Salad,Nordic,87.02,43.49,122.55,2022-10-16,20:07:12,2.0009197516670496,0.35487556099551204
Vegan,Vegan Caesar Salad with Polenta Croutons,American,75.65,219.09,54.16,2022-10-16,20:07:12,0.34529188917796344,4.045236336779912
Vegan,Mango Rice with Mustard,Indian,18.61,178.66,51.56,2022-10-16,20:07:12,0.10416433449009291,3.4650892164468576
Vegan,Satay sweet potato curry,South East Asian,30.05,156.04,107.5,2022-10-16,20:07:12,0.19257882594206616,1.45153488372093
Vegan,Bean & halloumi stew,French,54.94,133.87,72.08,2022-10-16,20:07:12,0.4103981474564876,1.8572419533851277
Vegan,Yellow Split-Pea Soup,French,113.42,313.22,12.41,2022-10-16,20:07:12,0.36210969925292125,25.23932312651088
Vegan,Lamington babka - chocolate and coconut vegan brioche,American,67.84,520.26,136.02,2022-10-16,20:07:12,0.13039634029139277,3.82487869430966
Vegan,(Absolutely not a Falafel) Vegan Lentil Falafel,American,46.33,133.73,2.36,2022-10-16,20:07:12,0.34644432812383164,56.66525423728813
Vegan,Vegan Lentil Bolognese with Cashew Parmesan,American,170.99,544.44,105.64,2022-10-16,20:07:12,0.31406582910880904,5.15372964786066
Vegan,Spinach Fettuccine with Tangy Grilled Summer Squash,American,79.87,404.91,132.08,2022-10-16,20:07:12,0.19725371070114348,3.065642035130224
Vegan,Spicy Vegan Dragon Noodle Salad Recipe,American,57.2,255.09,90.89,2022-10-16,20:07:12,0.22423458387235878,2.8065793816701508
Vegan,Meal-Prep Vegan Moroccan Lettuce Wraps,American,181.37,572.53,54.59,2022-10-16,20:07:12,0.3167868932632351,10.487818281736581
Vegan,Savory Vegan Chickpea Crêpes With Vegetable Ragout,American,47.23,162.33,31.12,2022-10-16,20:07:19,0.2909505328651512,5.216259640102828
Vegan,Fudgy Brownies recipes,French,61.79,603.55,215.47,2022-10-16,20:07:19,0.1023775992047055,2.8010859980507727
Vegan,Papadums With Whipped Dal,Indian,55.86,135.98,58.81,2022-10-16,20:07:19,0.4107957052507722,2.312191804114946
Vegan,Oil-free Vegan Pesto Pasta Salad,American,31.33,303.87,42.21,2022-10-16,20:07:19,0.10310330075361174,7.199004975124378
Vegan,Vegan Pasta Alfredo With Two Stroganoff Variations,American,70.53,254.29,34.09,2022-10-16,20:07:19,0.2773604939242597,7.4593722499266635
Vegan,Repair and Recover Vegan Chia Pudding recipes,British,8.47,26.41,9.87,2022-10-16,20:07:19,0.3207118515713745,2.6757852077001014
Vegan,Kimchi Udon Noodle Soup,Asian,55.59,161.65,24.36,2022-10-16,20:07:19,0.34389112279616457,6.635878489326766
Vegan,Orange Chocolate Vegan Cheese Cake recipes,American,79.19,398.7,470.33,2022-10-16,20:07:19,0.19862051667920744,0.8477026768439181
Vegan,Vegan Chocolate-Peanut Butter Pudding Cups,British,65.49,340.58,271.16,2022-10-16,20:07:19,0.19228962358329907,1.2560112110930814
Vegan,Creamy Vegan Linguine with Wild Mushrooms recipes,American,102.78,374.81,91.03,2022-10-16,20:07:19,0.2742189375950482,4.117433813028672
Vegan,Shiny Happy Poppers,French,32.06,200.02,115.51,2022-10-16,20:07:19,0.16028397160283972,1.7316249675352784
Vegan,Spinach Dip,American,30.78,43.04,132.01,2022-10-16,20:07:19,0.7151486988847584,0.3260359063707295
Vegan,Vegan Salty Peanut Butter Ice Cream Recipe,American,79.44,310.67,351.96,2022-10-16,20:07:19,0.2557054108861493,0.8826855324468691
Vegan,Vegan Sweet Potato and Pumpkin Pudding Cups,British,17.94,154.04,73.94,2022-10-16,20:07:19,0.1164632562970657,2.0833107925344874
Vegan,Sticky toffee pear pudding,British,38.94,975.75,206.75,2022-10-16,20:07:19,0.03990776325903151,4.719467956469166
Vegan,Foolproof Vegan Vanilla Coconut Ice Cream Recipe,American,22.14,253.66,219.45,2022-10-16,20:07:26,0.08728218875660333,1.155889724310777
Vegan,KALE + EDAMAME DUMPLINGS w/ SIMPLE DIPPING SAUCE recipes,Chinese,74.92,368.27,22.84,2022-10-16,20:07:26,0.20343769516930515,16.123905429071804
Vegan,Vegan Quinoa-Stuffed Grilled Zucchini recipes,American,36.15,107.22,72.8,2022-10-16,20:07:26,0.33715724678231673,1.472802197802198
Vegan,"Vegan, Gluten Free Butternut Squash Gratin",American,104.45,273.06,62.21,2022-10-16,20:07:26,0.3825166630044679,4.389326474843273
Vegan,Vegan Toasted Coconut And Pistachio Ice Cream,American,15.14,143.93,108.29,2022-10-16,20:07:26,0.10519002292781213,1.329116261889371
Vegan,Vegan Dark Chocolate-Avocado Cake recipes,American,70.04,956.9,298.71,2022-10-16,20:07:26,0.07319469119030203,3.2034414649660206
Vegan,Chana Masala Pockets with Tofu and Arugula,Asian,212.76,609.53,108.18,2022-10-16,20:07:26,0.34905582990172757,5.634405620262525
Vegan,Vegan Chocolate Cake with Creamy Chocolate Filling,American,82.81,942.6,262.43,2022-10-16,20:07:26,0.0878527477190749,3.5918149601798577
Vegan,Vegan Quinoa-Cranberry Stuffed Acorn Squash,American,45.69,339.78,67.84,2022-10-16,20:07:26,0.13446936252869504,5.008549528301886
Vegan,Karina's Gluten-Free Pumpkin Pie With Praline And Coconut-Pecan Crust,American,43.53,604.47,340.12,2022-10-16,20:07:26,0.07201349942925207,1.7772256850523345
Vegan,Vegan Vanilla Bean Coconut Milk Ice Cream,American,17.2,154.45,180.78,2022-10-16,20:07:26,0.11136290061508579,0.8543533576723088
Vegan,Strawberries with Pomegranate Molasses and Vegan Whip Cream,American,16.29,206.68,134.38,2022-10-16,20:07:26,0.07881749564544223,1.5380264920375057
Vegan,Vegan Wild-Rice-Stuffed Butternut Squash,American,37.1,306.15,77.66,2022-10-16,20:07:32,0.121182426914911,3.9421838784445016
Vegan,Vegan Seitan and Mushroom Ragù Bolognese Recipe,American,132.82,110.63,99.64,2022-10-16,20:07:32,1.200578504926331,1.11029706945002
Vegan,Mini Vegan Key Lime Icebox Pies,American,34.73,315.21,801.39,2022-10-16,20:07:32,0.1101805145775832,0.39332909070490024
Vegan,Foolproof Vegan Chocolate Coconut Ice Cream Recipe,American,28.47,271.83,223.87,2022-10-16,20:07:32,0.10473457675753228,1.2142314736230848
Vegan,Vegan Shepherd’s Pie with Gravy recipes,American,42.83,360.03,54.61,2022-10-16,20:07:32,0.11896230869649752,6.592748580845998
Vegan,Recipe: Vegan Creamy Curried Cauliflower Soup,American,32.73,97.53,95.5,2022-10-16,20:07:32,0.3355890495232236,1.0212565445026178
Vegan,Creamy Vegan Saag Paneer (With Tofu) Recipe,Asian,50.62,81.39,62.87,2022-10-16,20:07:32,0.6219437277306794,1.2945761094321617
Vegan,Spiced Butternut Squash Lentil Soup (Vegan),American,64.65,236.09,33.82,2022-10-16,20:07:32,0.2738362488881359,6.980780603193376
Vegan,"Gluten-Free, Vegan Cranberry-Almond Tartlets",American,71.0,418.03,177.94,2022-10-16,20:07:32,0.16984426955003232,2.349275036529167
Vegan,Flying Tofu Wedges,Asian,56.97,25.88,37.72,2022-10-16,20:07:32,2.2013137557959817,0.6861081654294804
Vegan,"Vegan Quinoa, Broccoli, and Kale Curry Recipe",American,42.54,161.71,55.0,2022-10-16,20:07:32,0.2630635087502319,2.9401818181818182
Vegan,"Vegan Coconut, Lime, and Rum Ice Cream Recipe",American,22.2,253.22,219.46,2022-10-16,20:07:32,0.08767080009477925,1.1538321334183905
Vegan,Easy Vegan Pressure-Cooker Miso Risotto Recipe,Japanese,37.37,347.3,87.9,2022-10-16,20:07:32,0.10760149726461271,3.9510807736063707
Vegan,Mak Kimchi,South East Asian,16.34,36.04,1.92,2022-10-16,20:07:39,0.45338512763596006,18.770833333333332
Vegan,Amaretto-spiked Chocolate Mousse recipes,Italian,51.89,188.64,99.61,2022-10-16,20:07:39,0.2750742154368109,1.8937857644814777
Vegan,"Easy Flaked Almond ""Tuna"" Salad recipes",American,36.59,50.97,86.5,2022-10-16,20:07:39,0.7178732587796745,0.5892485549132948
Vegan,Southern Skillet Black-Eyed Peas with Quick Buttery Biscuits,Mediterranean,83.85,497.26,304.42,2022-10-16,20:07:39,0.16862405984796686,1.633466920701662
Vegan,"Butternut, chestnut & lentil cake",South East Asian,123.25,624.69,113.28,2022-10-16,20:07:39,0.19729785973843025,5.514565677966102
Vegan,Pink Pasta - with a creamy vegan vegetable sauce,American,63.96,356.1,16.77,2022-10-16,20:07:39,0.17961246840775064,21.23434704830054
Vegan,Garlic Potato Kale Cakes,Central Europe,39.38,301.21,42.49,2022-10-16,20:07:39,0.13073935128315795,7.088962108731465
Vegan,Ultimate Vegan Lentil Walnut Loaf recipes,American,76.55,333.74,32.63,2022-10-16,20:07:39,0.22937016839455862,10.228011032791908
Vegan,"Homemade Baileys Irish Cream, made vegan. recipes",World,8.86,93.2,117.82,2022-10-16,20:07:39,0.09506437768240343,0.7910371753522323
Vegan,"Vegan Potato, Pepper and Olive Phyllo Cups",Mediterranean,65.91,373.92,94.34,2022-10-16,20:07:39,0.17626765083440307,3.9635361458554166
Vegan,Barbecued Tofu Burger,Asian,66.13,259.53,41.51,2022-10-16,20:07:46,0.2548067660771395,6.252228378703927
Vegan,5 Ingredient No Bake Vegan Date Squares recipes,American,100.09,831.04,179.01,2022-10-16,20:07:46,0.12043944936465154,4.642422211049662
Vegan,Colin Quinn's Irish Lamb Stew recipes,British,282.7,351.37,349.13,2022-10-16,20:07:46,0.8045649884736886,1.0064159482141324
Vegan,Sweet Potato-Black Bean Burgers,American,78.61,299.8,66.66,2022-10-16,20:07:46,0.26220813875917276,4.497449744974498
Vegan,Gluten- and Dairy-Free Pie Crust,American,19.84,146.62,117.59,2022-10-16,20:07:46,0.1353157822943664,1.2468747342461093
Vegan,Homemade Vegan Burgers That Don't Suck Recipe,American,116.52,408.38,173.73,2022-10-16,20:07:46,0.28532249375581564,2.350659068669775
Vegan,Baked mini gluten free vegan vanilla donuts,American,6.74,206.28,51.41,2022-10-16,20:07:46,0.03267403529183634,4.012448939894963
Vegan,Dark Chocolate Cherry Walnut Truffles recipes,French,29.78,210.49,152.54,2022-10-16,20:07:46,0.14147940519739655,1.3799003540055068
Vegan,Vegan Beet Burgers with Sweet Chili Slaw,American,55.2,303.88,59.95,2022-10-16,20:07:46,0.18165065157298935,5.068890742285237
Vegan,Appetizer Recipe: Miso Sweet Potato Bites,Japanese,29.62,206.76,42.3,2022-10-16,20:07:46,0.1432578835364674,4.887943262411348
Vegan,Vegan Snack Recipe: Toast with Hummus & Veggies,American,8.85,33.92,4.8,2022-10-16,20:07:46,0.26090801886792453,7.066666666666667
Vegan,Vegan dal | Hidden veg red lentil dal,American,80.1,235.31,7.74,2022-10-16,20:07:46,0.34040202286345667,30.401808785529717
Vegan,Vegan Olive Oil Cake w/Candied Rosemary,American,39.73,686.82,352.54,2022-10-16,20:07:46,0.05784630616464284,1.9482044590684746
Vegan,Red Lentil Soup with Lime,French,53.51,161.56,19.46,2022-10-16,20:07:46,0.3312082198564001,8.302158273381295
Vegan,Our Favorite Chocolate Cake,American,25.32,408.54,105.86,2022-10-16,20:07:46,0.06197679541782934,3.8592480634800683
Vegan,Who Cares Vegan Mac and Cheese recipes,American,303.66,681.96,245.27,2022-10-16,20:07:46,0.4452753827203942,2.7804460390589965
Vegan,"SEXY CARAMEL SLICE (RAW, VEGAN, XO) recipes",American,99.61,812.75,256.02,2022-10-16,20:07:46,0.12255921254998461,3.1745566752597454
Vegan,The Saint Jamez Benedict,American,67.18,126.42,168.33,2022-10-16,20:07:46,0.5314032589780099,0.7510247727677776
Vegan,Mexican Mushroom and Spinach Sandwich (Vegan Torta) Recipe,American,47.97,185.14,66.94,2022-10-16,20:07:46,0.2591012206978503,2.7657603824320285
Vegan,"Vegan Mushroom ""Jerky"" (Slow-Roasted Mushroom Strips)",American,6.67,32.45,14.0,2022-10-16,20:07:53,0.20554699537750384,2.317857142857143
Vegan,Roasted Vegan Cauliflower Soup with Parsley-Chive Swirl,American,125.49,260.01,367.16,2022-10-16,20:07:53,0.4826352832583362,0.7081653774921015
Vegan,Vegan “Cream” Of Broccoli Soup With Leeks And Scallions,American,27.64,114.23,30.7,2022-10-16,20:07:53,0.24196795938019786,3.7208469055374596
Vegan,Spaghetti and Soyballs,Italian,129.78,282.3,84.87,2022-10-16,20:07:53,0.45972369819341125,3.326263697419583
Vegan,Vegan Pumpkin Pie With Rustic Spelt Crust,American,50.19,470.24,154.08,2022-10-16,20:07:53,0.10673273222184415,3.051921079958463
Vegan,Raw Chili recipes,American,70.26,284.92,93.63,2022-10-16,20:07:53,0.24659553558893724,3.0430417601196202
Vegan,Vegan Southern-Style Collard Greens With Mushrooms Recipe,American,55.98,115.89,160.31,2022-10-16,20:07:53,0.4830442661144188,0.7229118582745929
Vegan,Organic Lentil and Rice Stuffed Peppers,Mediterranean,115.69,347.98,40.9,2022-10-16,20:07:53,0.33246163572619114,8.508068459657702
Vegan,Blender Sweet Potato Pie,South American,20.34,253.96,98.65,2022-10-16,20:07:53,0.08009135296897149,2.5743537759756716
Vegan,Vegan Hot and Sour Soup with Tofu recipes,American,81.76,53.77,82.74,2022-10-16,20:07:53,1.5205504928398736,0.649867053420353
Vegan,Jackfruit Sloppy Joes,American,24.71,272.95,26.66,2022-10-16,20:07:53,0.09052940098919217,10.238184546136534
Vegan,Plain Cake Donut,American,14.5,404.4,76.58,2022-10-16,20:07:53,0.03585558852621167,5.280752154609559
Vegan,"Vegan Farro Risotto with Fennel, Peas and Greens",Italian,41.38,190.32,76.47,2022-10-16,20:07:53,0.21742328709541828,2.488819144762652
Vegan,Crisp Tofu and Thai Cucumber Raita,South East Asian,26.96,34.41,40.89,2022-10-16,20:07:53,0.7834931705899448,0.8415260454878942
Vegan,CrisSpi Asian Tofu Sandwich,Asian,150.3,464.12,119.07,2022-10-16,20:07:53,0.32383866241489273,3.897875199462501
Vegan,Vegan Coconut-Lime Panna Cotta with Mango Jam,American,17.71,157.36,54.27,2022-10-16,20:07:53,0.11254448398576512,2.8995761931085315
Vegan,Asian Asparagus Salad With Peanuts and Mint Dressing [vegan],American,35.41,104.48,84.24,2022-10-16,20:07:53,0.3389165390505359,1.2402659069325737
Vegan,Vegan Kale and Black Sesame Sushi Bowl,Japanese,33.12,258.51,45.52,2022-10-16,20:07:59,0.12811883486132064,5.679042179261862
Vegan,Roasted Sweet Potato Salad with Candied Walnuts recipes,South American,18.51,117.15,64.52,2022-10-16,20:07:59,0.15800256081946223,1.815716057036578
Vegan,Vegan Curry Butternut Squash Soup With Kale Recipe,American,37.46,163.3,59.63,2022-10-16,20:07:59,0.2293937538273117,2.7385544189166526
Vegan,Vegan Cream of Mushroom and Wild Rice Soup,American,47.23,183.97,66.42,2022-10-16,20:07:59,0.2567266402130782,2.7697982535380907
Vegan,Vegetarian Pasta Puttanesca,Italian,54.02,303.41,75.85,2022-10-16,20:07:59,0.1780429122309746,4.00013183915623
Vegan,Baked Yam Fries with Sriracha Hummus (Vegan + GF),American,33.02,169.41,42.68,2022-10-16,20:07:59,0.19491175255297802,3.969306466729147
Vegan,Corn Soup with Tofu Larb,Asian,88.69,267.57,77.5,2022-10-16,20:07:59,0.3314646634525545,3.452516129032258
Vegan,"Tomato, pepper & bean one pot",Mexican,161.21,531.46,26.21,2022-10-16,20:07:59,0.3033342114176043,20.276993513925984
Vegan,THE BEST VEGAN CORN TACOS WITH BELL PEPPER AND CILANTRO,American,19.99,144.88,41.58,2022-10-16,20:07:59,0.13797625621203755,3.4843674843674846
Vegan,Basil Scalloped Tomatoes and Croutons recipes,American,40.71,83.13,49.37,2022-10-16,20:07:59,0.48971490436665466,1.68381608264128
Vegan,"Carrot, Pea, and Mint Salad Recipe",Mediterranean,17.22,75.91,82.92,2022-10-16,20:07:59,0.22684758266368066,0.9154606849975879
Vegan,Beet and Citrus Salad With Pine Nut Vinaigrette Recipe,American,24.74,156.71,107.6,2022-10-16,20:07:59,0.15787122710739582,1.4564126394052046
Vegan,Stir Fried Singapore Noodles with Garlic Ginger Sauce recipes,Asian,35.17,166.07,18.47,2022-10-16,20:07:59,0.2117781658336846,8.991337303735788
Vegan,Easy Vegan Soba Noodles with Peanut Sauce Recipe,Asian,100.27,392.87,70.17,2022-10-16,20:07:59,0.25522437447501717,5.598831409434231
Vegan,"Eat your veggies, risotto!",Italian,57.83,172.85,39.19,2022-10-16,20:07:59,0.3345675441133931,4.410563919367186
Vegan,Vegan Coconut Cream Tart with White Peaches and Blueberries,American,39.45,285.88,109.49,2022-10-16,20:08:06,0.13799496292150554,2.6110147045392273
Vegan,Tomato-Garlic Focaccia - My Vegan Italian Flatbread,American,29.81,323.46,24.1,2022-10-16,20:08:06,0.09215977246027329,13.421576763485476
Vegan,Gluten-Free Low-Fat Vegan Oatmeal Muffins Recipe,American,36.6,395.9,52.33,2022-10-16,20:08:06,0.09244758777469059,7.565450028664246
Vegan,Light Yakisoba Noodles,Asian,26.81,120.31,35.64,2022-10-16,20:08:06,0.22284099409857866,3.3757014590347922
Vegan,Barbecue Slawpy Jacks,American,28.7,376.7,56.48,2022-10-16,20:08:06,0.07618794796920626,6.669617563739377
Vegan,Gigante Beans a la Zaytinya,American,29.56,98.08,46.07,2022-10-16,20:08:06,0.30138662316476345,2.1289342305187757
Vegan,Vegan Chickpea Chile Soup with Greens and Grains,American,56.37,226.91,31.65,2022-10-16,20:08:06,0.2484244854788242,7.1693522906793055
Vegan,Vegan Garden Pesto With Miso and Mixed Herbs Recipe,American,10.74,18.94,124.83,2022-10-16,20:08:06,0.5670538542766631,0.15172634783305297
Vegan,Fig Salad inspired by Yotam Ottolenghi,American,22.07,156.75,49.11,2022-10-16,20:08:06,0.14079744816586923,3.1918142944410506
Vegan,Seared Maitake Mushrooms recipes,French,13.6,57.03,197.0,2022-10-16,20:08:06,0.23847098018586707,0.28949238578680203
Vegan,Cheater’s Maple Baked Beans on Toast recipes,American,34.0,133.4,9.01,2022-10-16,20:08:06,0.25487256371814093,14.805771365149834
Vegan,Chickpea Salad recipes,American,35.34,109.62,26.9,2022-10-16,20:08:06,0.32238642583470173,4.0750929368029745
Vegan,The Vegan Divas Cookbook: Smoky Tomato-Bean Soup,American,70.3,187.93,32.62,2022-10-16,20:08:06,0.3740754536263502,5.761189454322502
Vegan,Mexican Fried Eggplant Sandwich (Vegan Tortas and Pambazos) Recipe,American,61.37,316.97,274.04,2022-10-16,20:08:06,0.19361453765340567,1.1566559626331923
Vegan,Summer tomato lazy bruschetta,Italian,37.03,180.61,44.77,2022-10-16,20:08:06,0.20502740712031448,4.034174670538307
Vegan,"""Refried"" Black Beans and Walnut Meat Tacos (Vegan)",American,133.18,332.91,127.84,2022-10-16,20:08:06,0.4000480610375176,2.604114518147685
Vegan,Vegan Roasted Vegetable Quinoa Bowl with Creamy Green Sauce,American,56.14,170.34,81.83,2022-10-16,20:08:06,0.3295761418339791,2.0816326530612246
Vegan,Herb and Cheese Drop Biscuits recipes,British,36.3,205.92,94.25,2022-10-16,20:08:06,0.17628205128205127,2.184827586206896
Vegan,"Vegan Eggnog (Dairy Free, Egg Free, Gluten Free)",American,91.05,155.31,215.85,2022-10-16,20:08:13,0.5862468611164767,0.7195274496177901
Vegan,Butternut Squash Salad With Farro And Pepitas recipes,Italian,67.75,229.64,124.65,2022-10-16,20:08:13,0.29502699878070027,1.8422783794624948
Vegan,"Vegan raw corn, avocado and black bean salad",American,44.72,195.48,34.04,2022-10-16,20:08:13,0.22877020667075917,5.742655699177438
Vegan,Vegan Chocolate Layer Cake With Creamy Chocolate Filling,American,82.81,942.6,262.43,2022-10-16,20:08:13,0.0878527477190749,3.5918149601798577
Vegan,Seared Maitake Mushrooms,French,13.34,55.4,196.91,2022-10-16,20:08:13,0.2407942238267148,0.2813468081864811
Vegan,Chive Vegan Cheese Spread and Veggie Crackers recipes,American,138.65,214.34,302.54,2022-10-16,20:08:13,0.6468694597368667,0.7084683017121702
Vegan,Zucchini Gratin,French,48.89,133.58,108.22,2022-10-16,20:08:13,0.365997903877826,1.2343374607281465
Vegan,Salmon Burgers with Tartar Sauce,Nordic,172.89,109.41,191.28,2022-10-16,20:08:13,1.580202906498492,0.5719887076537014
Vegan,Vegan Huevos Rancheros Are 10/10 Would Make Again,American,93.69,284.36,66.49,2022-10-16,20:08:13,0.3294767196511464,4.276733343359904
Vegan,Whole Wheat Eggless Garlic Bread Rolls,American,95.06,500.82,65.36,2022-10-16,20:08:13,0.1898087137095164,7.662484700122399
Vegan,French Apple Tart (Tarte Fine aux Pommes) [vegan],American,5.76,154.65,42.27,2022-10-16,20:08:13,0.03724539282250242,3.658623136976579
Vegan,Toasted Coconut Chocolate Cream Pie,American,96.57,276.56,234.17,2022-10-16,20:08:13,0.3491828174717963,1.1810223342016484
Vegan,Vegan Pesto Spaghetti Squash with Mushrooms & Sun-Dried Tomatoes,American,30.43,110.1,81.2,2022-10-16,20:08:13,0.2763851044504996,1.355911330049261
Vegan,Pasta e fagioli,Italian,100.0,327.59,46.54,2022-10-16,20:08:13,0.30525962330962486,7.0388912763214435
Vegan,The Whole Wheat,American,80.52,395.26,102.03,2022-10-16,20:08:13,0.20371401103071396,3.873958639615799
Vegan,"Eggplant, Mushroom & Pesto Pizza recipes",Italian,66.43,309.21,113.02,2022-10-16,20:08:20,0.21483781248989364,2.7358874535480444
Vegan,Rotini Tomato Pasta with 3 Minute Vegan Parmesan Cheese recipes,American,28.77,26.8,36.72,2022-10-16,20:08:20,1.073507462686567,0.7298474945533769
Vegan,Portobello Sliders with Pepita Pesto,American,67.2,211.29,116.76,2022-10-16,20:08:20,0.3180462870935681,1.8096094552929083
Vegan,Savory Vegan Chickpea Crêpes with Spring Vegetable Ragout,American,47.23,162.33,31.12,2022-10-16,20:08:20,0.2909505328651512,5.216259640102828
Vegan,Slow-Cooker Vegan Butternut Squash Soup with Apple,American,49.4,225.93,112.78,2022-10-16,20:08:20,0.21865179480370026,2.003280723532541
Vegan,Vegan: Japanese Simmered Daikon with Bok Choy and Edamame Recipe,World,22.13,75.04,6.6,2022-10-16,20:08:20,0.294909381663113,11.369696969696971
Vegan,Grilled Broccoli And Bread Salad With Pickled Shallots,American,42.75,263.75,130.8,2022-10-16,20:08:20,0.16208530805687205,2.0164373088685013
Vegan,"Green Bean Casserole (The Vegan, Gluten Free Sequel)",American,37.46,211.74,147.84,2022-10-16,20:08:20,0.1769150845376405,1.432224025974026
Vegan,Vegan Crispy Stir-Fried Tofu With Broccoli Recipe,Asian,67.23,204.3,282.72,2022-10-16,20:08:20,0.3290748898678414,0.722623089983022
Vegan,Vegan Stuffed Squash with Brown Rice and Mushrooms recipes,American,70.59,564.75,78.83,2022-10-16,20:08:20,0.1249933598937583,7.1641507040466825
Vegan,Quinoa chilli with avocado & coriander,South American,63.63,199.77,62.16,2022-10-16,20:08:20,0.31851629373779844,3.2138030888030893
Vegan,Aloo Gobi,Indian,26.33,176.83,12.93,2022-10-16,20:08:20,0.14890007351693715,13.675947409126065
Vegan,Apple-Cranberry Cobbler,American,88.21,772.5,75.84,2022-10-16,20:08:20,0.11418770226537216,10.185917721518987
Vegan,"From the Pantry: Vegan Pear, Cranberry and Pecan Muffins",American,31.57,444.44,162.63,2022-10-16,20:08:20,0.07103321033210332,2.7328291213183302
Vegan,Springtime Strawberry Lime Mango Crisp (Vegan + GF) recipes,American,48.9,300.82,142.18,2022-10-16,20:08:20,0.1625556811382222,2.115768743845829
Vegan,Gluten-Free Tuesday: Vegan Apple Doughnuts Recipe,American,29.04,712.15,210.64,2022-10-16,20:08:26,0.04077792599873622,3.380886821116597
Vegan,The Most Delicious Vegan Pad Kee Mao Recipe,American,86.42,497.8,386.06,2022-10-16,20:08:26,0.17360385697067096,1.2894368750971352
Vegan,Vegan Seared Pepper Tacos With Pintos And Avocado Crema,American,25.68,158.11,103.65,2022-10-16,20:08:26,0.1624185693504522,1.5254220935841776
Vegan,Charred aubergines with white beans & salsa verde,Mexican,100.96,337.54,186.26,2022-10-16,20:08:26,0.2991052912247437,1.8121980027917965
Vegan,Yogurt Pancakes with Clementine Raspberry Compote,American,26.62,228.04,54.43,2022-10-16,20:08:26,0.11673390633222243,4.189601322799926
Vegan,Curried Carrot Ginger Soup,Indian,27.43,175.59,121.69,2022-10-16,20:08:26,0.15621618543197222,1.442928753389761
Vegan,Tomato Bisque with Cashew Cream,Mediterranean,63.64,156.49,170.3,2022-10-16,20:08:26,0.406671352802096,0.9189078097475044
Vegan,"Apple, Pear, And Sage Pie With Maple Walnut Crunch And Salted Honey Yogurt",American,77.2,673.23,194.71,2022-10-16,20:08:26,0.11467106338101392,3.457603615633506
Vegan,Crunchy Summer Salad with Creamy Vegan Avocado Dressing,American,65.41,268.37,97.67,2022-10-16,20:08:26,0.2437306703431829,2.7477219207535577
Vegan,RAW VEGAN TIRAMISU with VANILLA CREAM & COFFEE LADYFINGERS recipes,American,102.51,578.68,263.97,2022-10-16,20:08:26,0.17714453584018805,2.192218812743872
Vegan,"Oatmeal, Fig, and Walnut Bars",American,73.43,1059.84,223.88,2022-10-16,20:08:26,0.06928404287439614,4.733964623905663
Vegan,Chickpea Miso Gravy Bowl with Sweet and Tangy Portobello Mushrooms recipes,Japanese,32.73,191.92,39.61,2022-10-16,20:08:26,0.17053980825343892,4.845241100732138
Vegan,"Oatmeal, Fig, And Walnut Bars",American,54.06,916.76,219.49,2022-10-16,20:08:26,0.05896854138487718,4.176773429313408
Vegan,Vegan Spinach and Hominy Enchiladas With Spicy Cashew Cream Recipe,American,95.94,460.5,120.71,2022-10-16,20:08:26,0.2083387622149837,3.8149283406511474
Vegan,Crabless Cakes with Hearts of Palm & Corn recipes,American,34.41,152.22,43.18,2022-10-16,20:08:26,0.22605439495467086,3.525243168133395
Vegan,"Braised Red Cabbage (Rotkraut) - (Vegan, Gluten Free, Low Fat)",American,19.6,91.74,39.84,2022-10-16,20:08:26,0.21364726400697626,2.3027108433734935
Vegan,High Protein Quinoa Almond Berry Salad (Vegan & GF) recipes,American,39.67,220.91,45.97,2022-10-16,20:08:33,0.17957539269385725,4.805525342614748
Vegan,Nut Meat Tacos with Pickled Red Onions,American,43.71,165.56,91.56,2022-10-16,20:08:33,0.26401304662962066,1.8082131935342944
Vegan,"Zucchini Noodles with Roasted Tomato Sauce (Gluten-Free, Vegan)",American,22.79,88.69,39.57,2022-10-16,20:08:33,0.25696245348968316,2.2413444528683346
Vegan,End Of Summer Peach Apple Cobbler (Gluten-Free & Vegan),American,25.99,293.33,56.32,2022-10-16,20:08:33,0.08860327958272253,5.2082741477272725
Vegan,"Cranberry, Apricot And Pecan Wild Rice Pilaf (Gf + Vegan)",American,36.91,263.46,75.99,2022-10-16,20:08:33,0.14009716845061868,3.467035136202132
Vegan,Fried Eggplant Sandwich With Eggplant Mayo Recipe,Mediterranean,60.32,323.46,333.19,2022-10-16,20:08:33,0.1864836455821431,0.9707974429004471
Vegan,Overnight Cherry Chia Seed Pudding – Paleo/Gluten Free/Vegan,American,12.77,112.92,56.84,2022-10-16,20:08:33,0.1130889125044279,1.9866291344123856
Vegan,Fernanda Capobianco’s Pissaladière with Vegetables and Olives,French,43.32,292.33,229.46,2022-10-16,20:08:33,0.14818869086306571,1.2739911095615792
Vegan,Vegan Lentil Shepherd’s Pie With Parsnip And And Potato Mash,American,123.18,591.98,66.46,2022-10-16,20:08:33,0.20808135409980066,8.907312669274752
Vegan,Ruby and Emerald Jeweled Rice,American,71.39,635.59,83.8,2022-10-16,20:08:33,0.11232083575890117,7.584606205250597
Vegan,Creamy Penne Pasta Bake With Zucchini,Italian,72.39,391.05,92.19,2022-10-16,20:08:33,0.1851169927119294,4.241783273673935
Vegan,Quinoa Greek Salad recipes,Mediterranean,40.99,145.69,88.66,2022-10-16,20:08:33,0.28135081337085593,1.6432438529212723
Vegan,Pumpkin Polenta Recipe With Tomatillo-Avocado Salsa,South American,25.55,215.41,94.48,2022-10-16,20:08:33,0.11861102084397196,2.2799534292972057
Vegan,Gluten-Free Black Bean Burgers,South East Asian,167.98,551.67,21.39,2022-10-16,20:08:33,0.3044936284372904,25.791023842917248
Vegan,Creamy Polenta with Tempeh Sausage and Tomatoes,American,149.12,256.35,113.0,2022-10-16,20:08:33,0.5817047006046421,2.2685840707964604
Vegan,Pineapple and Shrimp Fried Quinoa recipes,South East Asian,88.52,225.53,98.9,2022-10-16,20:08:33,0.39249767215004655,2.2803842264914054
Vegan,STRAWBERRY + CHOCOLATE CHEESECAKE recipes,American,90.62,426.23,303.42,2022-10-16,20:08:33,0.21260821622128898,1.4047524883000462
Vegan,French Toast with Caramelized Bananas (Vegan and Gluten-Free) recipes,American,30.81,252.81,116.54,2022-10-16,20:08:40,0.12187017918594992,2.1692980950746525
Vegan,Black Bean And Butternut Squash Burritos,Mexican,80.91,322.43,60.9,2022-10-16,20:08:40,0.2509381881338585,5.294417077175698
Vegan,Jicama and Pomelo Salad With Spicy Thai Dressing (Vegan) Recipe,South East Asian,20.97,83.67,19.59,2022-10-16,20:08:40,0.2506274650412334,4.271056661562022
Vegan,Recipe: Best-Ever Veggie Burger,American,78.27,305.53,27.28,2022-10-16,20:08:40,0.2561777894151147,11.199780058651024
Vegan,Red Lentil Spaghetti With Vegan Cauliflower Rosa Sauce and Arugula,American,68.96,372.57,26.63,2022-10-16,20:08:40,0.18509273425128162,13.990612091625986
Vegan,Dried Olive and Miso Shake (The Best Vegan Parmesan Substitute) Recipe,American,12.55,40.94,74.64,2022-10-16,20:08:40,0.3065461651196874,0.5484994640943194
Vegan,Vietnamese-Style Tofu Hero with Asian Slaw,South East Asian,49.71,65.14,96.03,2022-10-16,20:08:40,0.763125575683144,0.678329688638967
Vegan,"A Recipe For Long Grain Brown Rice Pilaf (Vegan, Gluten Free)",Mediterranean,43.94,188.1,47.11,2022-10-16,20:08:40,0.23359914938862306,3.992782848652091
Vegan,Hazelnut Fig Crackers with Sage and Black Pepper,American,167.2,358.87,455.11,2022-10-16,20:08:40,0.46590687435561623,0.7885346399771483
Vegan,crunchy quinoa & veggie roaster,American,47.61,172.48,94.06,2022-10-16,20:08:40,0.2760320037105751,1.8337231554327025
Vegan,Chocolate Cake with Chocolate-Orange Frosting,American,37.4,726.63,235.54,2022-10-16,20:08:40,0.05147048704292418,3.08495372335909
Vegan,Aloo Gobi,Indian,27.03,181.02,31.83,2022-10-16,20:08:40,0.14932051706993701,5.687087653157399
Vegan,Vegan Olive Oil Cake (adapted from Maialino's Olive Oil Cake),American,59.98,595.67,315.33,2022-10-16,20:08:40,0.10069333691473467,1.8890368819966383
Vegan,Cashew Cheesecake,American,87.42,376.41,316.17,2022-10-16,20:08:40,0.23224675221168406,1.19053041085492
Vegan,Creamy Coconut & Roasted Beet Soup with Pistachios & Greek Yogurt,Mediterranean,53.36,194.74,139.46,2022-10-16,20:08:40,0.2740063674643114,1.3963860605191452
Vegan,"Pasta With Snap Peas, Garlic, Lemon Zest, and Black Pepper (Vegan) Recipe",American,43.66,212.0,58.57,2022-10-16,20:08:40,0.20594339622641508,3.6196004780604403
Vegan,Curried Chickpea Sandwich,Indian,81.73,310.6,118.26,2022-10-16,20:08:40,0.26313586606567935,2.626416370708608
Vegan,"Gluten-Free, Vegan, and Oil-Free Walnut Chip Brownies recipes",American,48.32,425.34,81.89,2022-10-16,20:08:47,0.11360323505901163,5.194040786420808
Vegan,Gluten Free Green Bean Casserole,South East Asian,101.87,445.89,688.94,2022-10-16,20:08:47,0.22846441947565546,0.647211658489854
Vegan,Cashew cream fettuccine Alfredo with sauteed spinach and cheese crisps (gluten-free),Italian,134.51,486.89,259.0,2022-10-16,20:08:47,0.2762636324426462,1.8798841698841697
Vegan,"Vegan Peanut, Sweet Potato, and Kale Soup With Coconut Recipe",American,102.57,257.64,466.14,2022-10-16,20:08:47,0.39811364694923146,0.5527094864203888
Vegan,Maple-Glazed Sweet Potatoes (Japanese Daigaku Imo Style) w/Vegan option,American,9.74,183.18,83.83,2022-10-16,20:08:47,0.05317174364013538,2.1851365859477516
Vegan,Sweet Potato and Mushroom Cannelloni with Braised Escarole and Butter Beans (Vegan) Recipe,American,98.62,443.0,40.15,2022-10-16,20:08:47,0.22261851015801357,11.033623910336239
Vegan,"A Recipe for Long Grain Brown Rice Pilaf (Vegan, Gluten Free)",Mediterranean,31.85,171.16,41.35,2022-10-16,20:08:47,0.1860831970086469,4.139298669891173
Vegan,Creamy Zucchini Soup With Scallions And Brazil Nut Chili Oil (Vegan),American,18.0,47.86,115.43,2022-10-16,20:08:47,0.3760969494358546,0.4146235813913194
Vegan,20 Minute Apple Turnovers,French,10.46,194.67,32.94,2022-10-16,20:08:47,0.05373195664457801,5.909836065573771
Vegan,"Fat Tommy’s Three-Bean, Gluten-Free, Vegan Chili Recipe",American,171.0,580.93,51.33,2022-10-16,20:08:47,0.29435560222402013,11.317553087862848
Vegan,"Cumin Scented Kale with Onions, Tomatoes and Mushrooms (Vegan and Gluten Free)",American,23.34,55.86,6.25,2022-10-16,20:08:47,0.4178302900107411,8.9376
Vegan,Grilled Marinated Heart of Palm Tacos With Spicy Cabbage Slaw (vegan) Recipe,American,37.49,199.1,58.73,2022-10-16,20:08:47,0.18829733802109494,3.3900902434871445
Vegan,"Spicy, Smoky Bean Cakes with Lime Slaw and Charred Avocado Recipe",South American,66.35,249.4,71.01,2022-10-16,20:08:47,0.26603849238171606,3.512181382903816
Vegan,Curried Lentils with Quick-Pickled Veggies,Indian,225.55,590.44,50.12,2022-10-16,20:08:47,0.38200325181220784,11.780526735834
Vegan,Whole-Grain Vegan Carrot Cake Loaf with Lemon Glaze recipes,American,49.39,381.92,102.7,2022-10-16,20:08:47,0.12932027649769584,3.718792599805258
Vegan,Chocolate Cake with Chocolate-Orange Frosting recipes,American,37.4,726.63,235.54,2022-10-16,20:08:47,0.05147048704292418,3.08495372335909
Vegan,Hearty Vegan Polenta and Kale Soup With Miso and Toasted Sesame Oil Recipe,Japanese,23.03,167.07,101.79,2022-10-16,20:08:47,0.13784641168372538,1.6413203654582964
Vegan,Mushroom and Eggplant Veggie Burgers,Nordic,118.09,385.66,106.3,2022-10-16,20:08:47,0.3062023544054348,3.6280338664158047
Vegan,Blissful Blueberry Banana Spelt Muffins (vegan + refined sugar-free) recipes,American,63.99,445.42,104.56,2022-10-16,20:08:53,0.14366216155538591,4.259946442234124
Vegan,Pesto Knots,American,67.14,203.94,87.54,2022-10-16,20:08:53,0.32921447484554284,2.329677861549006
Vegan,J. Kenji López-Alt's 15-Minute Creamy (Vegan) Tomato Soup,American,27.5,129.28,116.19,2022-10-16,20:08:53,0.21271658415841585,1.1126602977881057
Vegan,Southwestern Crispy Fish Taco Salad,American,115.47,258.63,243.6,2022-10-16,20:08:53,0.4464679271546224,1.0616995073891626
Vegan,Sinless Sticky Toffee Pecan Pudding recipes,British,26.85,625.68,137.41,2022-10-16,20:08:53,0.042913310318373615,4.553380394439997
Vegan,Kentucky fried seitan,Mediterranean,317.43,703.99,534.41,2022-10-16,20:08:53,0.4509012912115229,1.317321906401452
Vegan,Quinoa Maki with Avocado and Cajun Portobello Fillets,American,30.0,115.55,99.36,2022-10-16,20:08:53,0.2596278667243618,1.1629428341384862
Vegan,Indian Stuffed Eggplant,Mediterranean,66.39,327.51,151.81,2022-10-16,20:08:53,0.20271136759182926,2.157367762334497
Vegan,"Spicy Peanut Noodle Salad With Cucumbers, Red Peppers, and Basil (Vegan) Recipe",American,97.38,284.55,128.74,2022-10-16,20:08:53,0.34222456510279387,2.210268758738543
Vegan,Vegan Pumpkin Pie Squares with Gluten-Free Graham Cracker Crust recipes,American,12.97,240.28,95.85,2022-10-16,20:08:53,0.05397869152655236,2.506833594157538
Vegan,Lemon Glazed Spice Cake With Whipped Cream,American,29.85,482.83,78.11,2022-10-16,20:08:53,0.06182300188472133,6.181410830879528
Vegan,Cozy Yellow Curry Vegetable Soup,Indian,46.9,136.01,90.04,2022-10-16,20:08:53,0.3448275862068966,1.5105508662816525
Vegan,"Japanese Udon With Mushroom-Soy Broth, Stir-Fried Mushrooms, and Cabbage (Vegan) Recipe",American,6.82,20.1,3.16,2022-10-16,20:08:53,0.33930348258706466,6.360759493670886
Vegan,"Tempeh, Pepper, and Spinach-Pesto Sandwich",Mediterranean,88.15,164.82,78.16,2022-10-16,20:08:53,0.5348258706467662,2.1087512794268166
Vegan,Sweet potato & black bean chilli with zesty quinoa,South American,70.17,302.2,66.07,2022-10-16,20:08:53,0.23219722038385177,4.5739367337672165
Vegan,"ULTIMATE RAW VEGAN PIZZA (LOW-FAT, OIL-FREE, SALT-FREE) recipes",Italian,26.97,147.83,5.81,2022-10-16,20:08:53,0.18243928837177836,25.444061962134256
Vegan,"Oven Roasted Portobello Mushrooms marinated in Balsamic (Vegan, Gluten Free) Vinegar, Shallots and Thyme",American,10.23,86.04,1.3,2022-10-16,20:08:53,0.11889818688981868,66.18461538461538
Vegan,Yellow Split Pea Soup recipes,French,122.34,325.46,68.41,2022-10-16,20:08:53,0.37589872795428014,4.7574915947960825
Vegan,Banana-Coconut Cake Recipe,Caribbean,55.36,1063.72,621.42,2022-10-16,20:09:03,0.05204377091715865,1.7117569437739373
Vegan,Party Vegan's Porcini-stuffed Seitan with Wild Mushroom Sauce Recipe,American,273.14,433.03,89.55,2022-10-16,20:09:03,0.6307646121515831,4.8356225572305975
Vegan,Steamed Buns with Tempura King Oyster Mushrooms and Agave-Miso Mayonnaise (Vegan) Recipe,Japanese,75.31,498.92,898.55,2022-10-16,20:09:03,0.15094604345386034,0.5552501252017139
Vegan,Mexican Chocolate Cake,Mexican,37.67,460.63,87.47,2022-10-16,20:09:03,0.08177930225994834,5.266148393734995
Vegan,"All the Veggies In Your Fridge, Stir-Fry (Low Oil, Vegan, GF)",American,10.96,123.44,15.73,2022-10-16,20:09:03,0.08878807517822425,7.847425301970756
Vegan,CHIPOTLE JACKFRUIT TACOS WITH SIMPLE GUAC AND LEMON ORANGE CREMA,Mexican,35.85,463.12,106.43,2022-10-16,20:09:03,0.0774097426153049,4.351404679131823
Vegan,Crispy Bánh Mì Spring Rolls With Creamy Chili Mayo Recipe,American,12.93,389.9,1831.34,2022-10-16,20:09:03,0.03316234932033855,0.2129042122161914
Vegan,"Mediterranean White Beans with Sun Dried Tomatoes, Mushrooms, Garlic and Thyme (vegan, gluten free)",American,96.57,251.63,30.86,2022-10-16,20:09:03,0.383777768946469,8.153920933246921
Vegan,The Ultimate Rich and Creamy Vegan Ramen With Roasted Vegetables and Miso Broth Recipe,Japanese,3.4,15.57,9.12,2022-10-16,20:09:03,0.21836865767501604,1.7072368421052633
Vegan,Jeweled Rice (Iranian / Persian Morausa Polo),Middle Eastern,66.05,572.85,202.78,2022-10-16,20:09:03,0.11530068953478222,2.8249827399151792
Vegan,Ginger-Apple Crumble Pie (Gluten And Dairy-Free),American,43.69,447.5,213.05,2022-10-16,20:09:03,0.09763128491620111,2.1004459047172026
Vegan,"Look Ma No Dairy! - Creamy Parnsnip Soup with Granny Smith Apples (Vegan, Gluten Free)",American,125.36,322.67,170.22,2022-10-16,20:09:03,0.38850838317785974,1.8956056867583129
Vegan,Sassy Springtime Rolls,South East Asian,53.3,189.63,35.99,2022-10-16,20:09:03,0.2810736697779887,5.268963601000277
Vegan,"Spicy Sauteed Kale with Pan Roasted Garlic, Currants and Sun Flower Seeds (Vegan, gluten free)",American,22.66,74.51,50.5,2022-10-16,20:09:03,0.30412025231512546,1.4754455445544556
Vegan,"Don't Die on Me Man - A Comforting and Healing Spicy Soup (Vegan, Gluten Free)",American,55.94,109.29,19.87,2022-10-16,20:09:03,0.51184920852777,5.500251635631606
Vegan,Maple Cinnamon Mashed Sweet Potatoes recipes,American,41.97,402.47,162.37,2022-10-16,20:09:09,0.10428106442716226,2.478721438689413
Vegan,"Sichuan Shirataki Sesame Noodle Salad With Cucumber, Sichuan Peppercorn, Chili Oil, and Peanuts (Vegan) Recipe",American,54.67,207.71,111.88,2022-10-16,20:09:09,0.26320350488662075,1.8565427243475154
Vegan,Basil Thai Noodles with Bison and Zucchini + Spicy Quick Pickled Cucumber,South East Asian,130.67,270.48,126.89,2022-10-16,20:09:09,0.4831041112097012,2.131610055953976
Vegan,Beetroot Tart Tatin,French,26.4,161.98,184.31,2022-10-16,20:09:09,0.16298308433139894,0.8788454234713254
Vegan,Beetroot & squash Wellingtons with kale pesto,British,125.44,610.67,332.9,2022-10-16,20:09:09,0.20541372590760967,1.8343947131270653
Vegan,Warm Couscous Salad w/ Olives + Pine Nuts,French,46.78,201.6,85.61,2022-10-16,20:09:09,0.2320436507936508,2.354865085854456
Vegan,15 Minute No Bake Energy Bites,American,25.38,166.43,34.64,2022-10-16,20:09:09,0.15249654509403351,4.8045612009237875
Vegan,"Carrot ""Lox""",British,2.53,16.67,0.7,2022-10-16,20:09:09,0.1517696460707858,23.814285714285717
Vegan,Coconut Mashed Sweet Potatoes,American,23.13,253.62,48.98,2022-10-16,20:09:09,0.09119943222143363,5.178031849734586
Vegan,Buckwheat Tortillas,Mexican,45.44,255.23,44.91,2022-10-16,20:09:09,0.17803549739450691,5.683144065909597
Vegan,Coconut chutney,Indian,11.96,48.23,47.49,2022-10-16,20:09:09,0.24797843665768196,1.0155822278374393
Vegan,Rich Chocolate Ganache Topping Recipe,French,5.78,103.65,34.42,2022-10-16,20:09:09,0.05576459237819585,3.0113306217315516
Vegan,Stuffed Mediterranean Baked Potato,Mediterranean,38.87,199.05,9.32,2022-10-16,20:09:09,0.19527756845013813,21.357296137339056
Vegan,Sweet potato crisps,South American,0.38,4.9,6.76,2022-10-16,20:09:09,0.07755102040816327,0.7248520710059172
Vegan,Tangerine Thyme Cooler,American,13.56,282.89,5.09,2022-10-16,20:09:09,0.047933825868712227,55.577603143418465
Vegan,Cashew Cream Recipe,American,51.27,112.82,123.1,2022-10-16,20:09:09,0.454440702003191,0.9164906580016247
Vegan,Raspberry sorbet,French,6.64,265.07,3.42,2022-10-16,20:09:09,0.025049986795940695,77.50584795321637
Vegan,Warm Shredded Carrot Salad with Carrot Greens,American,4.78,37.16,14.42,2022-10-16,20:09:09,0.12863293864370293,2.5769764216366156
Vegan,"Creamy, Zesty ""Cheese"" Dip",American,70.88,81.86,64.78,2022-10-16,20:09:16,0.8658685560713413,1.2636616239580116
Vegan,Coconut Whipped Cream,American,14.41,34.64,137.64,2022-10-16,20:09:16,0.4159930715935335,0.2516710258645743
Vegan,Fudgy Oat Milk Frappuccino Dream,American,35.75,172.96,95.0,2022-10-16,20:09:16,0.20669518963922293,1.8206315789473686
Vegan,Spinach & chickpea dhal,American,39.86,108.47,68.16,2022-10-16,20:09:16,0.36747487784640914,1.5914025821596245
Vegan,Apple Pie Overnight Oats Recipe,American,74.41,185.78,142.31,2022-10-16,20:09:16,0.40052750565184625,1.3054599114608951
Vegan,Georgian Spinach Walnut Dip- Ispanakhis Pkhali,American,10.33,24.49,46.08,2022-10-16,20:09:16,0.4218048182931809,0.5314670138888888
Vegan,Spicy roast chickpeas,American,29.12,93.28,16.66,2022-10-16,20:09:16,0.31217838765008576,5.599039615846339
Vegan,Tuscan Tomato Soup,Italian,53.19,174.27,38.44,2022-10-16,20:09:16,0.3052160440695472,4.533558792924038
Vegan,Sesame stir-fry wrap,Chinese,14.55,52.11,22.85,2022-10-16,20:09:16,0.279217040875072,2.2805251641137856
Vegan,Black Bean-Sweet Potato Burritos,Mexican,173.91,779.52,60.98,2022-10-16,20:09:16,0.2230988300492611,12.783207609052148
Vegan,Tofu Scramble Fried Rice,Asian,33.95,117.22,28.08,2022-10-16,20:09:16,0.2896263436273674,4.1745014245014245
Vegan,Mint Chocolate Chip Nice Cream,American,10.98,112.7,61.85,2022-10-16,20:09:23,0.0974267968056788,1.8221503637833467
Vegan,Minted green bean salad,American,11.75,46.65,41.95,2022-10-16,20:09:23,0.25187566988210075,1.1120381406436233
Vegan,Wilted Spinach Salad with Coconut Bacon,American,1.02,3.37,6.74,2022-10-16,20:09:23,0.3026706231454006,0.5
Vegan,Cucumber-Jalapeño Popsicles,American,6.27,72.05,1.17,2022-10-16,20:09:23,0.08702290076335878,61.58119658119658
Vegan,Spaghetti Carbonara,Italian,89.88,234.58,104.78,2022-10-16,20:09:23,0.38315286895728534,2.238786027867914
Vegan,"Bean, tomato & watercress salad",South American,98.39,331.35,36.72,2022-10-16,20:09:23,0.2969367738041346,9.023692810457517
Vegan,Minted green bean salad,American,12.0,47.97,41.97,2022-10-16,20:09:23,0.2501563477173233,1.1429592566118656
Vegan,Baked Almond Feta,Mediterranean,47.14,46.8,154.91,2022-10-16,20:09:23,1.0072649572649572,0.3021109031050287
Vegan,Raspberry ripple chia pudding,British,20.18,81.74,23.28,2022-10-16,20:09:23,0.2468803523366773,3.5111683848797246
Vegan,Indian Spiced Lentil Soup,Indian,146.81,474.58,40.73,2022-10-16,20:09:23,0.3093472122719036,11.651853670513136
Vegan,Classic Cashew Cheese,Mediterranean,58.6,67.87,63.93,2022-10-16,20:09:23,0.8634153528805069,1.0616299077115596
Vegan,Roasted Squash and Raw Carrot Soup Recipe,American,36.24,277.34,126.3,2022-10-16,20:09:23,0.13066993581885053,2.1958828186856687
Vegan,Keep it green sandwich,South East Asian,14.92,53.41,32.27,2022-10-16,20:09:23,0.27934843662235537,1.655097613882863
Vegan,Smoky Charred Cauliflower and Potato Soup With Kale Recipe,American,38.9,228.69,31.37,2022-10-16,20:09:23,0.1700992610083519,7.290086069493146
Vegan,Onigiri,South American,28.7,312.65,29.67,2022-10-16,20:09:23,0.0917959379497841,10.537580047185708
Vegan,Chilli-charred Brussels sprouts,Mediterranean,22.01,64.6,57.28,2022-10-16,20:09:30,0.3407120743034056,1.1277932960893853
Vegan,"Colcannon Inspired, Spicy Asian Sweet Potato Salad",South American,49.57,318.05,40.73,2022-10-16,20:09:30,0.15585599748467222,7.808740486128162
Vegan,Miso aubergines,Japanese,27.61,143.46,19.33,2022-10-16,20:09:30,0.19245782796598354,7.4216244180031055
Vegan,Golden beet hummus,Eastern Europe,40.89,119.51,112.69,2022-10-16,20:09:30,0.34214710066103254,1.0605200106486823
Vegan,Eggplant Arrabbiata,French,65.83,370.1,76.85,2022-10-16,20:09:30,0.17787084571737366,4.8158750813272615
Vegan,Coconut Nice,American,48.71,819.39,262.56,2022-10-16,20:09:30,0.05944666154090238,3.12077239488117
Vegan,Cashew “Hollandaise”,French,6.59,13.61,42.48,2022-10-16,20:09:30,0.4842027920646583,0.3203860640301318
Vegan,ORANGE TARRAGON FRUIT LEATHER,American,10.5,71.22,25.36,2022-10-16,20:09:30,0.14743049705139005,2.808359621451104
Vegan,Roasted pear with walnut & ginger filling,American,17.33,176.0,60.98,2022-10-16,20:09:30,0.09846590909090908,2.8861921941620206
Vegan,Dairy Free Chocolate Coconut Ice Cream,American,10.2,73.41,86.47,2022-10-16,20:09:30,0.13894564773191662,0.8489649589452989
Vegan,Hearty Winter Vegetable Soup Recipe,Mediterranean,34.01,168.55,21.55,2022-10-16,20:09:30,0.20177988727380597,7.821345707656612
Vegan,Spinach & chickpea curry,Indian,70.74,222.0,26.18,2022-10-16,20:09:30,0.3186486486486486,8.479755538579068
Vegan,Roasted cherry tomato and eggplant pasta,Italian,71.33,454.7,9.06,2022-10-16,20:09:30,0.15687266329447988,50.18763796909492
Vegan,Cassava Bacon,American,11.08,186.49,22.83,2022-10-16,20:09:30,0.05941337337122634,8.168637757336839
Vegan,Crispy Fried Chickpea Cake and Slaw Sandwiches Recipe,American,102.28,465.63,170.32,2022-10-16,20:09:30,0.21965938620793335,2.733853922029122
Vegan,"Linguine with avocado, tomato & lime",Italian,24.41,137.68,32.28,2022-10-16,20:09:30,0.17729517722254504,4.265179677819083
Vegan,Gluten Free Cauliflower Kale Pesto Pizza,Italian,25.86,42.4,84.09,2022-10-16,20:09:30,0.6099056603773585,0.5042216672612676
Vegan,Pumpkin Pie Tarts,American,121.77,431.62,291.01,2022-10-16,20:09:36,0.28212316389416614,1.4831792721899593
Vegan,Melon Milk Pops,American,14.53,133.36,11.26,2022-10-16,20:09:36,0.10895320935812836,11.843694493783305
Vegan,Vegetarian Enchiladas,Mexican,70.42,272.88,34.95,2022-10-16,20:09:36,0.2580621518616242,7.8077253218884115
Vegan,"""Chorizo"" Tacos From 'The VB6 Cookbook'",Asian,92.83,143.99,76.85,2022-10-16,20:09:36,0.6446975484408639,1.8736499674690958
Vegan,Parsnip and Chestnut Bisque,French,14.41,225.76,55.78,2022-10-16,20:09:36,0.06382884479092843,4.047328791681606
Vegan,Barley & broccoli risotto with lemon & basil,Italian,18.12,99.9,31.15,2022-10-16,20:09:36,0.18138138138138138,3.2070626003210276
Vegan,Butter bean & tomato salad,Middle Eastern,38.38,123.71,46.77,2022-10-16,20:09:36,0.31024169428502146,2.645071627111396
Vegan,"Fried Plantains With Black Beans, Roasted Poblanos, Avocado, and Pickled Red Onion Recipe",South American,45.04,349.94,318.04,2022-10-16,20:09:36,0.12870777847631024,1.1003018488240472
Vegan,Avocado hummus & crudités,Mediterranean,55.34,192.09,43.34,2022-10-16,20:09:36,0.2880941225467229,4.432164282418089
Vegan,Watermelon-Strawberry Popsicles,American,4.81,76.54,1.69,2022-10-16,20:09:36,0.06284295793049385,45.28994082840237
Vegan,Dairy Free Tzatziki,Mediterranean,33.82,88.14,62.31,2022-10-16,20:09:36,0.3837077376900386,1.4145402022147326
Vegan,Cook the Book: Lasagna with Roasted Cauliflower Ricotta and Spinach,Italian,96.05,125.05,37.69,2022-10-16,20:09:36,0.7680927628948421,3.317856195277262
Vegan,Mexican chocolate chickpea brownie,French,140.86,703.55,233.35,2022-10-16,20:09:43,0.20021320446308014,3.0149989286479535
Vegan,Squash & spinach fusilli with pecans,American,26.33,128.24,19.96,2022-10-16,20:09:43,0.20531815346225823,6.424849699398798
Vegan,Guacamole & mango salad with black beans,Mexican,32.88,143.89,25.03,2022-10-16,20:09:43,0.2285078879699771,5.748701558130243
Vegan,Butter bean & tomato salad,Middle Eastern,39.49,126.57,47.07,2022-10-16,20:09:43,0.3120012641226199,2.688973868706182
Vegan,Leek seeni sambol,Japanese,6.42,47.99,23.82,2022-10-16,20:09:43,0.13377787038966452,2.0146935348446684
Vegan,Parsnip gnocchi,French,48.6,271.55,78.89,2022-10-16,20:09:43,0.178972564905174,3.4421346178222842
Vegan,Soondubu Jjigae (Korean Soft Tofu Stew) Recipe,Asian,131.98,56.1,190.38,2022-10-16,20:09:43,2.352584670231729,0.2946738102741885
Vegan,Syrian Hummus,Mediterranean,60.77,194.69,122.04,2022-10-16,20:09:43,0.3121372438235143,1.5952966240576858
Vegan,Kohlrabi Fritters,South East Asian,27.12,73.76,56.02,2022-10-16,20:09:43,0.3676789587852494,1.3166726169225278
Vegan,Luxury hummus,Mediterranean,148.12,462.54,174.66,2022-10-16,20:09:43,0.32023176373935225,2.6482308485056683
Vegan,Strawberry-Mango Nice Cream,American,4.37,69.68,1.98,2022-10-16,20:09:43,0.06271526980482203,35.1919191919192
Vegan,Peanut and Coke Sorbet Recipe,American,46.68,276.31,102.94,2022-10-16,20:09:43,0.16894068256668235,2.6841849621138527
Vegan,Tofu Tacos,Asian,74.68,180.41,66.77,2022-10-16,20:09:43,0.41394601186187024,2.7019619589636066
Vegan,Fennel Pistachio Cauliflower Steaks,Mediterranean,34.0,89.7,59.78,2022-10-16,20:09:43,0.379041248606466,1.5005018400802945
Vegan,Quinoa and lentil salad with arugula,Middle Eastern,77.4,272.33,67.77,2022-10-16,20:09:43,0.28421400506738154,4.018444739560278
Vegan,Cauliflower steaks with roasted red pepper & olive salsa,American,16.25,39.91,39.3,2022-10-16,20:09:43,0.40716612377850164,1.0155216284987276
Vegan,Asparagus & lemon spaghetti with peas,Italian,34.55,164.06,31.77,2022-10-16,20:09:43,0.21059368523710836,5.163991186654076
Vegan,Veggie tahini lentils,Mediterranean,84.45,227.58,59.23,2022-10-16,20:09:50,0.3710783021355128,3.8423096403849404
Vegan,Roasted squash & red onion with pistachios,American,16.0,115.48,42.67,2022-10-16,20:09:50,0.13855213023900242,2.7063510663229433
Vegan,Citrus Lime Tofu Salad,Asian,27.09,20.25,31.08,2022-10-16,20:09:50,1.3377777777777777,0.6515444015444016
Vegan,Burnt leeks on toast with romesco,Mediterranean,52.01,258.41,57.4,2022-10-16,20:09:50,0.20126930072365617,4.501916376306621
Vegan,Marinated Kale and Chickpea Salad With Sumac Onions Recipe,American,50.3,135.85,33.68,2022-10-16,20:09:50,0.3702613176297387,4.03355106888361
Vegan,Beefless Ground Beef,American,41.35,11.42,32.61,2022-10-16,20:09:50,3.6208406304728546,0.35019932536031895
Vegan,Veggie-loaded flatbread,Mediterranean,51.57,187.8,72.72,2022-10-16,20:09:50,0.27460063897763576,2.5825082508250827
Vegan,Gluten-Free Apple and Walnut Pakoda/Fritters,American,21.6,152.21,42.09,2022-10-16,20:09:50,0.14190920438867355,3.6162984081729626
Vegan,Beet Tartare,French,27.2,108.07,62.82,2022-10-16,20:09:50,0.25168872027389655,1.7203120025469594
Vegan,Slow-Cooker Creamy Lentil Soup Freezer Pack,American,71.2,184.75,16.0,2022-10-16,20:09:50,0.3853856562922869,11.546875
Vegan,Egg-Free and Dairy-Free Pumpkin Pudding,British,17.97,108.25,91.53,2022-10-16,20:09:50,0.16600461893764434,1.1826723478640884
Vegan,Spaghetti with a Creamy Zucchini & Mint Sauce,French,38.17,194.22,12.32,2022-10-16,20:09:50,0.19652970857790136,15.76461038961039
Vegan,Pesto Tortilla Pizza,Italian,56.56,269.32,155.67,2022-10-16,20:09:50,0.21001039655428488,1.7300700199139205
Vegan,Gluten-Free Apple Hand Pies Recipe,American,23.5,425.1,101.1,2022-10-16,20:09:56,0.05528111032698188,4.204747774480713
Vegan,Veggie Sandwich,Indian,9.87,48.35,10.98,2022-10-16,20:09:56,0.20413650465356772,4.403460837887067
Vegan,Toasted Paprika Chickpeas,Mediterranean,30.39,99.03,28.82,2022-10-16,20:09:56,0.3068767040290821,3.436155447605829
Vegan,Healthy Broccoli and Cheese Soup,American,67.06,97.78,8.01,2022-10-16,20:09:56,0.6858253221517693,12.207240948813983
Vegan,Garlic Mashed Cauliflower,Mediterranean,17.51,49.52,43.95,2022-10-16,20:09:56,0.35359450726978997,1.1267349260523323
Vegan,Butternut Squash and Quinoa Pilaf,Mediterranean,28.77,160.17,42.8,2022-10-16,20:09:56,0.17962165199475558,3.742289719626168
Vegan,Crispy sweet potatoes with chickpeas & tahini yogurt,Mediterranean,55.06,246.11,100.18,2022-10-16,20:09:56,0.22372110032099468,2.456677979636654
Vegan,Sweet potato Tex-Mex salad,Mexican,51.93,283.57,91.4,2022-10-16,20:09:56,0.18312938604224707,3.1025164113785557
Vegan,Mushroom Beet Black Bean Burger,American,60.14,138.46,27.25,2022-10-16,20:09:56,0.4343492705474505,5.0811009174311925
Vegan,Cauliflower Steaks with Olive Salsa and Roasted Tomato Sauce,American,23.27,96.18,29.35,2022-10-16,20:09:56,0.2419421917238511,3.277001703577513
Vegan,Veggie olive wraps with mustard vinaigrette,American,6.84,34.45,13.26,2022-10-16,20:09:56,0.19854862119013061,2.5980392156862746
Vegan,Smoky Potato and Caper Empanadas With Cilantro Sauce Recipe,South American,48.15,374.31,1930.24,2022-10-16,20:09:56,0.12863669151238277,0.19391889091511935
Vegan,Aubergine & chickpea bites,French,60.56,259.79,59.97,2022-10-16,20:09:56,0.23311135917471804,4.331999332999834
Vegan,Shortbread Pecan Pie Crust,American,30.42,129.38,155.44,2022-10-16,20:09:56,0.23512134796722833,0.8323468862583633
Vegan,Zucchini Cannelloni with Cashew sauce,Italian,42.87,80.26,34.37,2022-10-16,20:09:56,0.5341390480936954,2.3351760256037246
Vegan,Sweet potato & cauliflower lentil bowl,Indian,66.52,222.82,47.41,2022-10-16,20:09:56,0.29853693564312,4.69985235182451
Vegan,Summertime Lentil Salad With Mango,Indian,15.05,51.05,17.71,2022-10-16,20:09:56,0.29480901077375127,2.882552230378317
Vegan,Curried parsnip soup shots,American,30.68,141.37,32.54,2022-10-16,20:10:03,0.21701916955506825,4.344499078057775
Vegan,Chilli & avocado salsa sweet potatoes,Mexican,46.0,212.41,40.19,2022-10-16,20:10:03,0.21656230874252624,5.285145558596666
Vegan,Autumn Apple Pumpkin Soup,American,16.38,140.73,50.33,2022-10-16,20:10:03,0.11639309315710936,2.7961454400953705
Vegan,Cook the Book: Garlicky Mushrooms and Kale,American,24.96,50.66,9.31,2022-10-16,20:10:03,0.49269640742202925,5.441460794844253
Vegan,Raspberry-Banana Sorbet,French,10.18,107.83,4.89,2022-10-16,20:10:03,0.09440786423073357,22.051124744376278
Vegan,Miso roasted tofu with sweet potato,Asian,80.17,115.44,75.36,2022-10-16,20:10:03,0.6944733194733195,1.5318471337579618
Vegan,Citrus Collards with Raisins Redux,American,6.65,92.0,14.69,2022-10-16,20:10:03,0.07228260869565217,6.262763784887679
Vegan,My children love beet salad!,American,21.29,95.81,50.29,2022-10-16,20:10:03,0.2222106251956998,1.905150129250348
Vegan,Edamame & Veggie Rice Bowl,Japanese,9.58,43.75,26.11,2022-10-16,20:10:03,0.21897142857142857,1.675603217158177
Vegan,Sautéed Spinach,French,14.23,19.32,10.81,2022-10-16,20:10:03,0.7365424430641822,1.7872340425531914
Vegan,Tuscan Hummus,Italian,77.06,228.87,73.14,2022-10-16,20:10:03,0.3366976886442085,3.1292042657916324
Vegan,Tangy Teriyaki Salmon,Nordic,431.1,39.47,276.51,2022-10-16,20:10:03,10.922219407144668,0.1427434812484178
Vegan,Graham Cracker Cinnamon Rolls (the best ever!),American,41.53,395.99,94.71,2022-10-16,20:10:03,0.10487638576731735,4.181079083518108
Vegan,"""Chocomole"" Pudding",British,37.32,445.2,117.05,2022-10-16,20:10:03,0.08382749326145553,3.8035027765912
Vegan,Broccoli Slaw w/ Mustard Vinaigrette,American,11.45,50.78,15.07,2022-10-16,20:10:03,0.22548247341473018,3.369608493696085
Vegan,Pesto Stuffed Mushrooms,Italian,16.01,40.09,31.17,2022-10-16,20:10:03,0.3993514592167623,1.2861726018607635
Vegan,Edamame Spread,Japanese,1.65,4.08,18.65,2022-10-16,20:10:03,0.4044117647058823,0.2187667560321716
Vegan,Escalivada (Smoky Slow-Roasted Vegetables),Mediterranean,15.04,78.65,74.96,2022-10-16,20:10:10,0.19122695486331848,1.0492262540021347
Vegan,Coconut Almond Chia Seed Pudding Recipe,British,26.13,107.65,60.6,2022-10-16,20:10:10,0.24273107292150486,1.7764026402640265
Vegan,Cucumber-Avocado Cauliflower Rice Sushi,Japanese,18.14,60.4,149.24,2022-10-16,20:10:10,0.30033112582781457,0.4047172339855266
Vegan,"Amaranth ""Risotto"" With Mushrooms",Italian,87.04,417.85,126.84,2022-10-16,20:10:10,0.20830441546009335,3.294307789340902
Vegan,Garlicky mushroom penne,Mediterranean,41.4,171.31,23.15,2022-10-16,20:10:10,0.24166715311423734,7.4
Vegan,West Indian spiced aubergine curry,Indian,11.25,69.45,15.4,2022-10-16,20:10:10,0.16198704103671704,4.509740259740259
Vegan,Roasted aubergine & tomato curry,Indian,20.68,90.56,125.12,2022-10-16,20:10:10,0.22835689045936394,0.7237851662404092
Vegan,"Cauliflower, squash, coconut & lentil curry",Indian,77.02,241.44,118.3,2022-10-16,20:10:10,0.3190026507620941,2.0409129332206257
Vegan,Ripe's Eggplant Romesco Rigatoni,Mediterranean,64.71,293.29,70.69,2022-10-16,20:10:10,0.2206348665143714,4.1489602489743955
Vegan,Date and Fennel Tofu Scramble,Asian,78.01,165.29,65.14,2022-10-16,20:10:10,0.47195837618730724,2.5374577832361065
Vegan,Caramelized Onion Hummus,Mediterranean,73.91,236.99,191.25,2022-10-16,20:10:10,0.3118696991434238,1.2391633986928106
Vegan,Asian Bulgur Wheat Salad,Chinese,20.18,99.19,29.31,2022-10-16,20:10:10,0.2034479282185704,3.3841692255203
Vegan,Roast asparagus bowls with tahini lemon dressing,Mediterranean,38.85,152.63,26.53,2022-10-16,20:10:10,0.254537115901199,5.753109687146626
Vegan,"Tomato, Fennel, and Crab Soup",French,76.04,175.31,101.06,2022-10-16,20:10:10,0.43374593577092013,1.7347120522461903
Vegan,Pasta with Broccoli and Cauliflower,Italian,71.61,273.57,34.28,2022-10-16,20:10:17,0.2617611580217129,7.980455075845974
Vegan,Tuscan Black Cabbage Bruschetta - (Crostoni Di Cavolo Nero),Italian,15.29,69.67,4.0,2022-10-16,20:10:17,0.21946318357973302,17.4175
Vegan,Black-Eyed Pea and Tempeh Beanballs,Italian,89.8,120.96,41.04,2022-10-16,20:10:17,0.7423941798941799,2.9473684210526314
Vegan,"Spanish Rice with Chorizo, Beans and Peas",Mediterranean,176.64,432.46,209.06,2022-10-16,20:10:17,0.40845396105998244,2.0685927484932556
Vegan,Cauliflower Cilantro Salad Recipe,Mediterranean,11.07,41.95,42.2,2022-10-16,20:10:17,0.2638855780691299,0.9940758293838863
Vegan,"Spicy, Peanutty Udon with Kale",American,32.54,85.66,35.11,2022-10-16,20:10:17,0.379873920149428,2.4397607519225293
Vegan,Satay noodle soup,Asian,13.54,53.94,39.2,2022-10-16,20:10:17,0.25101965146459027,1.3760204081632652
Vegan,Raw Chocolate Ganache Cake,French,42.13,240.67,153.62,2022-10-16,20:10:17,0.17505297710558027,1.5666579872412445
Vegan,"#SPINACH #LASAGNA my #Caribbean favourite, #Delicious #Nutritious #Vegetarian",Italian,165.9,333.74,548.55,2022-10-16,20:10:17,0.4970935458740337,0.6084039741135722
Vegan,"Tempeh ""Chicken"" Salad",American,26.8,23.75,24.2,2022-10-16,20:10:17,1.128421052631579,0.981404958677686
Vegan,Easy Chickpea Curry,Indian,201.31,843.44,267.99,2022-10-16,20:10:17,0.23867732144550885,3.147281614985634
Vegan,Mint & basil griddled peach salad,Mediterranean,23.36,118.14,42.51,2022-10-16,20:10:17,0.19773150499407482,2.7791107974594214
Vegan,Seasoned Black-Eyed Peas,South American,16.32,101.48,30.38,2022-10-16,20:10:17,0.160819865983445,3.340355497037525
Vegan,Southwest Sweet Potato Salad,American,52.07,266.82,62.04,2022-10-16,20:10:17,0.19515028858406416,4.300773694390716
Vegan,Braised Green Beans with Tomatoes,Mediterranean,17.49,77.86,70.2,2022-10-16,20:10:17,0.22463395838684816,1.109116809116809
Vegan,Curried Cauliflower Soup with Roasted Tomatoes,American,22.49,77.48,52.77,2022-10-16,20:10:17,0.29026845637583887,1.4682584801970817
Vegan,Gluten-Free Banana Flapjacks,Eastern Europe,21.33,185.77,33.69,2022-10-16,20:10:17,0.11481940033374602,5.514099139210449
Vegan,Baked Potato Soup with Crunchy Potato Skins,American,36.82,279.22,56.47,2022-10-16,20:10:17,0.13186734474607834,4.944572339295202
Vegan,Baked Sweet Potatoes with Spiced Lentil Salad & Lemon Tahini Dressing,Mediterranean,98.97,347.21,116.32,2022-10-16,20:10:17,0.28504363353590045,2.984955295735901
Vegan,Pistachio Gelato,Italian,0.48,75.19,155.03,2022-10-16,20:10:24,0.00638382763665381,0.4850029026640005
Vegan,Japanese Tabbouleh with Cilantro & Tofu,Asian,57.81,24.75,42.47,2022-10-16,20:10:24,2.335757575757576,0.5827643042147398
Vegan,Dairy-Free Spinach Stuffed Shells,American,156.82,426.75,85.12,2022-10-16,20:10:24,0.36747510251903925,5.013510338345864
Vegan,Greek Potato Salad,Mediterranean,49.15,416.81,110.81,2022-10-16,20:10:24,0.11791943571411434,3.761483620611858
Vegan,West Coast Avocado Toast,American,15.07,42.1,21.11,2022-10-16,20:10:24,0.35795724465558193,1.9943154902889626
Vegan,Cook the Book: Brussels Sprout-Potato Hash,French,18.46,110.8,10.42,2022-10-16,20:10:24,0.16660649819494586,10.633397312859884
Vegan,Red Lentil Dhal,Indian,93.79,232.77,13.92,2022-10-16,20:10:24,0.40292993083301115,16.72198275862069
Vegan,Chilled spicy tahini noodle bowl,Asian,147.05,367.86,120.65,2022-10-16,20:10:24,0.39974446800413205,3.0489846663903855
Vegan,Stuffed pumpkin,American,45.99,241.59,104.45,2022-10-16,20:10:24,0.19036383956289582,2.3129727142173286
Vegan,Chickpea & roasted parsnip curry,South East Asian,80.48,352.46,142.46,2022-10-16,20:10:24,0.22833796742892812,2.4740979924189244
Vegan,Charred Green Beans with Mustard Vinaigrette & Hazelnuts,American,13.8,38.34,62.36,2022-10-16,20:10:24,0.3599374021909233,0.6148171905067351
Vegan,Summer Vegetable Tian,Italian,11.57,52.41,74.19,2022-10-16,20:10:24,0.22075939706162948,0.7064294379296401
Vegan,Maple Walnut Banana Bread,American,19.51,192.39,49.08,2022-10-16,20:10:24,0.10140859712043247,3.919926650366748
Vegan,Mushroom Quinoa Soup,Mediterranean,32.24,133.05,34.29,2022-10-16,20:10:24,0.24231491920330703,3.880139982502188
Vegan,My children love beet salad!,American,20.11,92.55,50.04,2022-10-16,20:10:30,0.21728795245813073,1.8495203836930456
Vegan,Egyptian courgettes with dukkah sprinkle,French,61.46,188.94,43.4,2022-10-16,20:10:30,0.32528845136022017,4.353456221198157
Vegan,Cream of Cashew Pea Soup,Mediterranean,84.33,232.63,196.13,2022-10-16,20:10:30,0.3625069853415295,1.1861010554224238
Vegan,Banana “Ice Cream”,American,5.11,106.25,1.93,2022-10-16,20:10:30,0.04809411764705883,55.05181347150259
Vegan,Peach Pie Ice Cream,American,14.16,188.15,45.56,2022-10-16,20:10:30,0.07525910178049429,4.129719051799825
Vegan,Cider & Honey Kohlrabi Slaw with Radicchio,Chinese,11.24,94.37,47.86,2022-10-16,20:10:30,0.11910564798135,1.971792728792311
Vegan,Pumpkin Seed Dip,American,222.79,307.84,1042.73,2022-10-16,20:10:30,0.7237201143451144,0.29522503428500185
Vegan,Lentil ragu with courgetti,French,147.6,431.43,42.09,2022-10-16,20:10:30,0.3421180724567137,10.250178189593727
Vegan,Indian Spiced Broccoli and Potato Hash,Nordic,9.39,47.36,10.47,2022-10-16,20:10:30,0.19826858108108109,4.523400191021967
Vegan,Eggplant Pide (or Eggplant Boats),Mediterranean,87.94,350.33,36.43,2022-10-16,20:10:30,0.2510204664173779,9.616524842163052
Vegan,Jambalaya,American,109.58,533.45,39.66,2022-10-16,20:10:30,0.20541756490767643,13.450579929399902
Vegan,Curried Millet with Chickpeas and Currants,Indian,43.83,222.77,55.67,2022-10-16,20:10:30,0.19675001122233693,4.0016166696605
Vegan,Spaghetti puttanesca with red beans & spinach,Italian,34.11,141.84,20.31,2022-10-16,20:10:30,0.24048223350253806,6.983751846381094
Vegan,"Chilaquiles With Pepitas, Charred Corn, and Black Beans Recipe",American,73.23,371.82,160.37,2022-10-16,20:10:30,0.19695013716314347,2.3185134376753758
Vegan,Pumpkin Maple Milkshake,American,1.87,21.6,4.41,2022-10-16,20:10:31,0.08657407407407407,4.8979591836734695
Vegan,Tofu Jerky,Asian,73.15,29.96,40.14,2022-10-16,20:10:37,2.4415887850467293,0.7463876432486298
Vegan,Carrot Cake Bites,British,33.15,320.19,189.16,2022-10-16,20:10:37,0.10353227771010962,1.6926940156481285
Vegan,Vegetarian Jambalaya,American,110.18,519.84,39.84,2022-10-16,20:10:37,0.21194983071714374,13.048192771084336
Vegan,"Roast Chicken Dinner Potato Chips With Mushrooms, Lemon, and Thyme Recipe",French,24.46,16.85,1.91,2022-10-16,20:10:37,1.4516320474777447,8.821989528795813
Vegan,Zucchini Curry,Indian,27.75,90.49,123.34,2022-10-16,20:10:37,0.30666371974803847,0.7336630452407977
Vegan,Hearty lentil one pot,French,84.58,333.89,48.88,2022-10-16,20:10:37,0.2533169606756716,6.830810147299508
Vegan,Mom's Favorite Blueberry-Bran Muffins,American,32.27,312.66,80.36,2022-10-16,20:10:37,0.10321115588818525,3.8907416625186664
Vegan,Creamy Instant Pot Coconut Red Lentils,South East Asian,122.43,334.72,54.58,2022-10-16,20:10:37,0.3657684034416826,6.1326493220960065
Vegan,Quinoa Bowl With Tahini Dressing,Mediterranean,67.06,209.97,112.65,2022-10-16,20:10:37,0.31937895889889034,1.8639147802929426
Vegan,Lentil lasagne,Italian,128.98,425.86,24.86,2022-10-16,20:10:37,0.30286948762504107,17.130329847144008
Vegan,Spiced mushroom & lentil hotpot,South American,211.12,617.15,37.22,2022-10-16,20:10:37,0.34208863323341165,16.58113917248791
Vegan,Roasted Vegetable & Black Bean Tacos,Mexican,19.25,94.02,28.49,2022-10-16,20:10:37,0.20474367155924272,3.3001053001053
Vegan,Pumpkin curry with chickpeas,South East Asian,46.43,174.03,112.36,2022-10-16,20:10:37,0.26679308165258864,1.5488608045567818
Vegan,Cook the Book: Lentil and Eggplant Chili Mole,American,67.53,234.06,14.49,2022-10-16,20:10:37,0.2885157651884132,16.15320910973085
Vegan,"Spinach, sweet potato & lentil dhal",Middle Eastern,73.66,251.11,18.46,2022-10-16,20:10:37,0.2933375811397395,13.602925243770315
Vegan,"Crispy Potato, Onion, and Mushroom Rösti Recipe",French,12.68,80.54,68.43,2022-10-16,20:10:37,0.1574372982369009,1.1769691655706562
Vegan,Carrot Dog Pigs in a Blanket,American,27.61,150.93,9.46,2022-10-16,20:10:44,0.18293248525806663,15.954545454545453
Vegan,Mung Dal shorba (mung dal soup),American,9.88,25.24,76.3,2022-10-16,20:10:44,0.3914421553090333,0.3307994757536042
Vegan,Quinoa Chickpea Salad with Roasted Red Pepper Hummus Dressing,Mediterranean,26.62,89.01,9.54,2022-10-16,20:10:44,0.29906752050331425,9.330188679245284
Vegan,Stuffed Mediterranean Baked Potato,Mediterranean,45.76,218.21,22.86,2022-10-16,20:10:44,0.2097062462765226,9.545494313210849
Vegan,Homemade Seitan,Italian,253.43,128.26,12.5,2022-10-16,20:10:44,1.9759083112427882,10.2608
Vegan,Tastiest Miso Soup,Japanese,43.75,124.7,46.01,2022-10-16,20:10:44,0.35084202085004007,2.710280373831776
Vegan,Black Bean Corn Avocado Salsa,Mexican,46.41,182.86,145.78,2022-10-16,20:10:44,0.2538007218637208,1.2543558787213611
Vegan,Spinach with Pine Nuts and Raisins,American,37.77,162.01,62.19,2022-10-16,20:10:44,0.23313375717548301,2.6050812027657178
Vegan,Pasta with Broccoli Pesto,Italian,82.43,393.15,60.18,2022-10-16,20:10:44,0.20966552206536948,6.532901296111665
Vegan,"Squash, Kale, and Wild Rice Pilaf",Mediterranean,38.08,199.4,27.49,2022-10-16,20:10:44,0.1909729187562688,7.253546744270644
Vegan,Sesame parsnip & wild rice tabbouleh,Middle Eastern,40.07,233.5,72.6,2022-10-16,20:10:44,0.17160599571734475,3.216253443526171
Vegan,"Cabbage, Bean and Crispy Cale Soup",French,95.38,399.58,45.6,2022-10-16,20:10:44,0.2387006356674508,8.762719298245614
Vegan,Creamy Matcha White Chocolate Pudding,British,13.22,81.76,47.48,2022-10-16,20:10:44,0.161692759295499,1.721988205560236
Vegan,Strawberry Nice Cream,American,5.66,89.79,2.18,2022-10-16,20:10:44,0.06303597282548168,41.18807339449541
Vegan,"Chickpea, tomato & spinach curry",Indian,79.3,242.05,65.03,2022-10-16,20:10:44,0.32761826068994004,3.722128248500692
Vegan,Avocado Pesto Pasta,Italian,31.84,118.21,296.65,2022-10-16,20:10:44,0.2693511547246426,0.39848306084611496
Vegan,Chole Masala,Indian,48.03,168.93,27.82,2022-10-16,20:10:44,0.2843189486769668,6.072250179726815
Vegan,Asian Eggplant Stir fry,Asian,15.96,120.62,15.11,2022-10-16,20:10:44,0.1323163654451998,7.98279285241562
Vegan,Quinoa Chili,American,89.06,298.89,14.26,2022-10-16,20:10:51,0.2979691525310315,20.960028050490884
Vegan,Mushroom Tacos with Charred-Corn Salsa,Mexican,31.89,162.99,116.81,2022-10-16,20:10:51,0.19565617522547396,1.3953428644807808
Vegan,Thai-Scented Asparagus Soup,South East Asian,39.86,85.84,109.29,2022-10-16,20:10:51,0.46435228331780054,0.7854332509836215
Vegan,General Tso's Cauliflower,Chinese,26.4,58.48,52.18,2022-10-16,20:10:51,0.45143638850889195,1.12073591414335
Vegan,Brown Rice Risotto with Mushrooms,Italian,42.67,384.54,95.64,2022-10-16,20:10:51,0.11096374889478337,4.020702634880803
Vegan,Sweet Potato Chickpea Curry,Mexican,52.71,195.01,46.65,2022-10-16,20:10:51,0.27029383108558536,4.180278670953912
Vegan,Choc-cherry fudge torte with cherry sorbet,Mediterranean,62.73,1054.37,159.57,2022-10-16,20:10:51,0.059495243605186036,6.607570345303001
Vegan,Hearty White Bean and Spinach Soup with Rosemary and Garlic Recipe,French,38.21,121.5,56.68,2022-10-16,20:10:51,0.31448559670781895,2.1436132674664785
Vegan,"Cucumber, Shallot, and Tomato Salad",American,5.57,39.21,14.3,2022-10-16,20:10:51,0.14205559806171894,2.741958041958042
Vegan,Recipe: Curried Cauliflower Chowder,American,30.01,134.87,86.19,2022-10-16,20:10:51,0.2225105657299622,1.564798700545307
Vegan,Corn & split pea chowder,American,76.4,287.4,27.47,2022-10-16,20:10:51,0.2658315935977732,10.462322533673097
Vegan,Pumpkin Pie Nice Cream,American,9.86,168.39,3.01,2022-10-16,20:10:51,0.05855454599441772,55.943521594684384
Vegan,Warm Farro with Mushrooms and Crispy Beets,Japanese,32.67,143.15,30.32,2022-10-16,20:10:51,0.2282221446035627,4.721306068601583
Vegan,Tofu Cashew Noodles With Snow Peas,Asian,132.93,276.79,137.04,2022-10-16,20:10:51,0.4802557895877741,2.019775248102744
Vegan,Cannellini Bean & Roasted Red Pepper Sandwich,Italian,88.04,263.7,20.91,2022-10-16,20:10:51,0.3338642396662875,12.611190817790531
Vegan,Spicy Pineapple and Tequila Sorbet Recipe,Italian,5.46,326.46,1.24,2022-10-16,20:10:51,0.016724866752435216,263.2741935483871
Vegan,Ají (Colombian-Style Tomato and Onion Salsa) Recipe,Mexican,2.92,12.61,0.63,2022-10-16,20:10:51,0.2315622521808089,20.015873015873016
Vegan,Smoked Cauliflower Soup,American,49.78,134.47,17.29,2022-10-16,20:10:58,0.37019409533724995,7.777327935222672
Vegan,No-Cook Black Bean Salad,American,44.49,159.15,61.72,2022-10-16,20:10:58,0.27954759660697454,2.5785806869734285
Vegan,Buffalo-Style Quinoa Chili,American,39.63,187.22,25.32,2022-10-16,20:10:58,0.2116761029804508,7.394154818325434
Vegan,Seitan & black bean stir-fry,Asian,119.84,191.43,53.95,2022-10-16,20:10:58,0.6260251789165753,3.548285449490269
Vegan,Kadala curry,Indian,73.23,254.76,89.89,2022-10-16,20:10:58,0.2874470089495996,2.834130604071643
Vegan,Greek Salad Wraps,Mediterranean,62.05,275.99,93.62,2022-10-16,20:10:58,0.22482698648501756,2.947981200598163
Vegan,Cauliflower curry,Indian,26.67,98.4,82.57,2022-10-16,20:10:58,0.2710365853658537,1.1917161196560495
Vegan,Savory Tempeh Crumbles,American,43.86,24.95,34.17,2022-10-16,20:10:58,1.7579158316633268,0.7301726660813579
Vegan,Thai-Style Chopped Salad with Sriracha Tofu,South East Asian,73.37,51.78,97.29,2022-10-16,20:10:58,1.4169563538045578,0.532223250077089
Vegan,Steamed Jackfruit Buns,Mediterranean,32.97,516.13,79.82,2022-10-16,20:10:58,0.06387925522639645,6.466173891255325
Vegan,Roasted Sweet Potato Salad,South American,18.94,150.93,49.5,2022-10-16,20:10:58,0.1254886371165441,3.0490909090909093
Vegan,Spiced aubergine bake,Indian,45.99,265.59,132.97,2022-10-16,20:10:58,0.17316164012199256,1.9973678273294726
Vegan,Raw Kale Salad With Honey Apple Cider Vinaigrette,American,14.09,68.15,77.95,2022-10-16,20:10:58,0.20674981658107114,0.8742783835792175
Vegan,Cook the Book: Bengali Squash with Chickpeas,Indian,19.96,116.01,49.17,2022-10-16,20:10:58,0.17205413326437377,2.359365466748017
Vegan,Sri Lankan runner bean curry,Indian,34.33,107.96,119.4,2022-10-16,20:10:58,0.317988143756947,0.9041876046901172
Vegan,"Ajo Blanco (Spanish Chilled ""White Gazpacho"" Bread and Almond Soup) Recipe",Mediterranean,43.39,90.72,95.4,2022-10-16,20:10:58,0.4782848324514991,0.950943396226415
Vegan,Chickpea patties,American,55.28,157.14,36.8,2022-10-16,20:11:04,0.3517882143311697,4.270108695652174
Vegan,Twice-Roasted Miniature Pumpkins with Onions and Thyme,American,31.28,151.92,57.22,2022-10-16,20:11:04,0.20589784096893105,2.6550157287661653
Vegan,Raw hazelnut brownies with chocolate ganache,French,64.45,516.22,181.61,2022-10-16,20:11:04,0.12484987021037543,2.842464621992181
Vegan,Miso Ramen with Roasted Vegetables,Japanese,103.59,601.06,169.47,2022-10-16,20:11:04,0.1723455229095265,3.5467044314627953
Vegan,Curried Potato and Carrot Soup Recipe,American,42.88,322.28,109.06,2022-10-16,20:11:04,0.13305200446816434,2.955070603337612
Vegan,Roasted Cauliflower with Tahini and Goji Berries Recipe,Mediterranean,17.46,53.43,37.31,2022-10-16,20:11:04,0.32678270634475015,1.4320557491289199
Vegan,Thai Curry Ice Cream,South East Asian,18.6,248.87,156.02,2022-10-16,20:11:04,0.07473781492345402,1.5951160107678501
Vegan,Butternut Squash and Black Bean Tacos,Mexican,49.82,230.23,66.95,2022-10-16,20:11:04,0.2163923033488251,3.4388349514563106
Vegan,Quinoa Black Bean Summer Salad with Tahini Dressing,Mediterranean,118.34,461.48,66.81,2022-10-16,20:11:04,0.2564358152032591,6.907349199221674
Vegan,Spicy Beet and Spinach Stir-Fry Over Sesame Rice,South East Asian,22.09,186.31,39.09,2022-10-16,20:11:04,0.11856583114164564,4.766180608851368
Vegan,Sticky noodles with homemade hoisin,Asian,28.65,123.53,25.96,2022-10-16,20:11:04,0.23192746701206182,4.758474576271186
Vegan,Coconut curry noodle bowl,Asian,109.71,374.79,157.21,2022-10-16,20:11:04,0.29272392539822295,2.3840086508491827
Vegan,"Roasted cauliflower, tomato and chickpea bowl",Mediterranean,73.87,345.96,60.67,2022-10-16,20:11:04,0.21352179442710142,5.702324048129223
Vegan,Teriyaki Tofu Summer Rolls,Asian,71.8,259.72,28.1,2022-10-16,20:11:04,0.27645156322193126,9.24270462633452
Vegan,Kisir,Middle Eastern,42.33,270.29,107.38,2022-10-16,20:11:04,0.15660956750157237,2.5171354069659158
Vegan,Black Bean Burgers,American,77.08,309.03,45.43,2022-10-16,20:11:04,0.249425622107886,6.802333259960378
Vegan,Thai Zucchini-Coconut Soup,South East Asian,14.83,79.0,57.34,2022-10-16,20:11:04,0.18772151898734177,1.377746773630973
Vegan,Press-In Gluten-Free Pie Crust,American,36.74,100.91,130.56,2022-10-16,20:11:11,0.3640868100287385,0.7729013480392156
Vegan,Spice-crusted tofu with kumquat radish salad,Asian,49.48,66.44,56.12,2022-10-16,20:11:11,0.74473208910295,1.1838916607270136
Vegan,Cauliflower + Red Lentil Curry,Indian,71.24,193.75,117.33,2022-10-16,20:11:11,0.36769032258064516,1.651325321742095
Vegan,Indian Saag with Chickpeas,Indian,84.13,249.24,57.59,2022-10-16,20:11:11,0.33754614026640983,4.327834693523181
Vegan,Lots O'Laksa (Malaysian-Style Chicken Soup),South East Asian,153.7,174.14,182.31,2022-10-16,20:11:11,0.8826231767543355,0.9551862212714606
Vegan,Balsamic Mushroom Pasta,Italian,69.05,225.51,60.5,2022-10-16,20:11:11,0.3061948472351559,3.7274380165289256
Vegan,Healthy & Delicious: Herb-Scalloped Potatoes Recipe,French,44.55,169.93,17.37,2022-10-16,20:11:11,0.2621667745542282,9.782959124928036
Vegan,Moroccan Pumpkin and Chickpea Stew,Middle Eastern,13.47,63.18,4.32,2022-10-16,20:11:11,0.21320037986704654,14.624999999999998
Vegan,Marshmallow Cream,American,71.91,730.58,0.09,2022-10-16,20:11:11,0.09842864573352678,8117.555555555557
Vegan,Sweet Potato Hash Stuffed Portobello Mushrooms,South American,25.75,112.86,81.42,2022-10-16,20:11:11,0.22815878079035973,1.3861459100957996
Vegan,Pickled Red Onions,American,3.43,38.47,0.31,2022-10-16,20:11:11,0.08916038471536263,124.09677419354838
Vegan,"Potato, Asparagus & Mushroom Hash",American,25.67,131.88,43.33,2022-10-16,20:11:11,0.19464664846830454,3.0436187399030694
Vegan,Pasta With Braised Broccoli and Tomato Recipe,Italian,99.53,467.16,68.61,2022-10-16,20:11:11,0.21305334360818562,6.808919982509838
Vegan,German American Potato Salad,Central Europe,30.46,213.44,110.53,2022-10-16,20:11:11,0.14270989505247378,1.9310594408757802
Vegan,Chocolate Icebox Cake,American,66.39,297.87,259.06,2022-10-16,20:11:11,0.2228824655050861,1.1498108546282715
Vegan,Lentil Burgers,Nordic,99.48,315.18,31.22,2022-10-16,20:11:11,0.31562916428707405,10.095451633568226
Vegan,"Summer Quinoa Salad, Mexican-Style",Mexican,34.44,181.0,48.88,2022-10-16,20:11:18,0.19027624309392263,3.7029459901800323
Vegan,Kale and Potato Mash with Romesco Sauce,Mediterranean,31.94,198.87,30.33,2022-10-16,20:11:18,0.16060743199074773,6.556874381800198
Vegan,Creamy Ginger-Asparagus Soup,Mediterranean,15.29,60.62,81.98,2022-10-16,20:11:18,0.25222698779280767,0.7394486460112222
Vegan,"Sweet Potato, Kale & Chicken Salad with Peanut Dressing",Mediterranean,126.37,117.56,71.8,2022-10-16,20:11:18,1.0749404559373936,1.6373259052924791
Vegan,Whipped Frozen Pink Lemonade,French,6.45,137.75,48.82,2022-10-16,20:11:18,0.046823956442831216,2.8215895124948793
Vegan,Buddha bowl with grilled tofu and gluten-free white beer,Asian,91.78,255.89,70.28,2022-10-16,20:11:18,0.3586697409042948,3.641007398975526
Vegan,Stewed Chickpeas and Chard over Garlic Toast,French,59.12,224.37,60.29,2022-10-16,20:11:18,0.2634933368988724,3.7215126886714214
Vegan,Tuscan white beans w/ roasted vegetables,Italian,149.35,411.98,43.73,2022-10-16,20:11:18,0.3625175979416476,9.420992453693119
Vegan,"Tamari Roasted ""Crack"" Almonds",British,64.31,63.69,142.94,2022-10-16,20:11:18,1.009734652221699,0.4455715684902756
Vegan,Chia Chipotle Dressing From 'Salad Samurai',American,3.5,34.27,31.23,2022-10-16,20:11:18,0.10213014298220016,1.0973422990714057
Vegan,Squash Risotto,Italian,59.38,209.97,32.81,2022-10-16,20:11:18,0.2828023050912035,6.39957330082292
Vegan,Hippie Loaf,American,44.17,172.18,17.81,2022-10-16,20:11:18,0.2565338599140434,9.66760247052218
Vegan,"Carrot and Rye Berry Salad With Celery, Cilantro, and Marcona Almonds Recipe",American,38.18,117.41,114.49,2022-10-16,20:11:18,0.3251852482752747,1.0255044108655778
Vegan,Smoky Tofu Chili,Asian,69.77,135.28,48.41,2022-10-16,20:11:18,0.5157451212300413,2.7944639537285685
Vegan,Quinoa Stuffed Peppers,Mediterranean,114.85,276.83,160.19,2022-10-16,20:11:18,0.41487555539500776,1.7281353392845995
Vegan,Gobhi Mussallam,Indian,44.76,75.01,68.9,2022-10-16,20:11:18,0.5967204372750299,1.088679245283019
Vegan,Roasted aloo gobi,Indian,36.81,175.89,66.91,2022-10-16,20:11:18,0.2092785263516971,2.628755044089075
Vegan,Tahini Noodles,Asian,97.68,440.21,72.93,2022-10-16,20:11:25,0.22189409599963655,6.036061977238447
Vegan,Chocolate Coconut Ice Cream Mochi,American,45.56,469.36,233.65,2022-10-16,20:11:25,0.09706834838929607,2.0088166060346673
Vegan,Rainbow Swiss Chard and Lemon Stir-Fry,Chinese,29.15,167.53,51.66,2022-10-16,20:11:25,0.17399868680236374,3.242934572202865
Vegan,'Akara' aka bean or lentil fritters,Mediterranean,48.67,130.15,44.12,2022-10-16,20:11:25,0.3739531310026892,2.949909338168631
Vegan,Braised Winter Vegetable Pasta,Italian,59.4,297.09,35.46,2022-10-16,20:11:25,0.19993941229930326,8.378172588832486
Vegan,Favorite Fall Orzo Salad,American,50.82,207.74,89.08,2022-10-16,20:11:25,0.2446327139693848,2.33206106870229
Vegan,Sneaky Collards Recipe,American,55.67,118.96,38.34,2022-10-16,20:11:25,0.46797242770679226,3.1027647365675532
Vegan,Best veggie stir fry,Chinese,46.21,246.43,202.85,2022-10-16,20:11:25,0.18751775352026945,1.214838550653192
Vegan,The Crisper Whisperer: Gingered Butternut Soup Recipe,American,62.04,340.05,47.92,2022-10-16,20:11:25,0.18244375827084253,7.096202003338898
Vegan,Tofu Poke,Asian,72.95,157.18,65.14,2022-10-16,20:11:25,0.46411757221020483,2.4129567086275716
Vegan,Hummus and Mint Veggie Burgers,Nordic,75.73,270.57,86.9,2022-10-16,20:11:25,0.27989060132313265,3.113578826237054
Vegan,Thin Mint Smoothie,World,5.29,44.03,10.04,2022-10-16,20:11:25,0.12014535543947308,4.385458167330678
Vegan,Beans and Mushrooms,American,20.79,96.31,56.46,2022-10-16,20:11:25,0.21586543453431625,1.7058094226000708
Vegan,"Lentil Salad With Cauliflower, Walnuts, and Roasted Orange Vinaigrette Recipe",American,127.46,364.61,229.66,2022-10-16,20:11:25,0.34957900222155175,1.5876077680048768
Vegan,Quick & Dirty Slow Cooker Vegetarian Chili,American,98.97,331.17,43.99,2022-10-16,20:11:25,0.2988495334722348,7.528301886792453
Vegan,Chickpea & Jackfruit Curry,Indian,45.55,246.68,68.46,2022-10-16,20:11:25,0.18465218096319116,3.603271983640082
Vegan,Grilled Tofu with Chimichurri on Toast,Asian,91.17,111.42,160.34,2022-10-16,20:11:25,0.8182552504038773,0.6948983410253212
Vegan,Korean Stewed Tofu with a Green Onion Salad and Crisp Bacon,Asian,79.06,64.73,74.17,2022-10-16,20:11:25,1.2213811215819559,0.8727248213563435
Vegan,Jackfruit Carnitas,Mexican,23.56,421.86,49.12,2022-10-16,20:11:32,0.055847911629450527,8.588355048859935
Vegan,Vegetarian Mushroom Thyme Gravy,South American,14.75,67.01,72.71,2022-10-16,20:11:32,0.22011640053723322,0.9216063815156101
Vegan,Well-Crafted Macaroni and Cheese Mix,American,127.15,164.38,70.78,2022-10-16,20:11:32,0.7735125927728435,2.322407459734388
Vegan,Easy Black-Bean Corn Salad,Mexican,64.0,208.35,10.35,2022-10-16,20:11:32,0.30717542596592273,20.130434782608695
Vegan,Banana Heavens Little Pig (Spanish Custard Dessert),Mediterranean,48.41,518.39,148.52,2022-10-16,20:11:32,0.09338528906807615,3.49037166711554
Vegan,The Ultimate Raw Taco,Mexican,9.88,40.98,30.65,2022-10-16,20:11:32,0.2410932162030259,1.337030995106036
Vegan,Rosemary Alu Paratha (Potato Parathas with Fresh Rosemary),American,41.76,256.51,19.4,2022-10-16,20:11:32,0.16280067053916025,13.222164948453608
Vegan,One-Pot Lentils & Rice with Spinach,Middle Eastern,58.84,235.58,48.83,2022-10-16,20:11:32,0.24976653366160115,4.824493139463445
Vegan,Toni Fiore's Millet Beet Burger,American,47.33,241.3,45.89,2022-10-16,20:11:32,0.1961458765022793,5.258226193070386
Vegan,Smoky Tempeh and Hummus Sandwiches,Mediterranean,119.5,247.13,98.81,2022-10-16,20:11:32,0.48355116740177234,2.5010626454812264
Vegan,Mini nut roasts with candied carrots,American,421.72,1636.67,267.25,2022-10-16,20:11:32,0.25766953631459,6.124115996258186
Vegan,Chickpea Cashew Curry,Indian,59.38,196.66,104.83,2022-10-16,20:11:32,0.30194243872673654,1.8759896976056472
Vegan,Easy Middle Eastern Fried Tomatoes: Jordanian Galayet Bandora,Middle Eastern,6.26,33.5,55.18,2022-10-16,20:11:38,0.18686567164179105,0.6071040231968104
Vegan,"Whole-Grain Wraps with Quinoa, Beans, and Roasted Veggies",American,126.07,229.3,164.88,2022-10-16,20:11:38,0.5498037505451373,1.3907083939835032
Vegan,White Beans with Herbes de Provence,World,29.17,125.36,49.62,2022-10-16,20:11:38,0.2326898532227186,2.5264006449012495
Vegan,Chickpea Piccata,Italian,39.19,142.48,14.77,2022-10-16,20:11:38,0.27505614823133073,9.646580907244413
Vegan,Recipe: Purple Cauliflower Hummus,Mediterranean,3.34,19.69,67.86,2022-10-16,20:11:38,0.1696292534281361,0.2901562039493074
Vegan,Instant Pot Vegetarian Chili,American,99.51,330.95,22.49,2022-10-16,20:11:38,0.3006798610061943,14.71542907959093
Vegan,"No-Churn Mango Sherbet (Sorbet, Frozen Yogurt, or Ice Cream!)",American,7.92,125.36,6.46,2022-10-16,20:11:38,0.0631780472239949,19.405572755417957
Vegan,Feta Stuffed Eggplant Polpetti,Mediterranean,20.16,85.67,20.56,2022-10-16,20:11:38,0.2353215828177892,4.16682879377432
Vegan,Cinnamon Spiced Nuts,American,94.41,129.09,412.23,2022-10-16,20:11:38,0.7313502207762026,0.31315042573320717
Vegan,Israeli Couscous Salad,Middle Eastern,42.92,203.37,40.93,2022-10-16,20:11:38,0.2110439101145695,4.968727095040313
Vegan,Cranberry Curry and Mint Cashew Butter,American,9.16,16.16,41.83,2022-10-16,20:11:38,0.5668316831683168,0.3863256036337557
Vegan,Tofu Pesto,Asian,49.91,68.57,242.68,2022-10-16,20:11:38,0.7278693306110544,0.2825531564199769
Vegan,"Tofu and Kale Salad With Avocado, Grapefruit, and Miso-Tahini Dressing Recipe",Mediterranean,46.85,81.27,131.61,2022-10-16,20:11:38,0.5764734834502276,0.6175062685206291
Vegan,Mediterranean Cabbage Soup,Mediterranean,47.06,183.94,31.28,2022-10-16,20:11:38,0.255844297053387,5.880434782608695
Vegan,Mother's Day Mexican Veggie Burgers,Mexican,122.64,405.33,43.13,2022-10-16,20:11:38,0.30256827769965217,9.397866913980987
Vegan,"Pasta Sauce, Elevated",Italian,63.83,211.59,40.86,2022-10-16,20:11:38,0.30166832080911193,5.1784140969163
Vegan,Jackfruit Barbacoa Burrito Bowls,Mexican,40.22,496.18,35.97,2022-10-16,20:11:38,0.0810592929985086,13.79427300528218
Vegan,Spicy Thai Peanut Kelp Noodle Pad Thai,South East Asian,92.67,357.52,68.86,2022-10-16,20:11:45,0.25920228238979637,5.191983735114725
Vegan,Make-Ahead Zucchini and Quinoa Dill Bisque Recipe,French,36.29,102.42,28.8,2022-10-16,20:11:45,0.3543253270845538,3.55625
Vegan,Pearl Couscous Chicken Salad with Roasted Asparagus and Herbs,Nordic,203.05,397.74,97.26,2022-10-16,20:11:45,0.5105093779856188,4.089450956199877
Vegan,Slow-Cooker Creamy Butternut Squash-Apple Soup,French,17.22,204.62,24.8,2022-10-16,20:11:45,0.08415599648128237,8.250806451612902
Vegan,Potato Salad with Parsley Pesto,French,24.8,160.68,133.13,2022-10-16,20:11:45,0.15434403783918346,1.2069405843911967
Vegan,Vietnamese Citrus and Noodle Salad With Fresh Herbs and Fried Yuba (Tofu Skin) Recipe,Asian,53.49,256.92,308.86,2022-10-16,20:11:45,0.208197104156936,0.8318331930324419
Vegan,Andrea Nguyen's Saag Soy Paneer,Indian,50.48,52.34,95.34,2022-10-16,20:11:45,0.9644631257164691,0.5489825886301657
Vegan,Harvest-Stuffed Portobello Mushrooms,Mediterranean,86.71,237.42,95.53,2022-10-16,20:11:45,0.3652177575604414,2.485292578247671
Vegan,Thai Summer Squash Curry,South East Asian,77.15,228.01,65.94,2022-10-16,20:11:45,0.3383623525283979,3.4578404610251745
Vegan,Stir-Fried Broccoli and Shiitake Mushrooms with Oyster Sauce,Mediterranean,23.13,64.29,31.52,2022-10-16,20:11:45,0.3597760149323378,2.0396573604060917
Vegan,Instant Pot Vegetable Soup,Italian,45.98,152.64,31.25,2022-10-16,20:11:45,0.3012316561844864,4.88448
Vegan,Stuffed Portobello Mushroom Caps with Roasted Root Vegetable Risotto,Italian,57.13,259.37,52.6,2022-10-16,20:11:45,0.22026448702625592,4.930988593155893
Vegan,Chickpea Spaghetti With Roasted Vegetables,Italian,62.65,351.35,43.49,2022-10-16,20:11:45,0.17831222427778567,8.078868705449528
Vegan,Gluten-Free Chocolate-Chip Zucchini Bread Squares Recipe,American,29.52,285.85,115.17,2022-10-16,20:11:45,0.10327094630050725,2.481983155335591
Vegan,Black Girl Baking is a Journey in Food Memories Told Through the Senses,American,60.23,403.78,375.91,2022-10-16,20:11:45,0.1491653870919808,1.0741400867228856
Vegan,Homemade Crunchy Nutella Recipe,American,32.92,349.55,252.31,2022-10-16,20:11:45,0.09417822915176656,1.3853989140343228
Vegan,Tofu Mexicali Scramble Recipe,Asian,63.61,154.85,64.2,2022-10-16,20:11:45,0.4107846302873749,2.411993769470405
Vegan,Green Coconut Zoodle Soup,American,24.81,104.19,130.69,2022-10-16,20:11:45,0.2381226605240426,0.7972300864641518
Vegan,"Sticky Rice Cake with Coconut, Ginger & Condensed Coconut Milk",South East Asian,56.93,434.64,324.66,2022-10-16,20:11:45,0.1309819620835634,1.3387543892071705
Vegan,Cook the Book: Quinoa with Chimichurri Herbs,South American,27.28,135.59,51.58,2022-10-16,20:11:52,0.20119477837598643,2.6287320666925167
Vegan,Quinoacado Tacos with Charred Corn and Fruit Salsa,Mexican,42.79,258.64,86.54,2022-10-16,20:11:52,0.1654423136405815,2.9886757568754327
Vegan,Summertime Potluck Puttanesca,Italian,80.09,424.04,125.3,2022-10-16,20:11:52,0.1888736911612112,3.384197924980048
Vegan,The Best Vegetarian Bean Chili Recipe,American,138.0,434.9,67.01,2022-10-16,20:11:52,0.3173143251322143,6.490076108043575
Vegan,"Cranberry Orange Cornbread with Orange ""Butter""",American,43.91,543.24,123.1,2022-10-16,20:11:52,0.08082983580001472,4.412997562956946
Vegan,Dairy-Free Pumpkin Pie,American,27.39,364.75,119.43,2022-10-16,20:11:52,0.07509252912954079,3.0540902620782044
Vegan,Autumn Curry with Pumpkin and Chickpeas,Indian,121.86,507.04,158.57,2022-10-16,20:11:52,0.24033606816030292,3.1975783565617713
Vegan,'Clean Start': Chewy Chocolate Macaroons Recipe,French,23.58,248.33,174.13,2022-10-16,20:11:52,0.09495429468851929,1.4261184172744503
Vegan,"Zucchini, Almond, and Mint Soup with Lemony Lentils",French,70.76,141.49,112.43,2022-10-16,20:11:52,0.5001060145593328,1.2584719380948146
Vegan,Spanish Chickpea Gratin,Mediterranean,83.94,288.01,108.84,2022-10-16,20:11:52,0.29144821360369433,2.6461778757809626
Vegan,French in a Flash: Parsnip Purée with Olive Oil and Sage,American,12.47,172.38,71.85,2022-10-16,20:11:52,0.07234017867502031,2.3991649269311064
Vegan,Easy Walnut Pesto,Italian,85.28,44.39,80.87,2022-10-16,20:11:52,1.9211534129308403,0.5489056510448869
Vegan,Country-Style Tomato and Cilantro Broth,Mediterranean,0.36,1.83,0.1,2022-10-16,20:11:52,0.19672131147540983,18.3
Vegan,Quinoa & Sweet Potato Chili,American,58.05,237.62,28.37,2022-10-16,20:11:52,0.24429761804561903,8.375749030666196
Vegan,Quinoa Salad with Roasted Beets and Baby Spinach,American,76.97,301.5,97.26,2022-10-16,20:11:52,0.25529021558872306,3.0999383096853794
Vegan,Dinner Tonight: Caramelized Tofu with Brussels Sprouts Recipe,Asian,29.77,57.5,74.44,2022-10-16,20:11:52,0.5177391304347826,0.7724341751746373
Vegan,Stir-Fried Garlic Eggplant with Ground Pork Recipe,South East Asian,29.35,42.31,68.44,2022-10-16,20:11:52,0.6936894351217207,0.6182057276446523
Vegan,Sweet Potato Cake with Cashew Cream Cheese Frosting,American,48.54,390.74,138.94,2022-10-16,20:11:58,0.12422582791626145,2.8122930761479776
Vegan,Black Bean Corn Tamales,South American,152.27,798.89,84.75,2022-10-16,20:11:58,0.190601960219805,9.426430678466076
Vegan,Pappardelle with Artichoke Chickpea Meatballs,Mediterranean,252.44,1115.32,150.17,2022-10-16,20:11:58,0.2263386292723165,7.427049344076713
Vegan,Curried Cauliflower Soup with Tamarind Glazed Kabocha Squash and Apple,American,49.51,207.1,47.15,2022-10-16,20:11:58,0.23906325446644133,4.392364793213149
Vegan,Citrus Ginger Tofu Salad with Buckwheat Soba Noodles,Asian,88.65,188.32,96.04,2022-10-16,20:11:58,0.47074129141886156,1.960849645980841
Vegan,Cook the Book: Coconut Rice with Variations,South American,14.84,118.9,44.97,2022-10-16,20:11:58,0.12481076534903279,2.6439848788080944
Vegan,Maple Hasselback Butternut Squash Recipe,American,10.25,146.75,18.23,2022-10-16,20:11:58,0.06984667802385008,8.049917718047174
Vegan,Fresh Tomato Soup,Italian,11.49,61.53,48.05,2022-10-16,20:11:58,0.18673817649926866,1.28054110301769
Vegan,Dinner Tonight: Farro Salad with Roasted Kale and Beets Recipe,Italian,104.08,384.58,73.85,2022-10-16,20:11:58,0.27063289822663683,5.207582938388626
Vegan,Tom Kha Udon Soup With Mushrooms Recipe,South East Asian,134.56,719.89,87.81,2022-10-16,20:11:58,0.18691744572087404,8.198268989864479
Vegan,Lemon and Saffron Risotto,Italian,39.75,341.75,61.86,2022-10-16,20:11:58,0.1163130943672275,5.524571613320401
Vegan,Vegetarian Butternut Squash Chili with Black Beans,American,78.55,261.64,35.03,2022-10-16,20:11:58,0.3002216786424094,7.4690265486725655
Vegan,Instant Pot Curry,South East Asian,53.58,198.48,112.46,2022-10-16,20:11:58,0.2699516324062878,1.7648941845989685
Vegan,Sweet Potato Soup with Crispy Tortilla Topping,French,92.0,316.83,126.56,2022-10-16,20:11:58,0.2903765426253827,2.503397597977244
Vegan,Edamame Gyoza,South East Asian,72.45,357.2,30.33,2022-10-16,20:11:58,0.20282754759238522,11.777118364655458
Vegan,Raw Harvest Kale Salad,American,13.24,95.77,49.0,2022-10-16,20:11:58,0.13824788555915216,1.9544897959183674
Vegan,Rye and Butternut Squash Dressing,American,93.11,546.51,72.18,2022-10-16,20:11:58,0.17037199685275659,7.5714879467996665
Vegan,Classic Beans and Greens Tacos,Mexican,102.35,375.3,101.68,2022-10-16,20:11:58,0.27271516120436984,3.690991345397325
Vegan,Spring Vegetarian Cassoulet,French,32.57,148.59,123.4,2022-10-16,20:11:58,0.2191937546268255,1.2041329011345219
Vegan,Gluten-Free Tuesday: Allergen-free Chocolate Pumpkin Spice Cake,American,26.21,445.66,124.96,2022-10-16,20:12:05,0.05881165013687564,3.566421254801537
Vegan,Vegetarian Slow-Cooker Chili Recipe,American,57.47,182.49,20.72,2022-10-16,20:12:05,0.3149213655542769,8.807432432432433
Vegan,Rich Roll's Ultra Meatless Tempeh Loaf,American,132.02,238.22,222.53,2022-10-16,20:12:05,0.5541936025522627,1.0705073473239564
Vegan,French Toast with Blueberry Compote,French,58.55,366.33,222.47,2022-10-16,20:12:05,0.15982856986869762,1.646648986380186
Vegan,Whipped Frozen Creamsicle,World,5.17,46.29,24.93,2022-10-16,20:12:05,0.11168718945776626,1.8567990373044525
Vegan,Pandan Khanom Chan (Layered Rice Sweets) Recipe,South East Asian,32.01,974.19,55.15,2022-10-16,20:12:05,0.032858066701567455,17.664369900271986
Vegan,Recipe: Garlicky Soba Noodle Bowls,Asian,38.89,187.15,11.12,2022-10-16,20:12:05,0.2078012289607267,16.830035971223023
Vegan,Basic Chili Paste to Replace Chili Powder Recipe,American,22.16,24.7,9.29,2022-10-16,20:12:05,0.8971659919028341,2.658772874058127
Vegan,"Instant Pot Bengali Red Lentil, Potato, Pea, and Cauliflower Risotto",Italian,58.03,232.18,74.27,2022-10-16,20:12:05,0.24993539495219227,3.1261613033526325
Vegan,Southwest-Stuffed Sweet Potato Skins,American,83.88,491.68,44.65,2022-10-16,20:12:05,0.17059876342336477,11.011870100783876
Vegan,Red Lentil Soup,British,62.77,197.6,24.27,2022-10-16,20:12:05,0.3176619433198381,8.141738772146683
Vegan,Vegetarian Gumbo,American,115.35,568.37,92.32,2022-10-16,20:12:05,0.2029487833629502,6.156520797227037
Vegan,Slow-Cooker Mediterranean Stew,American,46.14,170.31,56.55,2022-10-16,20:12:05,0.27091773824202925,3.0116710875331565
Vegan,Tempeh and Eggplant Pot Pies,American,34.58,204.76,101.42,2022-10-16,20:12:05,0.1688806407501465,2.018931177282587
Vegan,"Avocado with Pomegranate Molasses, Tomatoes, Citrus, and Basil",American,11.52,57.04,57.09,2022-10-16,20:12:05,0.20196353436185133,0.9991241898756349
Vegan,Grilled Cauliflower Steaks with Almond Pesto & Butter Beans,British,111.57,303.83,116.4,2022-10-16,20:12:05,0.3672119277227397,2.610223367697594
Vegan,French Caramelized Onion Tart,American,34.83,216.01,134.76,2022-10-16,20:12:05,0.16124253506782094,1.602923716236272
Vegan,Sri Lankan braised roots stew & coconut dhal dumplings,American,73.76,361.63,159.57,2022-10-16,20:12:12,0.20396537897851397,2.2662781224540955
Vegan,curried lentils with sweet potatoes.,Indian,89.51,311.47,14.88,2022-10-16,20:12:12,0.2873792018492953,20.93212365591398
Vegan,One-Pot Coconut Milk Curry with Chickpeas,Indian,51.92,198.04,128.18,2022-10-16,20:12:12,0.262169258735609,1.5450148229052894
Vegan,Zucchini-Chickpea Veggie Burgers with Tahini-Ranch Sauce,Mediterranean,67.07,233.11,68.11,2022-10-16,20:12:12,0.28771824460555095,3.422551754514756
Vegan,"Squash, chickpea & coconut curry",Indian,61.08,278.25,160.2,2022-10-16,20:12:12,0.21951482479784365,1.7368913857677903
Vegan,"Gardein ""Chicken"" Scaloppini with Shiitake Sake Sauce, Pea Shoots, and Udon Noodle Cakes",Asian,34.07,155.84,189.14,2022-10-16,20:12:12,0.21862166324435317,0.8239399386697686
Vegan,Lisa's Delicious 3-Bean Chili,American,117.41,384.6,19.06,2022-10-16,20:12:12,0.3052782111284451,20.178384050367264
Vegan,Matcha Mint Chip Ice Cream,American,15.15,165.73,147.34,2022-10-16,20:12:12,0.09141374524829543,1.1248133568616803
Vegan,Tomato and Farro Minestrone,Italian,76.22,303.4,23.42,2022-10-16,20:12:12,0.25121951219512195,12.954739538855677
Vegan,"Chickpea, Potato, and Spinach Jalfrezi With Cilantro Chutney Recipe",Indian,57.59,242.68,57.44,2022-10-16,20:12:12,0.2373083896489204,4.224930362116992
Vegan,Midtown Greek Salad,Mediterranean,57.49,93.94,130.53,2022-10-16,20:12:12,0.6119863742814563,0.7196812993181644
Vegan,Flat-Belly Soup,French,42.63,188.44,28.24,2022-10-16,20:12:12,0.22622585438335813,6.672804532577904
Vegan,"Charred Corn, Radish, Jicama, and Green Bean Salad With Lime Dressing Recipe",Japanese,13.52,81.22,72.01,2022-10-16,20:12:12,0.16646146269391776,1.1278989029301485
Vegan,Vegetarian Ghormeh Sabzi for times of plague,Mediterranean,151.41,566.8,118.61,2022-10-16,20:12:12,0.26713126323218067,4.778686451395329
Vegan,Seitan and Polenta Skillet with Fresh Greens,Japanese,161.96,480.09,71.68,2022-10-16,20:12:12,0.33735341290174764,6.6976841517857135
Vegan,Strawberry Oat Crumble Bars,American,46.72,547.43,158.32,2022-10-16,20:12:12,0.08534424492629195,3.457743810005053
Vegan,Sweet Potato & Spinach Dal,Central Europe,61.47,175.5,31.64,2022-10-16,20:12:12,0.35025641025641024,5.54677623261694
Vegan,"Roasted Garlic, White Bean & Kale Pizz'alad",Italian,81.4,351.98,63.0,2022-10-16,20:12:12,0.2312631399511336,5.586984126984127
Vegan,Cook the Book: Moroccan-Style Braised Vegetables,Middle Eastern,47.3,150.7,40.81,2022-10-16,20:12:19,0.31386861313868614,3.6927223719676543
Vegan,Slow-Cooker Vegetarian Tex-Mex Casserole,Mexican,76.56,248.92,115.38,2022-10-16,20:12:19,0.3075686967700466,2.157392962385162
Vegan,Greek Style Chickpea soup,Mediterranean,99.72,335.36,145.56,2022-10-16,20:12:19,0.2973520992366412,2.3039296510030227
Vegan,Roasted Mediterranean Vegetables with Chickpeas,Mediterranean,56.91,237.33,42.09,2022-10-16,20:12:19,0.23979269371760836,5.638631503920171
Vegan,Potato Cauliflower Chaat (for an American kitchen),American,50.51,311.9,83.16,2022-10-16,20:12:19,0.16194293042641872,3.7506012506012505
Vegan,Pad Thai Redux,South East Asian,19.72,132.77,52.76,2022-10-16,20:12:19,0.14852752880921893,2.516489764973465
Vegan,Asian-style Cabbage Slaw w/Tofu and Crunchy Ramen,Japanese,35.24,95.9,42.98,2022-10-16,20:12:19,0.36746611053180395,2.231270358306189
Vegan,Roasted-Carrot Salad With Peanut-Sesame Mole Recipe,Italian,36.63,126.8,114.44,2022-10-16,20:12:19,0.2888801261829653,1.1080041943376442
Vegan,Mushroom-Tofu-Pecan Stuffed Vegetables,American,188.05,220.59,262.31,2022-10-16,20:12:19,0.8524865134412258,0.840951545880828
Vegan,Quinoa with Curried Cauliflower & Potatoes,Indian,26.99,130.18,67.17,2022-10-16,20:12:19,0.20732831464126592,1.9380675896977817
Vegan,Low-Carb Portobello Mushroom Fajitas,Mexican,41.49,111.46,148.41,2022-10-16,20:12:19,0.3722411627489683,0.751027558789839
Vegan,Healthy and Delicious: Confetti Quinoa Salad Recipe,South American,105.2,380.79,31.22,2022-10-16,20:12:19,0.27626775913233015,12.196989109545164
Vegan,Pistachio-Crusted Tofu with Red Chimichurri Recipe,Asian,69.87,99.93,149.91,2022-10-16,20:12:19,0.699189432602822,0.6665999599759856
Vegan,Baby Artichokes with Lemon and Olive Oil,Mediterranean,90.34,307.15,220.77,2022-10-16,20:12:19,0.2941233924792447,1.3912669293835211
Vegan,"Portobello Mushrooms Stuffed with Spinach, Parmesan and Fennel",Mediterranean,88.96,74.56,105.46,2022-10-16,20:12:19,1.1931330472103003,0.7069979139010052
Vegan,Chili Lime Black Bean and Quinoa Salad,American,75.94,358.72,75.25,2022-10-16,20:12:19,0.21169714540588758,4.7670431893687715
Vegan,Holiday Slow Cooker Veggie Chili,American,126.44,521.3,33.18,2022-10-16,20:12:19,0.24254747746019567,15.711271850512356
Vegan,Pumpkin Tiramisu Recipe,Italian,62.91,1228.6,366.25,2022-10-16,20:12:19,0.05120462314829888,3.3545392491467574
Vegan,"Carrot, Ginger, and Basil Soup Recipe",American,35.0,62.3,18.06,2022-10-16,20:12:26,0.5617977528089888,3.449612403100775
Vegan,Eat for Eight Bucks: Farro and Cauliflower Salad with Currants Recipe,Mediterranean,63.82,237.21,44.88,2022-10-16,20:12:26,0.2690443067324312,5.285427807486631
Vegan,"Healthy and Delicious: Shredded Beet, Apple, and Currant Salad with Apple Vinaigrette Recipe",French,8.36,137.62,28.48,2022-10-16,20:12:26,0.06074698444993459,4.832162921348314
Vegan,Versatile Lentil Stew,Italian,64.06,178.01,50.35,2022-10-16,20:12:26,0.35986742317847314,3.5354518371400196
Vegan,Spicy Tortilla Crisps with Queso Fundito from 'Salty Snacks',American,54.74,49.59,93.59,2022-10-16,20:12:26,1.1038515829804396,0.5298643017416391
Vegan,Radishes With Avocado Dip From 'The VB6 Cookbook',American,19.88,71.62,42.65,2022-10-16,20:12:26,0.27757609606255235,1.6792497069167645
Vegan,Simple Kale Salad,American,52.89,93.69,116.43,2022-10-16,20:12:26,0.5645212936279219,0.8046895130121102
Vegan,Chickpea and Kale Curry,Indian,34.63,104.0,98.87,2022-10-16,20:12:26,0.33298076923076925,1.0518863153636087
Vegan,Meat Lite: Portobello Burgers with Crispy Prosciutto and Arugula Mayo Recipe,Mediterranean,85.6,123.67,87.8,2022-10-16,20:12:26,0.6921646316810867,1.4085421412300685
Vegan,Slow-Cooker Vegetarian Chili,American,53.11,279.09,7.67,2022-10-16,20:12:26,0.19029703679816548,36.38722294654498
Vegan,Gluten-Free Tuesday: Graham Crackers Recipe,American,20.99,344.46,67.13,2022-10-16,20:12:26,0.06093595773094118,5.131237896618502
Vegan,Braised Artichokes With Leeks and Peas From 'The New Vegetarian Cooking for Everyone',Mediterranean,50.89,224.38,53.68,2022-10-16,20:12:26,0.22680274534272218,4.179955290611028
Vegan,Apple Fennel Casserole with a Coconut-Turmeric Twist,Italian,5.6,46.5,18.34,2022-10-16,20:12:26,0.12043010752688171,2.5354416575790624
Vegan,Healthy & Delicious: Tabbouleh Salad Recipe,Middle Eastern,27.75,136.96,57.17,2022-10-16,20:12:26,0.20261390186915887,2.3956620605212526
Vegan,Apricot Kuchen,American,71.48,744.37,79.76,2022-10-16,20:12:26,0.09602751319908111,9.332622868605817
Vegan,"'The Food Matters Cookbook': Spicy Fried Rice with Bean Sprouts, Chicken, and Peanuts Recipe",South East Asian,111.5,337.99,105.43,2022-10-16,20:12:26,0.32989141690582563,3.205823769325619
Vegan,French Lentil and Arugula Salad with Herbed Cashew Cheese,French,175.8,371.72,229.85,2022-10-16,20:12:26,0.4729366189605079,1.6172286273656735
Vegan,Healthy & Delicious: Greek Orzo Salad Recipe,Mediterranean,74.66,303.36,108.39,2022-10-16,20:12:33,0.24611023206751054,2.798782175477443
Vegan,Sichuan-Style Braised Eggplant With Pickled Chilies and Garlic (Yu Xiang Qie Zi) Recipe,Chinese,14.06,79.82,45.68,2022-10-16,20:12:33,0.1761463292407918,1.7473730297723291
Vegan,Roasted Strawberry Margaritas with Aquafaba Whip,World,38.66,291.21,15.16,2022-10-16,20:12:33,0.13275643006764878,19.209102902374667
Vegan,"Butternut Squash, Kale, and Crunchy Pepitas Taco",American,41.35,123.69,102.21,2022-10-16,20:12:33,0.3343035006872019,1.2101555620780746
Vegan,Saag Paneer,Indian,82.6,88.55,33.27,2022-10-16,20:12:33,0.9328063241106719,2.661556958220619
Vegan,Kolkata Style Chickpea Rolls,American,39.57,203.13,154.75,2022-10-16,20:12:33,0.19480135873578497,1.312633279483037
Vegan,The Occasional Vegetarian's Bibimbap,Chinese,22.9,185.2,24.96,2022-10-16,20:12:33,0.1236501079913607,7.419871794871794
Vegan,This Roasted Beet Hummus Recipe Can’t Be Beat,Mediterranean,45.83,157.32,64.12,2022-10-16,20:12:33,0.2913170607678617,2.453524641297567
Vegan,Persian Eggplant Stew // Khoresh Bademjan,South American,27.57,188.51,59.1,2022-10-16,20:12:33,0.14625218821282693,3.189678510998308
Vegan,Healthy and Delicious: Mexican Potato Soup Recipe,Mexican,12.18,86.8,1.45,2022-10-16,20:12:33,0.1403225806451613,59.86206896551724
Vegan,Michael Natkin's Soba Noodles in Shiitake-Shoyu Broth with Spring Vegetables,Japanese,128.8,494.56,102.46,2022-10-16,20:12:33,0.2604335166612747,4.826859262151084
Vegan,Shauna James Ahern's Quinoa-Stuffed Peppers,South American,38.4,221.84,93.74,2022-10-16,20:12:33,0.17309772809231877,2.3665457648815877
Vegan,Braised Eggplant With Tofu in Garlic Sauce Recipe,Asian,44.86,102.6,59.6,2022-10-16,20:12:33,0.4372319688109162,1.7214765100671139
Vegan,Coconut-Mango Rice Noodle Salad,Asian,45.56,237.57,135.07,2022-10-16,20:12:33,0.19177505577303533,1.758865773302732
Vegan,Blueberry Mug Cake,American,6.67,61.95,16.73,2022-10-16,20:12:33,0.10766747376916867,3.702928870292887
Vegan,Recipe: Sesame Ginger Shrimp and Cabbage Stew,Chinese,173.09,219.9,75.42,2022-10-16,20:12:33,0.7871305138699409,2.9156722354813045
Vegan,Pretzel- and Cashew-Crusted Tofu,Asian,124.14,587.22,98.82,2022-10-16,20:12:33,0.21140288137325022,5.942319368548877
Vegan,Hominy Stew Is Soul-Soothing on a Chilly Fall Morning,American,136.2,62.09,373.84,2022-10-16,20:12:40,2.193589950072475,0.16608709608388617
Vegan,Black Bean and Butternut Squash Chili,American,63.6,221.25,29.06,2022-10-16,20:12:40,0.2874576271186441,7.613558155540262
Vegan,Pasta e Fagioli (Pasta and Beans),Italian,64.73,230.05,74.06,2022-10-16,20:12:40,0.2813736144316453,3.1062651903861735
Vegan,Tofu Bánh Mì,Asian,88.99,201.36,131.58,2022-10-16,20:12:40,0.4419447755264203,1.5303237574099406
Vegan,Moosewood’s Classic Tofu Burgers,Asian,166.91,108.07,215.9,2022-10-16,20:12:40,1.544461922827797,0.5005558128763316
Vegan,Beef and Chinese Broccoli Chow Fun Recipe,Chinese,127.79,432.09,139.84,2022-10-16,20:12:40,0.2957485708995811,3.0898884439359264
Vegan,Sara's Green Harissa,Mediterranean,5.17,24.8,162.85,2022-10-16,20:12:40,0.20846774193548387,0.1522873810254836
Vegan,Black Bean Tostadas,South American,102.05,538.95,113.14,2022-10-16,20:12:40,0.18934966137860654,4.76356726179954
Vegan,Quinoa Fried ‘Rice’,Chinese,82.5,226.38,156.54,2022-10-16,20:12:40,0.3644314868804665,1.4461479494059026
Vegan,Phat Phrik Khing With Tofu and Long Beans (Thai Dry-Curry Stir-Fry) Recipe,South East Asian,80.34,179.92,82.62,2022-10-16,20:12:40,0.4465317919075145,2.1776809489227786
Vegan,Corn and Coconut Salad,American,26.28,185.69,40.05,2022-10-16,20:12:40,0.14152619957994508,4.6364544319600505
Vegan,Crêpes with Chicken and Morels,Mediterranean,106.42,116.25,173.88,2022-10-16,20:12:40,0.9154408602150538,0.6685645272601795
Vegan,French in a Flash: Campanelle with Eggplant Caviar Recipe,French,76.47,416.03,85.99,2022-10-16,20:12:40,0.18380885993798526,4.838120711710664
Vegan,Apple-Chestnut Cornbread Stuffing,American,55.26,424.43,86.48,2022-10-16,20:12:40,0.13019814810451663,4.907839962997224
Vegan,Wet Bean Burritos,Mexican,136.76,434.28,68.66,2022-10-16,20:12:40,0.3149120383162936,6.32508010486455
Vegan,Cook the Book: Pan-Roasted Striped Bass with Tunisian Chickpea Salad and Yogurt Sauce,American,236.43,225.35,203.05,2022-10-16,20:12:40,1.049167960949634,1.1098251662152179
Vegan,"Scooped: Kaffir Lime, Ginger, Star Anise Sorbet Recipe",American,7.39,242.33,2.83,2022-10-16,20:12:46,0.030495605166508476,85.62897526501767
Vegan,A Sweet Potato Burrito Packs Your Morning with Power,Mexican,27.38,237.56,30.22,2022-10-16,20:12:46,0.11525509345007577,7.86101919258769
Vegan,Sun Dried Tomato Yumballs,South East Asian,95.79,135.95,117.94,2022-10-16,20:12:46,0.7045972784111807,1.1527047651348143
Vegan,Red Minestrone from 'Stewed',American,36.43,179.27,77.9,2022-10-16,20:12:46,0.20321303062419813,2.301283697047497
Vegan,Healthy & Delicious: West African Vegetable Stew Recipe,American,47.57,291.86,27.71,2022-10-16,20:12:46,0.16298910436510655,10.532659689642728
Vegan,Recipe: Roasted Sweet Potato Slices with Cilantro Pesto,Italian,39.8,229.88,151.44,2022-10-16,20:12:46,0.17313380894379676,1.517960908610671
Vegan,Mother-in-Law's Signature Kimchi from 'The Kimchi Cookbook',South East Asian,89.53,150.15,20.36,2022-10-16,20:12:46,0.5962703962703962,7.374754420432221
Vegan,"'Clean Start': Polenta Pizzas with Kale, Chard, and Parsley Pesto Recipe",Italian,64.97,448.84,180.1,2022-10-16,20:12:46,0.14475091346582303,2.4921710161021653
Vegan,Old School French Onion Soup Gratinée,French,187.25,102.14,200.92,2022-10-16,20:12:46,1.833268063442334,0.5083615369301214
Vegan,Recipe: Braised Coconut Spinach & Chickpeas with Lemon,American,57.94,161.09,108.55,2022-10-16,20:12:46,0.3596747159972686,1.4840165822201752
Vegan,"Gluten-Free Tuesday: Dairy-Free, Egg-Free Coconut-Pumpkin Pie Recipe",American,19.46,343.44,141.52,2022-10-16,20:12:46,0.056662007919869556,2.4267947993216503
Vegan,Recipe: Socca Flatbread with Spring Pesto and Salad,American,85.66,170.49,285.1,2022-10-16,20:12:46,0.5024341603613115,0.5980007015082427
Vegan,"Braised Chickpeas and Vegetables with Couscous, Harissa Yogurt, and Soft Eggs from 'Flour, Too'",American,118.52,330.85,107.74,2022-10-16,20:12:46,0.35822880459422696,3.0708186374605537
Vegan,Veggie Masala Burgers with Cilantro Chutney Aioli,Indian,78.08,362.33,365.09,2022-10-16,20:12:46,0.2154941627797864,0.9924402202196719
Vegan,Curry Noodles With Chicken (Kuai-Tiao Kaeng Sai Kai) From 'Simple Thai Food',South East Asian,219.17,398.38,298.2,2022-10-16,20:12:46,0.550153120136553,1.3359490274983232
Vegan,"Crispy Fried Spinach with Tomato, Onion, Tamarind, and Yogurt Recipe",American,39.75,149.57,124.56,2022-10-16,20:12:46,0.26576185063849705,1.2007867694283878
Vegan,Sweet Potato–Chickpea-Quinoa Burgers,South American,122.26,381.65,275.06,2022-10-16,20:12:46,0.3203458666317307,1.387515451174289
Vegan,Vegan S'mores,American,6.55,59.48,27.17,2022-10-16,20:12:53,0.11012104909213181,2.1891792418108205
Vegan,Vegan Chocolate Frosting | Vegan Chocolate | Vegetarian Chocolate,American,6.93,227.99,35.67,2022-10-16,20:12:53,0.03039607000307031,6.391645640594337
Vegan,Vegan Candy | Vegan Chocolate | Vegetarian Chocolate,American,77.84,299.39,211.54,2022-10-16,20:12:53,0.2599953238251111,1.4152878888153542
Vegan,Vegan Thanksgiving Sandwich,American,34.66,41.97,24.09,2022-10-16,20:12:53,0.8258279723612103,1.7422166874221667
Vegan,Vegan BLT,American,26.6,57.13,55.22,2022-10-16,20:12:53,0.46560476107124105,1.0345889170590366
Vegan,Vegan Campfire Smores,American,26.2,237.91,108.67,2022-10-16,20:12:53,0.11012567777731075,2.189288672126622
Vegan,Vegan Chocolate Ganache,American,8.48,114.52,95.53,2022-10-16,20:12:53,0.0740482011875655,1.198785721762797
Vegan,White Pizza {Vegan},Italian,72.6,279.01,87.99,2022-10-16,20:12:53,0.2602057273932834,3.1709285146039323
Vegan,Vegan Rice Krispie Squares,American,9.04,118.65,35.72,2022-10-16,20:12:53,0.07619047619047618,3.321668533034715
Vegan,Vegan Spinach Balls,American,76.78,159.24,103.72,2022-10-16,20:12:53,0.48216528510424517,1.5352873119938297
Vegan,the best vegan cheesecake,American,63.31,346.83,174.07,2022-10-16,20:12:53,0.18253899604993803,1.9924742919515137
Vegan,Vegan Spaghetti,American,170.62,530.82,117.23,2022-10-16,20:12:53,0.32142722580158994,4.528021837413632
Vegan,VEGAN COLESLAW,American,10.9,28.5,38.95,2022-10-16,20:12:53,0.3824561403508772,0.7317073170731707
Vegan,Vegan Eggnog,American,12.5,61.52,6.74,2022-10-16,20:12:53,0.203185955786736,9.127596439169139
Vegan,Vegan Stuffing,American,48.86,255.15,102.43,2022-10-16,20:12:53,0.1914951989026063,2.490969442546129
Vegan,Gluten-free vegan hashbrowns,American,80.01,561.1,457.19,2022-10-16,20:13:00,0.14259490286936374,1.2272796867823006
Vegan,Vegan Ranch Dressing,American,4.9,13.07,93.73,2022-10-16,20:13:00,0.3749043611323642,0.13944308119065402
Vegan,Smoked Vegan Mac and Cheese,American,144.9,405.77,142.12,2022-10-16,20:13:00,0.3570988491017079,2.8551224317478185
Vegan,Vegan Eclairs,American,24.67,231.46,65.08,2022-10-16,20:13:00,0.10658429102220686,3.556545789797173
Vegan,Vegan Beer Brats,American,315.1,112.22,86.61,2022-10-16,20:13:00,2.8078773837105686,1.2956933379517377
Vegan,Joey's Vegan Cream Cheese Frosting,American,15.39,115.03,88.13,2022-10-16,20:13:00,0.1337911849082848,1.3052309088846024
Vegan,Vegan Chocolate Pie,American,19.81,275.17,73.25,2022-10-16,20:13:00,0.07199185957771559,3.756587030716724
Vegan,Vegan Eggplant Lasagna,American,47.9,97.41,28.47,2022-10-16,20:13:00,0.49173596140026693,3.421496311907271
Vegan,Vegan Cheese Pumpkin,American,117.38,147.3,248.45,2022-10-16,20:13:00,0.796877121520706,0.5928758301469109
Vegan,Vegan Coconut Caramel,American,4.63,54.29,77.54,2022-10-16,20:13:00,0.08528274083624977,0.70015475883415
Vegan,Vegan Cheesy Corn Casserole recipes,American,42.68,350.4,179.88,2022-10-16,20:13:00,0.12180365296803654,1.9479653102068044
Vegan,Vegan Pigs in a Blanket,American,25.87,26.58,72.29,2022-10-16,20:13:07,0.9732881866064711,0.3676857103333794
Vegan,Pretzel Dipping Sauces {Vegetarian/Vegan},American,5.53,38.17,30.82,2022-10-16,20:13:07,0.14487817657846477,1.2384815055158989
Vegan,{Vegan} Homemade Peanut Butter Cups,American,34.86,156.24,112.15,2022-10-16,20:13:07,0.22311827956989247,1.3931341952741865
Vegan,Vegan Vanilla Pudding recipes,British,3.6,162.64,33.81,2022-10-16,20:13:07,0.022134776192818496,4.810411120970127
Vegan,Vegan Garlic Butter,American,10.0,5.68,114.04,2022-10-16,20:13:07,1.7605633802816902,0.04980708523325149
Vegan,Vegan Strawberry Freezer Pie,American,12.81,146.64,56.35,2022-10-16,20:13:07,0.0873567921440262,2.6023070097604255
Vegan,Mushroom Stroganoff {Vegan},American,18.16,39.22,64.8,2022-10-16,20:13:07,0.4630290668026517,0.605246913580247
Vegan,Vegan Pumpkin Pie Cheesecake,American,53.69,369.5,218.47,2022-10-16,20:13:07,0.14530446549391068,1.6913077310385864
Vegan,Vegan Cherry Pie recipes,American,87.4,1168.14,445.86,2022-10-16,20:13:07,0.0748197989966956,2.619970394294173
Vegan,Vegan Jalapeno Poppers,American,21.44,93.99,63.25,2022-10-16,20:13:07,0.22810937333758913,1.48600790513834
Vegan,Easy Vegan Artichoke Dip,Mediterranean,12.61,24.05,60.55,2022-10-16,20:13:07,0.5243243243243243,0.3971924029727498
Vegan,Vegan Tiramisu,Italian,17.4,89.84,80.29,2022-10-16,20:13:07,0.1936776491540516,1.1189438286212479
Vegan,Vegan Creamed Spinach,American,36.05,57.08,38.48,2022-10-16,20:13:07,0.6315697266993693,1.4833679833679834
Vegan,Vegan Aioli,American,10.34,20.64,38.41,2022-10-16,20:13:07,0.500968992248062,0.5373600624837283
Vegan,Vegan Toffee Squares recipes,British,37.17,459.92,196.03,2022-10-16,20:13:07,0.08081840320055662,2.3461715043615774
Vegan,Vegan Cheese Enchiladas,American,86.0,180.46,97.22,2022-10-16,20:13:07,0.4765599024714618,1.856202427484057
Vegan,Vegan vegetable pizza,Italian,48.03,106.56,47.69,2022-10-16,20:13:13,0.450731981981982,2.2344306982595934
Vegan,Fancy Vegan Sausage Rolls,American,40.01,27.86,97.86,2022-10-16,20:13:13,1.4361091170136395,0.28469241773962806
Vegan,NO-BAKE VEGAN CHEESECAKE,American,9.43,152.64,150.35,2022-10-16,20:13:13,0.06177935010482181,1.0152311273694712
Vegan,Vegan “Egg” Mayo,American,38.26,12.77,49.9,2022-10-16,20:13:13,2.996084573218481,0.2559118236472946
Vegan,Butternut Squash and Spinach Lasagna (Vegan),Italian,114.38,356.37,130.93,2022-10-16,20:13:13,0.32095855431153014,2.7218360956236154
Vegan,Vegan Baileys Truffles,American,16.69,137.19,298.32,2022-10-16,20:13:13,0.1216560973831912,0.459875301689461
Vegan,Vegan Mocha Latte,American,5.27,17.74,43.43,2022-10-16,20:13:13,0.2970687711386697,0.4084734054800829
Vegan,Vegan Eggnog Martini,World,1.32,11.41,1.27,2022-10-16,20:13:13,0.11568799298860649,8.984251968503937
Vegan,"Vegan Sausage, Kale, Dijon & Sesame Ba",American,32.25,64.16,22.55,2022-10-16,20:13:13,0.5026496259351622,2.845232815964523
Vegan,Vegan Tiramisu,American,5.78,30.64,40.05,2022-10-16,20:13:13,0.18864229765013055,0.7650436953807741
Vegan,Vegan Kale Pesto Gnocchi,American,40.87,187.62,41.62,2022-10-16,20:13:13,0.21783391962477347,4.507928880345988
Vegan,Vegan Apple Betty,American,16.14,360.76,60.46,2022-10-16,20:13:13,0.044738884577004104,5.966920277869666
Vegan,Vegan Russian Dressing,American,28.43,199.03,78.89,2022-10-16,20:13:13,0.1428427875194694,2.522879959437191
Vegan,Vegan Cream Cheese Frosting,American,7.3,246.7,84.86,2022-10-16,20:13:13,0.02959059586542359,2.907141173697855
Vegan,Fries Supreme Vegan recipes,American,73.88,138.47,106.78,2022-10-16,20:13:13,0.5335451722394742,1.2967784229256414
Vegan,Vegan Creamed Spinach Phyllo Tart,American,37.19,110.15,134.27,2022-10-16,20:13:13,0.3376305038583749,0.8203619572503165
Vegan,Vegan Pecan Pie,American,39.45,316.43,215.21,2022-10-16,20:13:20,0.12467212337641817,1.4703313043074207
Vegan,Vegan Pizza Snacks,American,85.06,73.15,89.7,2022-10-16,20:13:20,1.1628161312371839,0.8154960981047938
Vegan,Vegan Peppermint Patties,American,14.54,544.16,129.8,2022-10-16,20:13:20,0.026720082328726844,4.192295839753466
Vegan,Unbelievable Vegan Mashed Potatoes,American,23.17,144.98,35.42,2022-10-16,20:13:20,0.15981514691681614,4.093167701863353
Vegan,Vegan Sweet Noodle Kugel,Asian,83.08,340.35,162.71,2022-10-16,20:13:20,0.24410166005582487,2.0917583430643476
Vegan,Vegan Champagne Truffles,American,36.43,187.43,149.5,2022-10-16,20:13:20,0.19436589660139786,1.2537123745819398
Vegan,Animal-Style Patty Melts (Vegan),American,70.0,50.08,167.2,2022-10-16,20:13:20,1.3977635782747604,0.29952153110047847
Vegan,Vegan Kale Caesar Salad,American,18.09,31.38,9.93,2022-10-16,20:13:20,0.5764818355640535,3.1601208459214503
Vegan,Vegan Gravy,American,2.71,39.3,13.89,2022-10-16,20:13:20,0.06895674300254453,2.829373650107991
Vegan,Vegan Chocolate Gingerbread Bourbon Balls,American,47.1,482.04,216.53,2022-10-16,20:13:20,0.09770973363206373,2.2262042211240938
Vegan,Vegan Cheesecake,American,81.6,408.57,249.34,2022-10-16,20:13:20,0.19972097804537778,1.6386059196278173
Vegan,Vegan Pecan Crusted Toffee Bites,American,55.15,401.71,518.46,2022-10-16,20:13:20,0.13728809340071196,0.7748138718512517
Vegan,Vegan French Onion Dip,American,26.35,71.65,38.96,2022-10-16,20:13:20,0.3677599441730635,1.8390657084188913
Vegan,Vegan Jambalaya,American,75.39,241.05,53.46,2022-10-16,20:13:27,0.31275668948350965,4.508978675645342
Vegan,Vegan Chanterelle Quiche,French,43.26,200.51,30.65,2022-10-16,20:13:27,0.21574983791332103,6.541924959216966
Vegan,Vegan BLT Sandwich,American,21.41,32.94,51.84,2022-10-16,20:13:27,0.6499696417729205,0.6354166666666666
Vegan,Vegan Grits,American,3.98,41.13,28.01,2022-10-16,20:13:27,0.09676635059567225,1.4684041413780793
Vegan,Ultimate Loaded Grilled Vegan BLT,American,46.21,92.01,60.29,2022-10-16,20:13:27,0.5022280186936202,1.5261237352794825
Vegan,Vegan Spaghetti,American,53.89,268.55,54.49,2022-10-16,20:13:27,0.20067026624464718,4.928427234354928
Vegan,Vegan Herb Butter,American,0.73,1.97,109.17,2022-10-16,20:13:27,0.37055837563451777,0.018045250526701473
Vegan,Vegan Sabzi Polow,American,80.49,533.39,49.0,2022-10-16,20:13:27,0.1509027165863627,10.885510204081632
Vegan,Vegan Caesar Dressing,American,3.69,7.89,174.62,2022-10-16,20:13:27,0.467680608365019,0.04518382774023594
Vegan,Frosted Vegan Cinnamon Rolls,American,23.15,531.0,68.82,2022-10-16,20:13:27,0.043596986817325795,7.715780296425458
Vegan,Vegan Scallops with King Oyster Mushrooms,American,16.08,37.24,86.97,2022-10-16,20:13:27,0.4317937701396347,0.428193629987352
Vegan,Vegan Coleslaw,American,12.89,49.08,58.2,2022-10-16,20:13:27,0.26263243683781584,0.8432989690721648
Vegan,Vegan Meatball Bahn Mi,American,315.67,284.3,149.4,2022-10-16,20:13:27,1.1103411888849806,1.9029451137884872
Vegan,Vegan-friendly Chocolate Bites,American,27.1,176.27,136.12,2022-10-16,20:13:27,0.1537414194133999,1.2949603291213636
Vegan,Strawberry Rhubarb Jam {Vegan},American,2.48,155.82,22.73,2022-10-16,20:13:34,0.0159158002823771,6.855257369115706
Vegan,Vegan Cafe Corn Chowder,American,27.46,269.14,100.24,2022-10-16,20:13:34,0.10202868395630528,2.6849561053471667
Vegan,Easy Vegan Brownies,French,39.69,294.28,191.92,2022-10-16,20:13:34,0.13487155090390104,1.5333472280116716
Vegan,Zesty Vegan Italian Casserole,American,81.37,88.44,166.22,2022-10-16,20:13:34,0.9200587969244687,0.5320659367103838
Vegan,Strawberry Rhubarb Jam {Vegan},American,2.48,155.82,22.73,2022-10-16,20:13:34,0.0159158002823771,6.855257369115706
Vegan,Vegan Macaroni Salad,American,30.26,177.35,66.65,2022-10-16,20:13:34,0.17062306174231748,2.6609152288072013
Vegan,Vegan Parmesan-Crusted Cauliflower Wings,American,56.28,65.62,90.77,2022-10-16,20:13:34,0.8576653459311185,0.7229260768976535
Vegan,Vegan Spice Cake,American,34.4,551.66,193.42,2022-10-16,20:13:34,0.06235724903019976,2.8521352497156447
Vegan,Fudgy Vegan Brownies,French,28.65,364.77,168.68,2022-10-16,20:13:34,0.07854264330948268,2.162497035807446
Vegan,Vegan Spinach Pinwheels recipes,American,44.84,59.62,60.33,2022-10-16,20:13:34,0.7520966118752097,0.9882313939996685
Vegan,Vegan Noodle Kugel recipes,Asian,60.29,469.33,108.76,2022-10-16,20:13:34,0.12845971917414187,4.315281353438764
Vegan,Strawberry Rhubarb Jam {Vegan},American,2.48,155.82,22.73,2022-10-16,20:13:40,0.0159158002823771,6.855257369115706
Vegan,Vegan Cafe Corn Chowder,American,27.46,269.14,100.24,2022-10-16,20:13:40,0.10202868395630528,2.6849561053471667
Vegan,Easy Vegan Brownies,French,39.69,294.28,191.92,2022-10-16,20:13:40,0.13487155090390104,1.5333472280116716
Vegan,Zesty Vegan Italian Casserole,American,81.37,88.44,166.22,2022-10-16,20:13:40,0.9200587969244687,0.5320659367103838
Vegan,Strawberry Rhubarb Jam {Vegan},American,2.48,155.82,22.73,2022-10-16,20:13:40,0.0159158002823771,6.855257369115706
Vegan,Vegan Macaroni Salad,American,30.26,177.35,66.65,2022-10-16,20:13:40,0.17062306174231748,2.6609152288072013
Vegan,Vegan Parmesan-Crusted Cauliflower Wings,American,56.28,65.62,90.77,2022-10-16,20:13:40,0.8576653459311185,0.7229260768976535
Vegan,Vegan Spice Cake,American,34.4,551.66,193.42,2022-10-16,20:13:40,0.06235724903019976,2.8521352497156447
Vegan,Fudgy Vegan Brownies,French,28.65,364.77,168.68,2022-10-16,20:13:40,0.07854264330948268,2.162497035807446
Vegan,Vegan Spinach Pinwheels recipes,American,44.84,59.62,60.33,2022-10-16,20:13:40,0.7520966118752097,0.9882313939996685
Vegan,Vegan Noodle Kugel recipes,Asian,60.29,469.33,108.76,2022-10-16,20:13:40,0.12845971917414187,4.315281353438764
Keto,Keto Fat Bombs,American,49.19,79.78,264.4,2022-10-16,17:58:03,0.6165705690649285,0.30173978819969743
Keto,Keto Egg Bites Recipe,American,92.86,16.19,86.51,2022-10-16,17:58:03,5.735639283508338,0.18714599468269563
Keto,Keto Key Lime Mousse,American,27.49,23.58,177.43,2022-10-16,17:58:03,1.1658184902459712,0.13289748069661272
Keto,Keto Peanut Butter Squares,American,130.0,507.48,362.36,2022-10-16,17:58:03,0.25616773074800975,1.400485704823932
Keto,"YOGURT RICE, REINVENTED THE KETO WAY!",Mediterranean,21.23,34.78,27.74,2022-10-16,17:58:03,0.6104082806210466,1.2537851478010096
Keto,Keto Chicken Pot Pie Casserole Recipe,American,183.07,66.95,330.43,2022-10-16,17:58:03,2.7344286781179985,0.20261477468752837
Keto,Chocolate Mousse (Paleo! Keto!),French,20.23,126.01,153.36,2022-10-16,17:58:03,0.160542814062376,0.8216614501825769
Keto,Low-Carb Cloud Bread,American,21.42,4.95,29.16,2022-10-16,17:58:03,4.327272727272727,0.1697530864197531
Keto,Cheesy Chaffle Sandwiches with Avocado & Bacon,American,118.4,41.7,171.12,2022-10-16,17:58:03,2.839328537170264,0.24368863955119216
Keto,SF/GF Orange & Clove Olive Oil Cake (Low-Carb/Keto Friendly),British,74.1,68.95,411.47,2022-10-16,17:58:03,1.0746918056562724,0.16756993219432764
Keto,Zucchini Noodles with Spicy Meatballs Recipe,Asian,57.79,39.1,86.53,2022-10-16,17:58:03,1.478005115089514,0.45186640471512773
Keto,Cauliflower Rice Recipe,South East Asian,21.07,60.61,42.28,2022-10-16,17:58:03,0.3476324038937469,1.433538315988647
Keto,Pesto Shrimp Skewers,Italian,17.98,12.66,19.42,2022-10-16,17:58:03,1.4202211690363349,0.6519052523171988
Keto,Keto Everything Bagel Chicken,American,214.84,17.29,140.76,2022-10-16,17:58:10,12.425679583574322,0.1228331912475135
Keto,Keto Chocolate Cake,American,145.06,455.76,576.59,2022-10-16,17:58:10,0.31828155169387395,0.7904403475606583
Keto,Celery Leaf & Fennel Poached Salmon,Nordic,32.41,17.25,24.49,2022-10-16,17:58:10,1.8788405797101446,0.7043691302572479
Keto,Keto Taco Casserole,Italian,264.06,32.98,358.49,2022-10-16,17:58:10,8.006670709520922,0.09199698736366425
Keto,Keto Burger Stuffed Onions,American,104.16,50.23,172.2,2022-10-16,17:58:10,2.0736611586701175,0.29169570267131245
Keto,Keto Tuna Melt Bites,American,115.3,11.02,160.48,2022-10-16,17:58:10,10.462794918330308,0.0686689930209372
Keto,Keto Dogs,American,175.33,76.24,384.92,2022-10-16,17:58:10,2.2997114375655827,0.19806713083238073
Keto,Keto Taquitos,Mexican,166.99,30.53,217.99,2022-10-16,17:58:10,5.469701932525385,0.14005229597687968
Keto,Keto Meatballs,American,125.59,78.78,147.26,2022-10-16,17:58:10,1.5941863417110942,0.534972158087736
Keto,Keto Crunchwrap,American,205.38,54.38,343.99,2022-10-16,17:58:10,3.7767561603530706,0.15808599087182768
Keto,Keto Chili,American,184.02,64.82,222.02,2022-10-16,17:58:16,2.838938599197779,0.2919556796684983
Keto,Keto Tortilla Chips,American,75.52,29.82,106.27,2022-10-16,17:58:16,2.5325285043594903,0.2806060035757975
Keto,Keto Chocolate Truffles,American,22.41,113.66,110.0,2022-10-16,17:58:16,0.19716698926623263,1.0332727272727273
Keto,Keto Bacon Sushi,Japanese,35.01,42.21,137.85,2022-10-16,17:58:16,0.8294243070362473,0.30620239390642007
Keto,Keto Egg Salad,American,89.52,26.35,153.53,2022-10-16,17:58:16,3.397343453510436,0.17162769491304633
Keto,Keto Sausage Puffs,American,133.15,30.15,278.75,2022-10-16,17:58:16,4.416252072968491,0.10816143497757846
Keto,Rosemary Keto Crackers,American,91.17,88.91,176.7,2022-10-16,17:58:16,1.0254189629962884,0.5031692133559705
Keto,Keto Garlic Bread,American,50.71,24.36,81.73,2022-10-16,17:58:16,2.081691297208539,0.298054569925364
Keto,Keto Breaded Shrimp,Mediterranean,152.34,12.96,142.33,2022-10-16,17:58:16,11.75462962962963,0.09105599662755567
Keto,Keto Cloud Bread,American,27.49,12.15,39.9,2022-10-16,17:58:16,2.2625514403292177,0.30451127819548873
Keto,Keto Stuffed Peppers,American,163.23,67.97,218.55,2022-10-16,17:58:16,2.40150066205679,0.31100434683138867
Keto,Keto Taco Cups,Mexican,137.32,27.53,192.25,2022-10-16,17:58:16,4.988013076643661,0.14319895968790639
Keto,Keto Beef Stew,French,231.53,51.85,78.22,2022-10-16,17:58:16,4.465380906460945,0.6628739452825365
Keto,Keto Stuffed Cabbage,Mediterranean,145.97,45.22,218.91,2022-10-16,17:58:16,3.227996461742592,0.2065689095975515
Keto,Keto Chicken Potpie,American,238.42,116.44,365.53,2022-10-16,17:58:16,2.047578151837856,0.3185511449128663
Keto,Zucchini Cheesy Bread,Mediterranean,121.69,76.34,105.89,2022-10-16,17:58:16,1.5940529211422583,0.7209368212295779
Keto,Keto Shepherd's Pie,American,143.91,63.05,224.7,2022-10-16,17:58:16,2.2824742268041236,0.28059635068980865
Keto,Keto Burger Fat Bombs,American,94.75,12.94,142.06,2022-10-16,17:58:23,7.32225656877898,0.09108827256088976
Keto,Keto Garlic Butter Salmon,Nordic,107.18,4.77,116.69,2022-10-16,17:58:23,22.46960167714885,0.04087753877795869
Keto,Best-Ever Keto Tortillas,Mexican,35.92,44.49,64.82,2022-10-16,17:58:23,0.8073724432456731,0.6863622338784326
Keto,Keto Chicken Parm Pizza,Italian,132.9,13.32,79.22,2022-10-16,17:58:23,9.977477477477478,0.16813935874779096
Keto,Keto Corned Beef & Cabbage,Eastern Europe,244.44,56.91,286.48,2022-10-16,17:58:23,4.295202952029521,0.19865261100251325
Keto,Best-Ever Keto Quesadillas,Mexican,275.81,42.37,348.36,2022-10-16,17:58:23,6.509558649988199,0.1216270524744517
Keto,Keto Sugar-Free Cheesecake,American,93.56,114.96,479.12,2022-10-16,17:58:23,0.8138482950591511,0.2399398897979629
Keto,Spaghetti Squash Cheesy Bread,Italian,117.11,83.6,119.8,2022-10-16,17:58:23,1.4008373205741627,0.6978297161936561
Keto,Keto Broccoli Cheddar Soup,American,68.77,52.09,150.23,2022-10-16,17:58:23,1.3202150124784027,0.34673500632363713
Keto,Bacon-Wrapped Keto Meatloaf,American,234.84,39.35,330.09,2022-10-16,17:58:23,5.967979669631512,0.11920991244812022
Keto,Cauliflower Taco Bake,Italian,280.65,50.7,450.6,2022-10-16,17:58:23,5.5355029585798805,0.11251664447403462
Keto,Keto Bacon and Cheese Biscuits,American,126.35,51.37,283.52,2022-10-16,17:58:23,2.459606774381935,0.1811865124153499
Keto,Meatball Zucchini Boats,Italian,153.1,74.7,177.63,2022-10-16,17:58:23,2.049531459170013,0.42053707144063507
Keto,Keto Creamy Cheddar Bacon Chicken,French,319.46,31.24,294.22,2022-10-16,17:58:23,10.225992317541612,0.10617904969070761
Keto,Keto Peanut Butter Cup Fat Bombs,British,69.74,426.21,264.2,2022-10-16,17:58:23,0.16362825837028694,1.6132096896290689
Keto,Keto Bolognese,Italian,137.31,96.81,149.41,2022-10-16,17:58:30,1.4183452122714595,0.6479485978180844
Keto,Keto Jalapeño Popper Stuffed Burgers,French,134.96,326.88,162.47,2022-10-16,17:58:30,0.41287322564855605,2.011940665969102
Keto,Custard Keto Donuts,American,37.15,92.23,182.83,2022-10-16,17:58:30,0.40279735443998693,0.5044576929387956
Keto,Keto Ketchup Recipe,Italian,8.33,42.04,1.01,2022-10-16,17:58:30,0.19814462416745957,41.62376237623762
Keto,"Blueberry Donut Holes (Keto, Paleo, Vegan)",American,41.52,121.43,114.45,2022-10-16,17:58:30,0.34192538911306924,1.0609873307121014
Keto,Keto Broccoli Casserole,American,90.44,45.17,347.03,2022-10-16,17:58:30,2.002213858755811,0.13016165749358846
Keto,Keto Salad Dressing,American,14.04,2.67,29.15,2022-10-16,17:58:30,5.258426966292134,0.09159519725557462
Keto,Keto Chocolate Chip Toffee,British,10.45,258.87,148.46,2022-10-16,17:58:30,0.040367752153590605,1.7437020072746867
Keto,Chocolate Peanut Butter Fat Bombs (Keto) recipes,French,31.3,84.19,177.1,2022-10-16,17:58:30,0.37177812091697354,0.4753811405985319
Keto,(Salted Caramel!) Pecan Keto Turtle Candy,American,16.65,62.95,111.16,2022-10-16,17:58:30,0.2644956314535345,0.5663008276358402
Keto,Keto Mixed Green Spring Salad recipes,South East Asian,18.26,7.44,61.26,2022-10-16,17:58:30,2.4543010752688175,0.12144955925563175
Keto,Vegetarian Keto Burgers recipes,American,34.76,54.1,62.81,2022-10-16,17:58:30,0.6425138632162661,0.8613278140423499
Keto,Keto Crab Dip,American,47.21,7.99,89.28,2022-10-16,17:58:30,5.90863579474343,0.0894937275985663
Keto,Keto Vegan Peanut Butter Eggs | Blog,American,150.29,471.7,382.7,2022-10-16,17:58:30,0.3186135255458978,1.2325581395348837
Keto,Keto Salmon Poke Bowl,Nordic,52.64,22.77,84.28,2022-10-16,17:58:36,2.31181379007466,0.2701708590412909
Keto,Keto Almond Butter Fudge Cups,British,41.17,103.31,317.19,2022-10-16,17:58:36,0.3985093408188946,0.32570383681704973
Keto,Keto Crack Coffee,American,1.8,17.86,24.88,2022-10-16,17:58:36,0.1007838745800672,0.7178456591639871
Keto,Juicy Keto Oven Baked Ribs Recipe,American,413.71,62.77,380.04,2022-10-16,17:58:36,6.590887366576389,0.16516682454478476
Keto,Keto Crepes recipes,French,39.16,37.06,57.48,2022-10-16,17:58:36,1.056664867781975,0.6447459986082116
Keto,Keto Pepper Steak,American,54.18,23.45,24.95,2022-10-16,17:58:36,2.31044776119403,0.9398797595190381
Keto,Air Fried Keto Thai Chili Cauliflower Bites,American,23.02,51.98,59.55,2022-10-16,17:58:36,0.44286263947672183,0.872879932829555
Keto,Keto Chocolate Cake recipes,American,42.08,384.28,102.22,2022-10-16,17:58:36,0.1095034870406995,3.759342594404226
Keto,Easy Keto Berry Side Salad,American,13.07,14.86,21.18,2022-10-16,17:58:36,0.879542395693136,0.7016052880075543
Keto,Healthy Keto Shamrock Shake,American,9.02,51.03,48.16,2022-10-16,17:58:36,0.17675876935136192,1.059593023255814
Keto,Classic Keto Eggs Benedict Recipe,French,80.04,69.54,216.85,2022-10-16,17:58:36,1.1509922346850734,0.3206824994235647
Keto,Pulled Pork Keto Stuffed Mushrooms,American,66.88,54.19,99.83,2022-10-16,17:58:36,1.2341760472411885,0.5428227987578884
Keto,Keto Cheddar Bay Biscuits and Bacon Butter,American,118.99,49.71,352.89,2022-10-16,17:58:36,2.393683363508348,0.1408654254866956
Keto,Keto BBQ Liver Meatballs,American,101.05,132.42,112.01,2022-10-16,17:58:36,0.7631022504153452,1.1822158735827157
Keto,Coffee Rubbed Steak (Paleo + Keto),American,93.25,17.35,37.13,2022-10-16,17:58:43,5.3746397694524495,0.4672771343926744
Keto,Keto Collagen Chocolate Peanut Butter Mousse,American,48.19,119.65,234.69,2022-10-16,17:58:43,0.40275804429586287,0.5098214666155354
Keto,Keto Philly Cheesesteak Pizza,Italian,229.51,354.47,245.24,2022-10-16,17:58:43,0.6474736931193048,1.445400424074376
Keto,Keto Meatballs alla Parmigiana,Italian,208.71,39.45,232.99,2022-10-16,17:58:43,5.290494296577947,0.16932057169835615
Keto,Keto Loaded Egg Salad,American,120.99,22.48,258.43,2022-10-16,17:58:43,5.382117437722419,0.08698680493750725
Keto,"Turmeric Chicken Skillet (Paleo, Whole30 + Keto)",Mediterranean,168.36,218.61,79.87,2022-10-16,17:58:43,0.770138602991629,2.7370727432077127
Keto,"Keto and Gluten-Free Spinach, Feta, and Tomato Wraps for Two",Mediterranean,33.52,26.78,42.5,2022-10-16,17:58:43,1.251680358476475,0.6301176470588236
Keto,"One Pan Mediterranean Chicken Skillet (Paleo, Whole30 + Keto)",Mediterranean,260.71,74.84,46.11,2022-10-16,17:58:43,3.483564938535542,1.6230752548254175
Keto,"Low Carb Pumpkin French Toast Bake (Keto, Grain Free, Sugar Free)",French,60.86,237.65,154.36,2022-10-16,17:58:43,0.2560908899642331,1.5395827934698108
Keto,"Blueberry cream cheese low-carb, Keto filling",American,14.57,31.47,78.15,2022-10-16,17:58:43,0.4629806164601208,0.4026871401151631
Keto,Sara Louise's Keto Tuna Melt On A Log,American,180.96,46.92,145.47,2022-10-16,17:58:43,3.8567774936061383,0.3225407300474325
Keto,Taco Stuffed Bell Peppers (Whole30 + Keto),Mexican,112.86,365.36,96.42,2022-10-16,17:58:43,0.30890081015984233,3.7892553412155157
Keto,Keto Hash Browns with Grated Radishes,American,15.06,43.85,71.71,2022-10-16,17:58:43,0.3434435575826682,0.6114907265374425
Keto,Keto Chicken and Broccoli Alfredo Bake,Italian,218.7,94.24,140.6,2022-10-16,17:58:43,2.3206706281833616,0.6702702702702703
Keto,Keto Stuffed Chicken Breast Recipe,Mediterranean,85.75,31.59,170.38,2022-10-16,17:58:43,2.714466603355492,0.18540908557342412
Keto,Creamy Keto Meatballs and Slaw,American,256.2,79.15,384.89,2022-10-16,17:58:43,3.2368919772583697,0.20564317077606592
Keto,"Low carb, keto friendly buffalo chicken meatballs",American,115.64,9.41,95.36,2022-10-16,17:58:49,12.289054197662061,0.09867869127516779
Keto,Keto Double Chocolate Chip Mug Cake,American,14.01,39.76,35.37,2022-10-16,17:58:49,0.352364185110664,1.124116482895109
Keto,Classic Deviled Eggs,French,76.19,8.31,153.07,2022-10-16,17:58:49,9.16847172081829,0.05428888743712028
Keto,Sugar Free Maple Almond Fudge Fat Bomb,American,26.69,36.97,142.62,2022-10-16,17:58:49,0.7219367054368407,0.2592203057074744
Keto,Raspberry Chocolate Chip Magic Squares,American,21.98,189.39,186.6,2022-10-16,17:58:49,0.11605681398173083,1.014951768488746
Keto,Mango Popsicles,American,27.85,88.59,53.01,2022-10-16,17:58:49,0.31436956767129476,1.6711941143180533
Keto,Thai River Noodles with Chicken (Pad See Ew),South East Asian,262.88,767.83,35.73,2022-10-16,17:58:49,0.342367451128505,21.48978449482228
Keto,Spicy Pulled Pork Lettuce Wraps recipes,American,117.2,9.28,73.87,2022-10-16,17:58:49,12.629310344827587,0.12562609990523893
Keto,Sambal Oelek,Caribbean,1.87,11.05,0.44,2022-10-16,17:58:49,0.16923076923076924,25.113636363636367
Keto,Titanic Stuffed Marrow Farci,Italian,34.09,75.25,73.94,2022-10-16,17:58:49,0.45302325581395353,1.0177170678928862
Keto,Keto ciabatta with keto toppings,Italian,67.62,30.0,143.76,2022-10-16,17:58:49,2.254,0.20868113522537565
Keto,Low Carb Pasta a la Carbonara recipes,Italian,49.4,14.58,88.64,2022-10-16,17:58:49,3.388203017832647,0.164485559566787
Keto,Low Carb Pepperoni Pizza Meatballs (Gluten,Italian,146.41,34.31,207.44,2022-10-16,17:58:49,4.267269017779073,0.16539722329348247
Keto,Butternut Squash Mac and Cheese,American,116.54,100.72,190.88,2022-10-16,17:58:49,1.1570691024622717,0.527661357921207
Keto,Keto pizza,Italian,28.1,24.98,20.21,2022-10-16,17:58:56,1.1248999199359488,1.2360217714002968
Keto,Keto Mousse,French,25.2,31.84,205.74,2022-10-16,17:58:56,0.7914572864321607,0.15475843297365607
Keto,Keto Cheesecake,American,121.6,142.87,563.86,2022-10-16,17:58:56,0.8511233988940995,0.2533784982087752
Keto,Keto Pizza,Italian,91.26,49.34,162.22,2022-10-16,17:58:56,1.849614916903121,0.3041548514363211
Keto,Scalloped Cabbage,French,73.91,74.89,139.84,2022-10-16,17:58:56,0.9869141407397516,0.5355406178489702
Keto,Cucumber Radish Salad,South American,4.39,21.65,54.75,2022-10-16,17:58:56,0.20277136258660508,0.39543378995433787
Keto,Keto Tortillas,Mexican,33.86,39.85,65.7,2022-10-16,17:58:56,0.8496863237139272,0.606544901065449
Keto,Garlic Shrimp with Zucchini Noodles,Asian,67.66,212.8,40.87,2022-10-16,17:58:56,0.3179511278195488,5.206753119647664
Keto,Keto Flan,Mediterranean,26.5,17.99,121.35,2022-10-16,17:58:56,1.473040578098944,0.14824886691388545
Keto,Keto Flappers,American,54.66,39.12,80.76,2022-10-16,17:58:56,1.397239263803681,0.4843982169390787
Keto,Paleo Vegan Chocolate Chia Seed Pudding,British,13.07,31.71,15.51,2022-10-16,17:58:56,0.41217281614632606,2.044487427466151
Keto,Low-Carb Roasted Pumpkin Spice Pecans,American,18.5,33.1,170.41,2022-10-16,17:58:56,0.5589123867069486,0.19423742738102226
Keto,Keto Lasagna,Italian,215.67,55.1,246.82,2022-10-16,17:58:56,3.914156079854809,0.2232396078113605
Keto,Keto Meatloaf,American,152.26,15.98,131.28,2022-10-16,17:58:56,9.528160200250312,0.12172455819622181
Keto,Keto Roti,American,10.49,19.64,6.35,2022-10-16,17:58:56,0.5341140529531568,3.092913385826772
Keto,Keto Onigiri,Nordic,51.46,29.37,68.14,2022-10-16,17:59:03,1.7521280217909432,0.4310243616084532
Keto,Keto Vinaigrette,French,1.72,7.79,162.12,2022-10-16,17:59:03,0.220795892169448,0.04805082654823587
Keto,Keto Chili,American,226.36,100.88,353.17,2022-10-16,17:59:03,2.2438540840602696,0.2856414757765382
Keto,Keto chili,American,155.73,45.43,34.82,2022-10-16,17:59:03,3.4279110719788686,1.3047099368179207
Keto,Keto Meatloaf,American,220.66,106.85,330.59,2022-10-16,17:59:03,2.0651380439868974,0.3232100184518588
Keto,Keto Waffles,Mediterranean,33.53,25.78,75.41,2022-10-16,17:59:03,1.3006206361520558,0.3418644742076648
Keto,Keto Hashbrowns,American,31.03,15.4,33.51,2022-10-16,17:59:03,2.014935064935065,0.45956430916144436
Keto,Keto Gnocchi,Italian,12.28,8.66,10.59,2022-10-16,17:59:03,1.418013856812933,0.817752596789424
Keto,Keto Waffles,Mediterranean,34.05,25.78,127.4,2022-10-16,17:59:03,1.3207913110938712,0.20235478806907378
Keto,Keto Moussaka,Mediterranean,145.21,116.99,297.39,2022-10-16,17:59:03,1.2412171980511155,0.3933891522916036
Keto,Instant Pot Beef and Broccoli,French,155.16,73.22,110.52,2022-10-16,17:59:03,2.1190931439497405,0.662504524068042
Keto,Keto Chili,American,221.88,120.27,56.6,2022-10-16,17:59:03,1.844849089548516,2.1249116607773852
Keto,Keto bread from Keto connect recipe,American,162.14,921.24,86.36,2022-10-16,17:59:03,0.17600191046849897,10.667438628994905
Keto,Keto Bagels,American,53.48,39.05,87.62,2022-10-16,17:59:03,1.3695262483994879,0.445674503538005
Keto,Keto Quesadillas,Mexican,97.96,95.68,150.46,2022-10-16,17:59:03,1.0238294314381269,0.6359165226638309
Keto,Keto Crepes,Mediterranean,65.09,22.34,207.96,2022-10-16,17:59:10,2.9136078782453,0.10742450471244469
Keto,Keto Bagels,Eastern Europe,111.83,49.08,180.49,2022-10-16,17:59:10,2.278524857375713,0.27192642251648286
Keto,Chocolate Lava Cakes,American,18.22,50.69,80.62,2022-10-16,17:59:10,0.3594397317025054,0.6287521706772512
Keto,Keto Steak,Italian,90.75,0.94,87.86,2022-10-16,17:59:10,96.54255319148936,0.010698839062144319
Keto,Keto Meatballs,American,148.81,15.9,58.97,2022-10-16,17:59:10,9.359119496855346,0.26962862472443616
Keto,Keto Lasagna,Italian,170.08,34.75,109.11,2022-10-16,17:59:10,4.894388489208634,0.31848593162863165
Keto,Keto Waffles,Central Europe,24.18,19.04,141.86,2022-10-16,17:59:10,1.2699579831932775,0.13421683349781474
Keto,Keto~Mayo,Mediterranean,7.82,1.24,224.41,2022-10-16,17:59:10,6.306451612903226,0.005525600463437458
Keto,Keto Pizza,Italian,135.0,67.2,173.37,2022-10-16,17:59:10,2.008928571428571,0.3876103132029763
Keto,Keto Bread,American,8.06,7.16,45.79,2022-10-16,17:59:10,1.1256983240223464,0.15636601878139333
Keto,Keto Chili,American,192.56,71.15,257.12,2022-10-16,17:59:10,2.706394940267041,0.2767190416925949
Keto,Keto Chili,American,168.47,49.71,211.85,2022-10-16,17:59:10,3.389056527861597,0.23464715600660846
Keto,Keto Frittata,Italian,95.83,26.91,120.55,2022-10-16,17:59:16,3.561129691564474,0.22322687681459977
Keto,Keto Chili,American,320.69,157.71,399.98,2022-10-16,17:59:16,2.0334157631095047,0.3942947147357368
Keto,Fat Burning Deviled Eggs,Mediterranean,33.09,13.35,54.99,2022-10-16,17:59:16,2.4786516853932588,0.24277141298417892
Keto,Spooky Halloween Blackberry Jelly Bats,American,59.59,23.29,1.15,2022-10-16,17:59:16,2.5586088449978535,20.252173913043478
Keto,Keto Sausage Balls,American,162.23,43.18,273.12,2022-10-16,17:59:16,3.757063455303381,0.15809900410076155
Keto,Cauliflower Chicken Fried Rice,Chinese,136.76,50.43,89.11,2022-10-16,17:59:16,2.7118778504858216,0.5659297497475031
Keto,Keto Cauliflower Bake,American,65.77,36.13,180.24,2022-10-16,17:59:23,1.8203708829227787,0.2004549489569463
Keto,Keto Creme Brulee,French,18.35,20.2,190.42,2022-10-16,17:59:23,0.9084158415841586,0.10608129398172461
Keto,Keto Chia Pudding,British,34.45,38.45,18.68,2022-10-16,17:59:23,0.8959687906371911,2.058351177730193
Keto,Cabbage~Brussel Sprout Slaw,Central Europe,3.18,23.75,94.74,2022-10-16,17:59:23,0.13389473684210526,0.25068608824150307
Keto,Keto Condensed Milk,American,3.48,11.42,141.73,2022-10-16,17:59:23,0.30472854640980734,0.08057574260918648
Keto,Keto hamburger hash,American,159.34,26.84,65.4,2022-10-16,17:59:23,5.936661698956781,0.41039755351681956
Keto,Keto Whipped Cream,French,4.88,18.88,88.06,2022-10-16,17:59:23,0.2584745762711865,0.2143992732228026
Keto,Keto Margaritas recipes,World,0.47,7.08,0.13,2022-10-16,17:59:23,0.06638418079096045,54.46153846153846
Keto,Keto Garlic Chicken,American,278.5,37.38,202.14,2022-10-16,17:59:23,7.450508293204922,0.18492134164440488
Keto,Keto Nacho Crisps,Mexican,40.88,3.16,57.38,2022-10-16,17:59:23,12.936708860759493,0.05507145346810736
Keto,Keto Pumpkin Bake,American,43.45,48.79,98.11,2022-10-16,17:59:23,0.8905513424882149,0.4972989501579859
Keto,Chocolate Truffles,French,97.43,199.83,317.72,2022-10-16,17:59:23,0.4875644297653005,0.6289500188845524
Keto,Keto bounty balls,American,5.95,71.26,101.43,2022-10-16,17:59:23,0.08349705304518663,0.7025534851621809
Keto,Keto Deviled Eggs,American,48.84,3.52,60.07,2022-10-16,17:59:23,13.875000000000002,0.058598301981022144
Keto,Keto Cheesecake recipes,British,63.55,32.56,264.45,2022-10-16,17:59:29,1.9517813267813267,0.12312346379277747
Keto,Keto Beef Enchiladas,American,309.41,42.76,360.05,2022-10-16,17:59:29,7.23596819457437,0.11876128315511733
Keto,Keto Coconut Shrimp,Mediterranean,94.21,63.27,198.81,2022-10-16,17:59:29,1.489015331120594,0.3182435491172476
Keto,Keto Lemon Bars,American,43.31,37.35,150.99,2022-10-16,17:59:29,1.1595716198125836,0.24736737532286907
Keto,Keto Zuppa Toscana,Italian,129.91,60.36,288.78,2022-10-16,17:59:29,2.152253147779987,0.20901724496156246
Keto,Keto Lava Cake,Italian,7.98,10.31,11.61,2022-10-16,17:59:29,0.7740058195926285,0.8880275624461672
Keto,Keto Chicken Parmesan,American,251.06,28.09,173.88,2022-10-16,17:59:29,8.937700249199004,0.1615481941568898
Keto,Keto Deviled Eggs,Italian,38.0,8.02,51.08,2022-10-16,17:59:29,4.738154613466334,0.15700861393891935
Keto,Keto Noodles Recipe,Asian,79.74,13.36,115.28,2022-10-16,17:59:29,5.9685628742514965,0.11589174184594031
Keto,Cajun Keto Crackers,American,114.88,28.39,160.4,2022-10-16,17:59:29,4.046495244804508,0.17699501246882793
Keto,Keto Pumpkin Soup,American,29.99,78.79,135.78,2022-10-16,17:59:29,0.3806320599060794,0.5802769185447048
Keto,Keto Pizza Crust,Italian,63.02,33.96,51.77,2022-10-16,17:59:29,1.8557126030624265,0.6559783658489472
Keto,Keto Peppermint Mocha,American,2.07,4.72,1.19,2022-10-16,17:59:29,0.4385593220338983,3.966386554621849
Keto,Keto Chicken Salad,Mexican,56.25,43.55,149.58,2022-10-16,17:59:29,1.2916188289322619,0.2911485492712929
Keto,Lemonade Chicken,American,373.62,18.7,43.71,2022-10-16,17:59:29,19.979679144385027,0.4278197208876687
Keto,Keto Vanilla Pudding,British,15.8,23.68,112.3,2022-10-16,17:59:36,0.6672297297297297,0.21086375779162958
Keto,Keto Cheesy Eggs,American,43.94,3.04,96.5,2022-10-16,17:59:36,14.453947368421051,0.03150259067357513
Keto,Keto Crescent Dogs,American,166.49,34.93,267.99,2022-10-16,17:59:36,4.766389922702548,0.1303406843538938
Keto,Keto Egg Salad,American,21.8,2.06,17.74,2022-10-16,17:59:36,10.58252427184466,0.11612175873731681
Keto,Keto BLT Bites,American,62.15,43.66,73.72,2022-10-16,17:59:36,1.4234997709573982,0.5922409115572436
Keto,Keto Cheese Meatballs,American,118.08,6.55,131.91,2022-10-16,17:59:36,18.027480916030534,0.04965506784929118
Keto,Keto Avocado Fries,American,93.17,66.17,168.71,2022-10-16,17:59:36,1.4080398972343962,0.39221148716732857
Keto,Keto Sausage Balls,Eastern Europe,119.73,14.14,193.29,2022-10-16,17:59:36,8.467468175388968,0.07315432769413835
Keto,Keto Pumpkin Bread,American,28.78,31.33,113.55,2022-10-16,17:59:36,0.9186083625917651,0.2759136944077499
Keto,Keto Sriracha Mayo,South East Asian,0.22,3.83,178.0,2022-10-16,17:59:36,0.057441253263707574,0.02151685393258427
Keto,Keto Avocado Dip,Caribbean,11.03,59.95,59.43,2022-10-16,17:59:36,0.18398665554628854,1.0087497896685176
Keto,Keto Orange Creamsicles,American,4.88,48.22,88.06,2022-10-16,17:59:36,0.10120282040647034,0.5475811946400181
Keto,Keto Crustless Quiche,French,145.52,23.95,286.14,2022-10-16,17:59:43,6.075991649269311,0.08370028657300622
Keto,Coconut Macaroons,French,11.76,75.07,62.84,2022-10-16,17:59:43,0.15665378979619024,1.1946212603437298
Keto,Keto Stuffed Artichokes,Mediterranean,34.57,40.75,114.23,2022-10-16,17:59:43,0.8483435582822086,0.3567364089993872
Keto,Keto Pie Crust,American,57.68,96.27,155.31,2022-10-16,17:59:43,0.5991482289394412,0.6198570600734016
Keto,Keto Cabbage Salad,Middle Eastern,6.05,13.76,25.26,2022-10-16,17:59:43,0.43968023255813954,0.5447347585114806
Keto,Keto Waffles recipes,Mediterranean,34.01,71.95,127.4,2022-10-16,17:59:43,0.47268936761640024,0.564756671899529
Keto,Keto Pizza Chicken,Italian,312.74,44.29,307.03,2022-10-16,17:59:43,7.0611876270038385,0.14425300459238513
Keto,Keto Pizza Chicken,Italian,300.94,28.82,128.27,2022-10-16,17:59:43,10.442054129077029,0.2246823107507601
Keto,Keto Pink Lemonade,Caribbean,5.98,51.45,1.69,2022-10-16,17:59:43,0.11622934888241011,30.443786982248522
Keto,Keto Shrimp Scampi,South American,133.83,331.82,58.61,2022-10-16,17:59:43,0.403321077692725,5.661491213103566
Keto,Keto Panna Cotta,Italian,38.73,121.28,222.83,2022-10-16,17:59:43,0.3193436675461741,0.5442714176726652
Keto,Keto Chocolate Shake,American,21.1,38.16,195.52,2022-10-16,17:59:43,0.5529350104821804,0.19517184942716856
Keto,Keto Eggnog recipes,American,39.75,76.44,243.62,2022-10-16,17:59:43,0.5200156985871272,0.3137673425827108
Keto,Keto Chicken Parmesan,French,78.07,12.2,68.31,2022-10-16,17:59:43,6.399180327868852,0.17859756990191772
Keto,Nutty Keto Chcocolate,American,13.45,27.01,180.93,2022-10-16,17:59:43,0.49796371714179927,0.1492842535787321
Keto,Keto Fried Chicken,American,144.72,30.81,202.39,2022-10-16,17:59:43,4.697176241480039,0.15223084144473542
Keto,Keto Fried Chicken,American,89.93,24.98,112.01,2022-10-16,17:59:50,3.6000800640512414,0.2230158021605214
Keto,Keto Jalapeño Poppers,French,31.03,11.72,96.54,2022-10-16,17:59:50,2.6476109215017063,0.12140045576962917
Keto,Keto Chocolate Mousse,French,8.77,36.14,99.24,2022-10-16,17:59:50,0.2426674045379081,0.364167674324869
Keto,"Keto Chocolate Cashew Cream Bites - Keto, Paleo, Vegan",American,54.58,120.22,210.31,2022-10-16,17:59:50,0.4540009981700216,0.5716323522419285
Keto,Keto Cauliflower Gratin,French,31.08,31.9,61.99,2022-10-16,17:59:50,0.974294670846395,0.5145991288917567
Keto,Keto Pumpkin Pie,American,35.05,55.79,79.23,2022-10-16,17:59:50,0.6282487901057536,0.7041524674996844
Keto,Keto Parmesan Meatballs,Italian,236.97,17.45,244.23,2022-10-16,17:59:50,13.579942693409743,0.07144904393399665
Keto,Keto Honey Mustard,American,0.62,3.08,89.16,2022-10-16,17:59:50,0.20129870129870128,0.03454463885150292
Keto,Keto Antipasto Skewers,Italian,165.42,8.11,276.26,2022-10-16,17:59:50,20.39704069050555,0.029356403388112646
Keto,Deviled Eggs (Keto),Mediterranean,101.59,15.32,104.48,2022-10-16,17:59:50,6.631201044386423,0.14663093415007658
Keto,Keto Potato Salad,American,20.46,83.52,62.05,2022-10-16,17:59:50,0.2449712643678161,1.3460112812248186
Keto,Keto Chocolate Mousse,French,11.18,24.49,91.01,2022-10-16,17:59:50,0.4565128623928134,0.26909130864740133
Keto,Keto Fat Bombs,French,18.54,384.27,41.57,2022-10-16,17:59:50,0.04824732609883676,9.243925908106807
Keto,Keto Mashed Cauliflower,American,32.19,75.85,117.07,2022-10-16,17:59:50,0.424390243902439,0.6479029640386094
Keto,Keto Fudge recipes,American,5.36,44.76,233.0,2022-10-16,17:59:56,0.11974977658623773,0.19210300429184549
Keto,Keto Pizza recipes,Italian,87.58,41.23,149.7,2022-10-16,17:59:56,2.1241814212951735,0.27541750167000667
Keto,Keto almond bread,American,12.67,8.04,30.28,2022-10-16,17:59:56,1.5758706467661694,0.26552179656538966
Keto,Keto Jalapeno Poppers,Mexican,35.31,14.29,125.68,2022-10-16,17:59:56,2.4709587123862846,0.11370146403564607
Keto,Keto Pot Pie,American,233.05,384.96,231.92,2022-10-16,17:59:56,0.6053875727348297,1.6598827181786824
Keto,Keto Chicken Cutlets,French,237.83,41.18,181.19,2022-10-16,17:59:56,5.775376396308888,0.2272752359401733
Keto,Keto Casserole recipes,Italian,207.98,31.56,355.12,2022-10-16,17:59:56,6.589987325728771,0.08887136742509574
Keto,Keto Beef Brisket,British,325.11,16.4,431.93,2022-10-16,17:59:56,19.823780487804882,0.03796911536591577
Keto,Keto Shrimp Alfredo,Italian,161.94,48.16,207.62,2022-10-16,17:59:56,3.362541528239203,0.231962238705327
Keto,Keto Chicken Strips,American,163.47,4.71,176.78,2022-10-16,17:59:56,34.70700636942675,0.026643285439529357
Keto,Keto Pumpkin Chili,American,215.81,178.43,129.92,2022-10-16,17:59:56,1.2094939191839937,1.3733836206896552
Keto,Keto Pizza with Pepperoni,Italian,63.06,32.31,79.06,2022-10-16,17:59:56,1.9517177344475394,0.4086769542119909
Keto,Almond Keto Hummus,Mediterranean,36.9,47.5,106.68,2022-10-16,17:59:56,0.7768421052631579,0.4452568428946381
Keto,Keto Butter Burgers,American,91.8,1.77,121.45,2022-10-16,17:59:56,51.86440677966102,0.014573898723754631
Keto,Keto fried fish,South East Asian,80.16,14.58,79.57,2022-10-16,17:59:56,5.497942386831276,0.18323488752042227
Keto,Fish Nuggets (Keto),Mediterranean,121.07,3.12,72.49,2022-10-16,18:00:03,38.804487179487175,0.04304041936818872
Keto,Keto Fried Fish,South East Asian,110.93,20.28,53.53,2022-10-16,18:00:03,5.469921104536489,0.3788529796375864
Keto,Keto Teriyaki Beef,Japanese,101.88,5.57,27.28,2022-10-16,18:00:03,18.290843806104128,0.20417888563049855
Keto,Keto Taco Salad,Mexican,159.84,62.11,241.17,2022-10-16,18:00:03,2.5734986314603123,0.2575361777998922
Keto,Keto Sushi recipes,Japanese,50.73,50.43,80.83,2022-10-16,18:00:03,1.0059488399762047,0.6239020165780033
Keto,Keto Okonomi Sauce,World,5.59,26.02,9.62,2022-10-16,18:00:03,0.2148347425057648,2.704781704781705
Keto,Keto Homemade Mayo,American,5.45,2.27,225.06,2022-10-16,18:00:03,2.4008810572687227,0.010086199235759354
Keto,Keto taco shells,Mexican,21.47,22.41,28.4,2022-10-16,18:00:03,0.9580544399821508,0.7890845070422535
Keto,Crustless Keto Cheesecake,American,79.51,105.99,423.9,2022-10-16,18:00:03,0.7501651099160299,0.2500353857041755
Keto,Keto Avocado Dessert,American,5.27,21.55,51.49,2022-10-16,18:00:03,0.24454756380510437,0.4185278694892212
Keto,Keto Zuppa Toscana,Italian,140.0,105.13,341.34,2022-10-16,18:00:10,1.3316845809949587,0.30799203140563663
Keto,Keto Chicken Taquitos,Mexican,95.91,23.38,106.85,2022-10-16,18:00:10,4.102224123182207,0.21881141787552644
Keto,Spooky Halloween Spiced Carrot Jellies,American,49.71,27.03,0.59,2022-10-16,18:00:10,1.8390677025527191,45.8135593220339
Keto,Keto Chicken Piccata,French,194.27,13.27,160.06,2022-10-16,18:00:10,14.639788997739263,0.08290641009621391
Keto,Keto Caesar Salad,American,25.94,15.13,37.12,2022-10-16,18:00:10,1.7144745538664905,0.4075969827586207
Keto,Keto Rye Bagel,Eastern Europe,119.08,43.44,167.82,2022-10-16,18:00:10,2.741252302025783,0.2588487665355738
Keto,Keto Mug Lasagne,Italian,49.11,11.62,73.96,2022-10-16,18:00:10,4.226333907056799,0.15711195240670633
Keto,Keto Pizza Dip,Italian,70.78,33.6,119.7,2022-10-16,18:00:10,2.106547619047619,0.2807017543859649
Keto,EZ Keto Pizza,Italian,127.5,25.61,213.62,2022-10-16,18:00:10,4.978524014057009,0.11988577848516056
Keto,Tuscan Keto Chicken,Italian,271.64,29.01,169.33,2022-10-16,18:00:10,9.36366770079283,0.17132227012342763
Keto,Keto Pimento Cheese,South American,69.63,21.08,199.18,2022-10-16,18:00:10,3.3031309297912714,0.10583391906817953
Keto,Keto Chocolate Cake,American,78.03,256.83,380.19,2022-10-16,18:00:10,0.3038196472374723,0.6755306557247691
Keto,Keto Butter Chicken,American,157.6,55.84,114.83,2022-10-16,18:00:10,2.822349570200573,0.4862840721065924
Keto,Keto Waldorf Salad,American,6.74,27.28,63.62,2022-10-16,18:00:10,0.2470674486803519,0.42879597610814213
Keto,Keto Cheddar Biscuits,American,68.93,173.85,46.0,2022-10-16,18:00:16,0.3964912280701755,3.779347826086956
Keto,Keto Salad recipes,American,47.16,30.61,65.69,2022-10-16,18:00:16,1.5406729826853969,0.4659765565535089
Keto,Keto Tuna Salad,American,169.41,24.22,90.26,2022-10-16,18:00:16,6.994632535094963,0.2683359184577886
Keto,Ultimate Keto Hamburgers,American,60.89,64.68,115.62,2022-10-16,18:00:16,0.9414038342609771,0.5594187856772185
Keto,Keto Krab Kakes,American,95.15,26.93,93.95,2022-10-16,18:00:16,3.533234311177126,0.2866418307610431
Keto,Dublin Coddle | Keto,American,108.42,71.48,203.66,2022-10-16,18:00:16,1.5167879127028538,0.3509771187272906
Keto,Keto Sausage Balls,American,211.1,620.21,208.52,2022-10-16,18:00:16,0.34036858483416904,2.9743429886821406
Keto,Greek Keftedes (keto),Mediterranean,104.13,27.04,94.8,2022-10-16,18:00:16,3.8509615384615383,0.2852320675105485
Keto,Keto Tuna Salad,American,85.02,10.29,113.08,2022-10-16,18:00:16,8.262390670553936,0.0909975238769013
Keto,Keto Za'atar Buns,Mediterranean,43.81,28.82,124.03,2022-10-16,18:00:16,1.5201249132546844,0.23236313795049585
Keto,Instant Pot Chicken Soup with Mushrooms and Kale,French,271.76,95.75,240.31,2022-10-16,18:00:16,2.8382245430809396,0.39844367691731514
Keto,Paleo/Keto Pizza,Italian,78.8,24.95,119.75,2022-10-16,18:00:16,3.158316633266533,0.20835073068893528
Keto,Keto Taco Casserole,Italian,141.68,33.58,139.03,2022-10-16,18:00:16,4.219178082191781,0.24153060490541609
Keto,Easy Keto Meatballs,American,274.94,18.12,323.69,2022-10-16,18:00:16,15.173289183222957,0.055979486545769105
Keto,Low Carb Meatballs alla Parmigiana,Italian,184.22,36.65,205.05,2022-10-16,18:00:16,5.026466575716235,0.1787368934406242
Keto,Keto Chicken Parmesan,Italian,195.76,30.86,148.65,2022-10-16,18:00:23,6.34348671419313,0.2076017490750084
Keto,Keto Beef Wellington,British,53.77,11.15,86.13,2022-10-16,18:00:23,4.822421524663677,0.1294554742830605
Keto,Keto Pumpkin Soup,American,38.95,116.24,54.05,2022-10-16,18:00:23,0.33508258774948385,2.1506012950971325
Keto,Keto Salmon Nuggets,Nordic,200.55,58.29,132.99,2022-10-16,18:00:23,3.440555841482244,0.4383036318520189
Keto,Keto Mozzarella Sticks,Italian,75.05,18.11,66.24,2022-10-16,18:00:23,4.144119271120927,0.2733997584541063
Keto,Keto Raspberry Fudge,American,28.45,40.64,302.77,2022-10-16,18:00:23,0.7000492125984251,0.1342273012517753
Keto,Avocado Keto Hummus,Mediterranean,19.39,46.51,77.36,2022-10-16,18:00:23,0.41689959148570205,0.6012150982419855
Keto,Keto Meatloaf Recipe,American,134.58,37.58,265.63,2022-10-16,18:00:23,3.5811601915912723,0.14147498400030117
Keto,Keto Avocado Salsa,Mexican,10.92,50.64,87.58,2022-10-16,18:00:23,0.2156398104265403,0.5782142041562001
Keto,Keto Zucchini Lasagna,Italian,319.91,94.76,360.94,2022-10-16,18:00:23,3.3760025327142253,0.26253670970244364
Keto,Keto Apple Crisp,American,25.26,64.02,110.89,2022-10-16,18:00:23,0.3945641986879101,0.5773288844801154
Keto,Keto Blueberry Biscuits,American,89.7,208.07,367.33,2022-10-16,18:00:23,0.4311049166146009,0.5664388969046906
Keto,Sara Louise's Keto Keto Southern Chicken Fried Steak,American,418.37,46.63,434.84,2022-10-16,18:00:23,8.97212095217671,0.10723484500045995
Keto,Keto Chicken Divan,American,248.66,51.4,246.64,2022-10-16,18:00:23,4.837743190661478,0.2084009082062926
Keto,Keto Lobster Cakes,American,98.58,9.85,43.58,2022-10-16,18:00:23,10.008121827411168,0.2260211106011932
Keto,Keto Steak and Eggs,American,40.01,5.81,47.38,2022-10-16,18:00:23,6.886402753872633,0.12262558041367665
Keto,2 Ingredient Keto Pasta,Italian,58.83,7.03,68.54,2022-10-16,18:00:30,8.368421052631579,0.10256784359498103
Keto,Keto Cauliflower Tabbouleh,Middle Eastern,17.9,50.93,90.54,2022-10-16,18:00:30,0.35146279206754366,0.5625138060525734
Keto,Keto Caramel Cake,American,123.47,527.23,258.11,2022-10-16,18:00:30,0.2341862185383988,2.042656231839138
Keto,Keto Okonomiyaki recipes,French,21.37,23.35,100.43,2022-10-16,18:00:30,0.915203426124197,0.2325002489296027
Keto,Keto Chili recipes,American,156.97,69.74,236.85,2022-10-16,18:00:30,2.2507886435331232,0.2944479628456829
Keto,Keto NY Cheesecake,American,67.15,42.75,314.17,2022-10-16,18:00:30,1.5707602339181288,0.1360728268135086
Keto,Keto Stuffed Peppers,American,158.77,60.31,175.56,2022-10-16,18:00:30,2.6325650804178413,0.3435292777398041
Keto,Creamy Keto Carbonara,Italian,45.83,80.89,92.68,2022-10-16,18:00:30,0.5665718877487946,0.8727880880448856
Keto,Keto Cuban Sandwich,Caribbean,143.61,59.18,229.7,2022-10-16,18:00:30,2.4266644136532616,0.25764040052242054
Keto,Homemade Keto MoonPies,American,67.75,296.29,248.01,2022-10-16,18:00:30,0.22866110904856726,1.1946695697754124
Keto,Keto Marinated Cheese,American,63.28,24.95,253.05,2022-10-16,18:00:30,2.5362725450901804,0.09859711519462556
Keto,Zucchini Breadsticks,Italian,83.48,19.97,89.71,2022-10-16,18:00:30,4.180270405608413,0.22260617545424144
Keto,Keto taco skillet,Mexican,249.07,34.5,118.19,2022-10-16,18:00:37,7.219420289855072,0.2919028682629664
Keto,Keto Chicken Fritters,American,133.95,21.22,163.38,2022-10-16,18:00:37,6.3124410933082,0.1298812584159628
Keto,Keto Italian Grilled Fish | Low-Carb Keto Fish Recipe,Italian,201.26,1.92,71.41,2022-10-16,18:00:37,104.82291666666667,0.026886990617560565
Keto,Keto Fish Pie,American,136.85,84.33,269.44,2022-10-16,18:00:37,1.622791414680422,0.31298248218527314
Keto,Keto Mug Cake,American,19.73,87.96,30.93,2022-10-16,18:00:37,0.22430650295588905,2.8438409311348205
Keto,Keto Banana Pudding,British,49.05,187.27,345.3,2022-10-16,18:00:37,0.26192129011587545,0.5423399942079351
Keto,Keto Chicken and Peppers,British,91.62,86.47,117.3,2022-10-16,18:00:37,1.0595582282872673,0.7371696504688832
Keto,Keto Pizza with Pepperoni,Italian,40.27,51.97,48.7,2022-10-16,18:00:37,0.774870117375409,1.0671457905544146
Keto,Keto Chocolate-Coconut Mousse,French,15.39,9.46,16.57,2022-10-16,18:00:37,1.6268498942917546,0.5709112854556427
Keto,Keto Cocoa Mug Cake,American,22.33,17.21,57.84,2022-10-16,18:00:37,1.2975014526438116,0.29754495159059474
Keto,Keto 90 second bread,French,13.67,10.03,24.27,2022-10-16,18:00:37,1.3629112662013958,0.41326740832303255
Keto,Blueberry cheesecake Keto,American,93.43,382.29,131.79,2022-10-16,18:00:37,0.24439561589369327,2.900751195083087
Keto,Keto Chocolate Mini Cheesecakes,American,42.28,47.39,212.13,2022-10-16,18:00:43,0.8921713441654358,0.22340074482628577
Keto,Mounds Keto Fat Bomb,American,12.02,45.95,193.48,2022-10-16,18:00:43,0.26158868335146895,0.2374922472606988
Keto,Keto Pumpkin Spice Martini,American,3.06,3.93,25.23,2022-10-16,18:00:43,0.7786259541984732,0.15576694411414982
Keto,Keto Bacon Cheeseburger Casserole,American,176.27,11.32,352.91,2022-10-16,18:00:43,15.571554770318022,0.032076166728060976
Keto,Keto Fried Coconut Shrimp,Mediterranean,32.8,63.57,146.25,2022-10-16,18:00:43,0.515966650935976,0.43466666666666665
Keto,Filipino Chicken Adobo,Asian,45.84,34.22,50.88,2022-10-16,18:00:43,1.3395675043834017,0.672562893081761
Keto,Keto smothered pork chops,American,206.46,49.06,218.8,2022-10-16,18:00:43,4.2083163473298,0.22422303473491773
Keto,Easy Keto Zucchini Frittata,Italian,51.07,29.01,98.83,2022-10-16,18:00:43,1.7604274388142018,0.293534351917434
Keto,Simple Cauliflower Keto Casserole,Italian,34.78,18.28,83.0,2022-10-16,18:00:43,1.9026258205689277,0.2202409638554217
Keto,Brazilian Keto Shrimp Stew,South American,146.23,33.22,107.08,2022-10-16,18:00:43,4.4018663455749545,0.31023533806499815
Keto,Easy Keto Beef Tacos,Mexican,151.48,26.84,216.18,2022-10-16,18:00:43,5.64381520119225,0.12415579609584605
Keto,Keto Chicken Taco Shells,Mexican,99.9,3.12,61.28,2022-10-16,18:00:43,32.01923076923077,0.050913838120104436
Keto,Keto Cauliflower Hash Browns,American,49.86,20.03,61.7,2022-10-16,18:00:43,2.489266100848727,0.3246353322528363
Keto,Spooky Halloween Low-Carb Pizza,Italian,60.56,213.5,53.45,2022-10-16,18:00:43,0.28365339578454335,3.9943872778297473
Keto,KETO! Avocodo chocolate pudding,British,8.24,29.86,32.41,2022-10-16,18:00:50,0.27595445411922304,0.9213205800678803
Keto,Keto Sweetened Condensed Milk,American,9.87,93.1,214.32,2022-10-16,18:00:50,0.10601503759398496,0.43439716312056736
Keto,Keto Spinach Stuffed Chicken,Italian,230.26,4.42,149.39,2022-10-16,18:00:50,52.095022624434385,0.029586987080795237
Keto,Keto Egg Drop Soup,Chinese,21.31,9.11,60.88,2022-10-16,18:00:50,2.339187705817783,0.14963863337713534
Keto,Keto-Friendly Cinnamon Biscuits,American,50.8,32.85,118.02,2022-10-16,18:00:50,1.5464231354642313,0.2783426537874937
Keto,Keto Brown Butter Pralines,American,25.17,35.37,398.91,2022-10-16,18:00:50,0.7116200169635285,0.08866661653004436
Keto,Keto Blueberry Lemon Muffins,American,71.25,66.39,258.79,2022-10-16,18:00:50,1.0732037957523723,0.25654005177943506
Keto,Keto Cabbage Beef Stew,American,350.23,146.21,71.28,2022-10-16,18:00:50,2.395390192189317,2.051206509539843
Keto,Keto Maple Glazed Ham,American,603.05,211.03,312.79,2022-10-16,18:00:50,2.857650571008861,0.6746699063269286
Keto,Keto Smothered Chicken Thighs,Mediterranean,127.15,15.34,174.88,2022-10-16,18:00:50,8.288787483702738,0.08771729185727356
Keto,Keto Smothered Green Beans,American,93.62,38.53,169.33,2022-10-16,18:00:50,2.429794964962367,0.22754384928837182
Keto,Keto Chicken Nuggets recipes,American,32.52,3.99,23.14,2022-10-16,18:00:50,8.150375939849624,0.17242869490060503
Keto,Keto Pizza Chips recipes,Italian,120.21,1.61,211.79,2022-10-16,18:00:50,74.66459627329192,0.007601869776665566
Keto,Keto Parmesan Roasted Broccoli,British,36.86,21.07,48.44,2022-10-16,18:00:57,1.749406739439962,0.434971098265896
Keto,Lazy Keto Chicken recipes,American,115.17,7.89,116.85,2022-10-16,18:00:57,14.596958174904945,0.06752246469833119
Keto,Keto Chocolate Mousse recipes,French,26.65,90.2,127.47,2022-10-16,18:00:57,0.2954545454545454,0.707617478622421
Keto,Keto Chicken Crust Pizza,Italian,121.29,8.74,78.52,2022-10-16,18:00:57,13.877574370709382,0.11130922058074377
Keto,Keto Zucchini Dip recipes,American,7.53,12.68,120.49,2022-10-16,18:00:57,0.5938485804416405,0.10523694912440866
Keto,Keto Low Carb Tortillas,Mexican,22.27,20.22,35.77,2022-10-16,18:00:57,1.1013847675568744,0.5652781660609448
Keto,Keto Broccoli Cheddar Soup,Italian,84.89,169.9,158.46,2022-10-16,18:00:57,0.4996468510888758,1.0721948756784045
Keto,Keto Egg Salad recipes,American,52.53,13.15,157.18,2022-10-16,18:00:57,3.99467680608365,0.08366204351698689
Keto,Classic Pub Goulash (Keto),American,108.19,55.27,63.37,2022-10-16,18:00:57,1.9574814546770398,0.8721792646362633
Keto,keto Strawberry fat bombs,French,14.41,21.27,159.68,2022-10-16,18:00:57,0.6774800188058299,0.13320390781563127
Keto,Mayo-Free Avocado Green Goddess Dressing,Caribbean,5.34,22.77,138.31,2022-10-16,18:00:57,0.23451910408432147,0.1646301785843395
Keto,Keto Bone Broth Latte,American,0.26,1.53,26.54,2022-10-16,18:00:57,0.16993464052287582,0.05764883195177092
Keto,Keto Strawberry Ice Cream,American,12.68,23.77,220.37,2022-10-16,18:00:57,0.5334455195624737,0.10786404683033081
Keto,Keto Egg Drop Soup,American,40.17,5.65,56.92,2022-10-16,18:00:57,7.109734513274336,0.09926212227687983
Keto,Keto Sausage Egg Casserole,Italian,163.99,16.37,220.17,2022-10-16,18:00:57,10.017715332926084,0.07435163737112233
Keto,Keto Low Carb Flatbread,American,137.31,25.3,174.15,2022-10-16,18:00:57,5.427272727272727,0.14527706000574217
Keto,Keto Nut Pralines recipes,American,48.65,96.64,332.16,2022-10-16,18:00:57,0.5034147350993378,0.2909441233140655
Keto,Keto Zucchini Fritters Recipe,South East Asian,35.11,92.12,76.4,2022-10-16,18:01:03,0.381133304385584,1.205759162303665
Keto,Keto Creamsicle Jello recipes,American,11.21,21.29,133.44,2022-10-16,18:01:03,0.5265382808830438,0.15954736211031176
Keto,Keto Chocolate Pudding recipes,British,8.25,17.91,24.85,2022-10-16,18:01:03,0.46063651591289784,0.7207243460764587
Keto,Easy Keto Fried Halloumi,Chinese,32.29,9.76,75.29,2022-10-16,18:01:03,3.3084016393442623,0.12963208925488112
Keto,Keto lemon mug cake,British,11.76,27.03,28.81,2022-10-16,18:01:03,0.4350721420643729,0.9382158972578967
Keto,Collagen Keto Chocolate Mousse,American,13.73,44.37,30.89,2022-10-16,18:01:03,0.30944331755690785,1.4363871803172548
Keto,Keto Cinnamon Fat Bombs,Indian,4.85,13.46,253.72,2022-10-16,18:01:03,0.36032689450222877,0.05305060696831153
Keto,Creamy Mushroom Keto Casserole,French,286.77,58.87,341.38,2022-10-16,18:01:03,4.871241719041957,0.17244712636944168
Keto,"CinnaBombs (Keto, Paleo, Vegan)",American,17.52,17.89,100.77,2022-10-16,18:01:03,0.9793180547792062,0.1775329959313288
Keto,Keto Blueberry Ice Cream,American,7.11,18.59,98.01,2022-10-16,18:01:03,0.38246369015599785,0.18967452300785634
Keto,Walnut Keto Fudge recipes,American,17.41,45.35,166.73,2022-10-16,18:01:03,0.3839029768467475,0.271996641276315
Keto,Keto Brussel Sprouts Casserole,Italian,62.81,84.39,64.27,2022-10-16,18:01:03,0.7442824979262946,1.313054302162751
Keto,Keto Pancake Breakfast Sandwich,American,21.78,3.68,52.63,2022-10-16,18:01:10,5.918478260869565,0.0699220976629299
Keto,Keto Buddha Bowl Recipe,British,31.21,73.78,112.43,2022-10-16,18:01:10,0.42301436703713746,0.6562305434492572
Keto,Keto Parmesan Cauliflower Risotto,Italian,22.27,30.04,55.67,2022-10-16,18:01:10,0.7413448735019973,0.5396084066822345
Keto,Keto Bacon Burger Bombs,American,177.36,13.04,336.54,2022-10-16,18:01:10,13.601226993865033,0.03874725144113626
Keto,Cheesy Keto Pizza Crust,Italian,34.24,7.21,47.55,2022-10-16,18:01:10,4.748959778085992,0.1516298633017876
Keto,Keto Egg Drop Soup,Chinese,8.81,6.11,5.21,2022-10-16,18:01:10,1.44189852700491,1.1727447216890596
Keto,Keto Chocolate Fat Bombs,French,34.63,60.92,184.27,2022-10-16,18:01:10,0.5684504267892319,0.33060183426493733
Keto,Keto Guacamole Egg Stacks,American,14.96,15.11,23.24,2022-10-16,18:01:10,0.9900727994705494,0.6501721170395869
Keto,Keto Bacon Cheeseburger Soup,American,160.71,64.62,240.86,2022-10-16,18:01:10,2.4870009285051067,0.26828863240056466
Keto,Low Carb Baked Beans with Beef,American,183.68,114.11,166.31,2022-10-16,18:01:10,1.609674875120498,0.6861283145932295
Keto,Keto Raspberry Valentines recipes,American,7.55,17.0,139.56,2022-10-16,18:01:10,0.4441176470588235,0.12181140728002293
Keto,Keto Fried Mozzarella Bites,Italian,57.18,39.42,113.75,2022-10-16,18:01:10,1.4505327245053272,0.3465494505494506
Keto,Keto Chicken-Broccoli Casserole,Italian,136.12,26.1,214.11,2022-10-16,18:01:10,5.215325670498085,0.12189995796553174
Keto,Keto Chicken Pesto Burgers,American,131.09,14.73,107.32,2022-10-16,18:01:10,8.899524779361846,0.13725307491613867
Keto,Keto Breakfast Tacos recipes,Mexican,113.6,18.01,170.84,2022-10-16,18:01:10,6.307606885063852,0.1054202762819012
Keto,Keto Spinach Pesto Flatbread,Italian,92.48,32.8,148.68,2022-10-16,18:01:17,2.8195121951219515,0.22060801721818668
Keto,Keto Flatbread Pizza Recipe,Italian,77.72,59.31,169.34,2022-10-16,18:01:17,1.310402967459113,0.3502421164521082
Keto,Garlic Parmesan Keto Croutons,Italian,23.3,37.68,44.5,2022-10-16,18:01:17,0.6183651804670913,0.8467415730337079
Keto,Keto Pizza in a bowl,Italian,64.92,1.03,105.03,2022-10-16,18:01:17,63.029126213592235,0.0098067218889841
Keto,Keto Pancakes: Cinnamon Delight,American,28.94,36.86,157.86,2022-10-16,18:01:17,0.785132935431362,0.23349803623463827
Keto,Keto Jalapeno Popper Bites,French,158.56,49.97,277.41,2022-10-16,18:01:17,3.1731038623173906,0.18013049277243068
Keto,Keto Cream Cheese Waffles,American,53.57,28.28,94.38,2022-10-16,18:01:17,1.8942715700141441,0.2996397541852088
Keto,Keto Buffalo Chicken Taquitos,American,101.01,4.97,174.56,2022-10-16,18:01:17,20.323943661971832,0.028471585701191567
Keto,Savory Keto Cauliflower Mash,British,19.56,49.45,17.55,2022-10-16,18:01:17,0.39555106167846305,2.8176638176638176
Keto,Keto Garlic Gnocchi recipes,Italian,56.61,8.61,63.76,2022-10-16,18:01:17,6.574912891986063,0.13503764115432873
Keto,Keto Neapolitan Chia Pudding,British,19.05,52.65,34.11,2022-10-16,18:01:17,0.36182336182336183,1.5435356200527703
Keto,Keto Philly Cheesesteak Omelet,American,61.45,8.99,83.91,2022-10-16,18:01:17,6.835372636262514,0.10713860088189728
Keto,Quick Keto Chocolate Mousse,American,9.6,13.79,74.63,2022-10-16,18:01:17,0.6961566352429297,0.18477823931394882
Keto,Keto Chocolate Souffle' recipes,French,50.09,44.97,99.54,2022-10-16,18:01:17,1.1138536802312653,0.45177817962628086
Keto,Keto Taco Bake Recipe,Mexican,139.96,33.93,128.84,2022-10-16,18:01:24,4.124963159445918,0.2633498913380938
Keto,Keto Cheddar Bay Biscuits,American,47.64,22.76,109.96,2022-10-16,18:01:24,2.093145869947276,0.20698435794834488
Keto,Keto Jalapeño Popper Bread,Mexican,63.28,189.3,176.56,2022-10-16,18:01:24,0.33428420496566297,1.0721567739012234
Keto,Keto Lemon Garlic Shrimp,Mediterranean,92.9,10.08,39.16,2022-10-16,18:01:24,9.216269841269842,0.25740551583248217
Keto,Keto Pumpkin Carbonara recipes,Italian,91.37,253.9,138.47,2022-10-16,18:01:24,0.3598660890114218,1.8336101682674948
Keto,Rosemary Almond Keto Crackers,French,94.02,65.15,195.65,2022-10-16,18:01:24,1.4431312356101302,0.3329925888065423
Keto,Keto Spinach-Artichoke Chicken,Mediterranean,263.01,36.24,163.05,2022-10-16,18:01:24,7.257450331125828,0.22226310947562097
Keto,Keto Peanut Butter Mousse,French,23.49,22.81,115.99,2022-10-16,18:01:24,1.0298114861902674,0.19665488404172773
Keto,Keto Hazelnut Truffles recipes,American,12.9,55.5,74.01,2022-10-16,18:01:24,0.23243243243243245,0.7498986623429266
Keto,Keto Pie Crust recipes,American,34.13,79.9,72.89,2022-10-16,18:01:24,0.4271589486858573,1.0961723144464262
Keto,Keto Paprika Chicken recipes,Mediterranean,247.63,28.25,71.03,2022-10-16,18:01:24,8.76566371681416,0.39771927354638886
Keto,Keto White Chicken Chili,American,264.33,52.56,469.1,2022-10-16,18:01:24,5.029109589041095,0.11204434022596461
Keto,Keto Paleo Fat Bomb,French,24.77,61.79,99.51,2022-10-16,18:01:24,0.4008739278200356,0.6209426188322781
Keto,Keto Classic Salad Recipe,American,15.98,14.88,13.42,2022-10-16,18:01:30,1.0739247311827957,1.1087928464977646
Keto,Keto Chocolate Fat Bombs,French,12.21,52.95,129.45,2022-10-16,18:01:30,0.23059490084985837,0.4090382387022017
Keto,Keto Spaghetti alla Carbonara,Italian,187.41,497.15,156.57,2022-10-16,18:01:30,0.3769687217137685,3.1752570735134444
Keto,Keto Peanut Butter mousse,French,9.16,77.88,82.86,2022-10-16,18:01:30,0.11761684643040576,0.9398986241853728
Keto,Blueberry Keto Cake recipes,American,52.14,68.4,138.8,2022-10-16,18:01:30,0.7622807017543859,0.49279538904899134
Keto,Keto Crab Dip Soup,American,156.46,46.93,205.16,2022-10-16,18:01:30,3.333901555508204,0.22874829401442776
Keto,Keto Burger Fat Bombs,Nordic,91.8,1.77,121.45,2022-10-16,18:01:30,51.86440677966102,0.014573898723754631
Keto,Keto Stuffed Pork Chops,American,213.19,14.68,172.91,2022-10-16,18:01:30,14.522479564032698,0.08489965878202534
Keto,Easy Keto Berry Pavlova,Eastern Europe,15.09,32.01,44.72,2022-10-16,18:01:30,0.47141518275538896,0.7157871198568873
Keto,Keto Chicken Queso Flameado,Caribbean,71.25,3.28,58.38,2022-10-16,18:01:30,21.722560975609756,0.05618362452894826
Keto,Pork Rind Keto bread,American,144.68,15.62,206.49,2022-10-16,18:01:30,9.262483994878362,0.0756453097002276
Keto,Keto Creamed Spinach Recipe,French,12.52,13.59,129.29,2022-10-16,18:01:30,0.9212656364974245,0.1051125377059324
Keto,Whole30 + Keto Ranch Dressing,American,1.51,5.32,14.23,2022-10-16,18:01:30,0.2838345864661654,0.3738580463808855
Keto,Keto Pesto Chicken Pasta,Italian,93.66,25.74,125.36,2022-10-16,18:01:30,3.6386946386946386,0.2053286534779834
Keto,Keto chicken parmi bowl,Italian,176.23,91.02,205.88,2022-10-16,18:01:37,1.9361678751922653,0.4421021954536623
Keto,Easy Keto Sesame Broccoli,Chinese,18.72,36.85,33.67,2022-10-16,18:01:37,0.5080054274084125,1.0944460944460945
Keto,Cheesy Keto Pinwheels recipes,American,82.63,342.01,105.41,2022-10-16,18:01:37,0.24160112277418788,3.2445688264870505
Keto,Easy Baked Keto Goulash,American,230.67,109.89,111.04,2022-10-16,18:01:37,2.099099099099099,0.989643371757925
Keto,Spinach & Watercress Keto Salad,Middle Eastern,32.9,26.88,103.77,2022-10-16,18:01:37,1.2239583333333333,0.2590344030066493
Keto,Crunchy Keto Pita Chips,Middle Eastern,32.99,20.05,52.57,2022-10-16,18:01:37,1.6453865336658355,0.38139623359330416
Keto,Keto Crab Stuffed Mushrooms,American,77.73,14.88,74.3,2022-10-16,18:01:37,5.223790322580645,0.2002691790040377
Keto,Keto Sausage Balls recipes,American,168.99,32.34,270.93,2022-10-16,18:01:37,5.225417439703154,0.11936662606577346
Keto,Easy Keto Marinara Chicken,Italian,59.28,7.53,26.75,2022-10-16,18:01:37,7.872509960159363,0.2814953271028037
Keto,Keto-Pesto-Cauliflower-Casserole,Italian,95.72,68.1,207.92,2022-10-16,18:01:37,1.4055800293685756,0.3275298191612158
Keto,Keto Kentucky Bourbon Balls,American,11.89,205.13,175.95,2022-10-16,18:01:37,0.057963242821625315,1.1658425689116227
Keto,Keto Fudge Popsicles Recipe,American,11.95,24.17,125.38,2022-10-16,18:01:37,0.4944145635084815,0.19277396713989475
Keto,Bacon and Mushroom Smothered Pork Chops,American,217.87,39.37,244.39,2022-10-16,18:01:37,5.533909067818136,0.16109497115266583
Keto,Keto Cheesy Chicken Fritters,American,103.22,8.42,89.1,2022-10-16,18:01:44,12.258907363420427,0.09450056116722784
Keto,Soft Keto Tortilla Recipe,Mexican,31.11,39.02,53.09,2022-10-16,18:01:44,0.7972834443874935,0.7349783386701827
Keto,Keto Chocolate Bundt Cake,Central Europe,47.43,331.85,192.87,2022-10-16,18:01:44,0.14292602079252673,1.720588997770519
Keto,Keto Spinach Pizza Frittata,Italian,128.65,15.66,174.49,2022-10-16,18:01:44,8.215197956577267,0.08974726345349303
Keto,Keto Eggplant Lasagna Recipe,Italian,220.56,91.59,238.69,2022-10-16,18:01:44,2.4081231575499507,0.38371946876702
Keto,Keto Parmesan Fish Patties,American,514.29,47.58,134.68,2022-10-16,18:01:44,10.808953341740226,0.35328185328185324
Keto,Keto Bacon Cheeseburger Wellington,British,90.93,19.05,150.76,2022-10-16,18:01:44,4.773228346456693,0.126359777129212
Keto,Keto Spicy Fried Chicken,American,285.4,7.74,198.71,2022-10-16,18:01:44,36.87338501291989,0.03895123546877359
Keto,Easy Raspberry Keto Cheesecake,American,20.24,34.03,146.91,2022-10-16,18:01:44,0.5947693211871877,0.23163841807909605
Keto,Keto Cheesecake Stuffed Strawberries,American,18.09,98.65,118.1,2022-10-16,18:01:44,0.1833755701976685,0.8353090601185437
Keto,Keto Egg Casserole Bake,Italian,99.69,17.75,138.94,2022-10-16,18:01:44,5.616338028169014,0.1277529869008205
Keto,Keto Chocolate Waffles recipes,Mediterranean,38.23,84.39,130.34,2022-10-16,18:01:44,0.4530157601611565,0.6474604879545803
Keto,Keto Jalapeno Poppers Dip,Mexican,74.96,50.23,158.17,2022-10-16,18:01:44,1.4923352578140554,0.3175697034835936
Keto,Keto Cheesy Shrimp Fritters,South East Asian,96.15,13.16,62.85,2022-10-16,18:01:44,7.306231003039514,0.20938743038981703
Keto,Keto Cabbage With Bacon recipes,American,16.43,9.6,46.18,2022-10-16,18:01:44,1.7114583333333333,0.20788220008661756
Keto,Keto Lupin Flour Biscuits,American,105.88,100.07,158.19,2022-10-16,18:01:44,1.0580593584490856,0.6325937164169669
Keto,Keto Bacon Ranch Dressing,American,24.91,8.19,180.78,2022-10-16,18:01:44,3.041514041514042,0.04530368403584467
Keto,Keto Brownie Mug Cake,French,4.23,16.7,19.84,2022-10-16,18:01:44,0.2532934131736527,0.8417338709677419
Keto,Keto Cauliflower Pepper Soup,American,12.08,23.42,59.09,2022-10-16,18:01:51,0.5157984628522629,0.3963445591470638
Keto,Keto Spaghetti Squash Carbonara,Italian,38.48,33.93,54.81,2022-10-16,18:01:51,1.1340996168582376,0.6190476190476191
Keto,Vegetarian Keto Club Salad,American,51.38,19.65,83.01,2022-10-16,18:01:51,2.614758269720102,0.23671846765449941
Keto,Keto Orange Fat Bombs,Mediterranean,8.45,10.49,138.45,2022-10-16,18:01:51,0.8055290753098188,0.07576742506319972
Keto,Keto Tomato Bisque Soup,French,37.69,95.54,92.09,2022-10-16,18:01:51,0.3944944525853045,1.0374633510696059
Keto,Keto Ceasar Salad recipes,American,46.87,10.31,144.09,2022-10-16,18:01:51,4.5460717749757515,0.0715525019085294
Keto,Keto Mocha Mousse recipes,American,22.27,103.4,169.47,2022-10-16,18:01:51,0.21537717601547388,0.6101374874609076
Keto,Keto Vanilla-Nutmeg “Oatmeal”,American,7.58,16.28,56.01,2022-10-16,18:01:51,0.4656019656019656,0.2906623817175505
Keto,Low Carb Keto Biscuits,British,66.98,42.21,181.33,2022-10-16,18:01:51,1.5868277659322436,0.23278001433849885
Keto,No-Crust Keto Pumpkin Pie,British,28.95,57.48,107.78,2022-10-16,18:01:51,0.5036534446764092,0.5333085915754314
Keto,Cheesy Keto Creamed Spinach,French,37.82,21.6,76.83,2022-10-16,18:01:51,1.7509259259259258,0.281140179617337
Keto,Keto Paleo Tzatziki recipes,Mediterranean,9.81,23.49,110.44,2022-10-16,18:01:51,0.41762452107279696,0.21269467584208618
Keto,Keto Tater Tot Casserole,American,151.71,42.19,151.02,2022-10-16,18:01:51,3.5958757999525957,0.2793669712620845
Keto,Keto Food Journal — Steemit,Mediterranean,33.93,22.29,108.8,2022-10-16,18:01:51,1.5222072678331091,0.20487132352941176
Keto,Keto Mississippi Roast recipes,British,373.37,34.63,185.77,2022-10-16,18:01:51,10.781692174415246,0.1864133067771976
Keto,NSNG Keto Salmon Patties,Nordic,107.0,18.99,62.94,2022-10-16,18:01:57,5.6345444971037395,0.30171591992373686
Keto,Keto Zucchini Noodles With Meatballs,Asian,101.73,17.72,107.67,2022-10-16,18:01:57,5.7409706546275405,0.16457694808210271
Keto,Easy Keto Naan Recipe,Indian,127.89,45.96,193.52,2022-10-16,18:01:57,2.7826370757180157,0.2374948325754444
Keto,Keto Southern Style Meatloaf,American,177.5,47.0,196.68,2022-10-16,18:01:57,3.776595744680851,0.23896684970510473
Keto,Keto Crispy Pork Cutlets,American,157.36,6.05,227.96,2022-10-16,18:01:57,26.009917355371904,0.026539743814704333
Keto,Keto Mock Potato Salad,American,45.67,66.83,110.63,2022-10-16,18:01:57,0.6833757294628161,0.6040856910422128
Keto,Keto Chili Stuffed Peppers,American,149.48,99.44,213.19,2022-10-16,18:01:57,1.503218020917136,0.4664383882921338
Keto,Keto Tuna Fish Salad,American,69.72,31.61,36.04,2022-10-16,18:01:57,2.2056311293894337,0.8770810210876804
Keto,Keto Chicken Zucchini Meatballs,American,49.88,9.38,29.89,2022-10-16,18:01:57,5.317697228144989,0.31381733021077285
Keto,Keto Bacon and Roasted Cabbage,American,25.56,34.74,58.12,2022-10-16,18:01:57,0.7357512953367875,0.5977288368891949
Keto,Keto Bunless Bacon Cheeseburger,American,128.3,12.66,182.48,2022-10-16,18:01:57,10.134281200631913,0.06937746602367383
Keto,Keto Easter Chocolate Nests,French,44.04,118.92,184.6,2022-10-16,18:01:57,0.3703329969727548,0.6442036836403033
Keto,Keto Philly Cheesesteak Skillet,American,172.49,60.51,188.29,2022-10-16,18:01:57,2.8506032060816398,0.32136597801264005
Keto,Keto Honey Mustard Dressing,American,4.89,17.01,182.03,2022-10-16,18:01:57,0.28747795414462074,0.09344613525243092
Keto,Keto Cauliflower Spanish Rice,Mediterranean,15.96,56.49,56.98,2022-10-16,18:01:57,0.2825278810408922,0.9914004914004915
Keto,Keto cheesy broccoli soup,American,83.78,44.26,232.15,2022-10-16,18:01:57,1.892905558065974,0.19065259530475984
Keto,Keto Pepperoni Pizza Cups,Italian,72.25,19.07,109.24,2022-10-16,18:01:57,3.788673308862087,0.17456975466861957
Keto,Keto Eggplant Burgers Recipe,French,44.02,51.68,53.63,2022-10-16,18:01:57,0.851780185758514,0.963639753869103
Keto,Keto egg and cheese bites,American,28.24,2.5,21.47,2022-10-16,18:02:04,11.296,0.11644154634373545
Keto,Loaded Keto Zucchini Skins,British,37.25,24.91,98.63,2022-10-16,18:02:04,1.495383380168607,0.2525600730001014
Keto,Simple Keto Zucchini Hash,South American,34.93,19.26,75.51,2022-10-16,18:02:04,1.813603322949117,0.2550655542312277
Keto,Keto Pesto Chicken with Mozzarella,Italian,99.96,9.57,70.32,2022-10-16,18:02:04,10.44514106583072,0.1360921501706485
Keto,Keto Pork Stir Fry,Chinese,134.97,41.97,77.18,2022-10-16,18:02:04,3.2158684774839172,0.5437937289453225
Keto,Keto Chicken Broccoli Casserole,Italian,185.08,40.1,277.66,2022-10-16,18:02:04,4.615461346633417,0.14442123460347187
Keto,Salty Salsa Keto Crackers,American,51.11,60.83,91.88,2022-10-16,18:02:04,0.8402104224889035,0.6620592076621681
Keto,Keto Creamy Broccoli Soup,Italian,30.6,66.58,8.2,2022-10-16,18:02:04,0.45959747671973566,8.11951219512195
Keto,Sherried Chicken Salad,American,248.62,135.04,278.71,2022-10-16,18:02:04,1.841084123222749,0.4845179577338452
Keto,Vegetarian Keto “Crab” Cakes,American,31.19,25.1,117.96,2022-10-16,18:02:04,1.2426294820717132,0.21278399457443203
Keto,Keto Parmesan Crusted Tilapia,Mediterranean,162.89,8.05,48.77,2022-10-16,18:02:04,20.23478260869565,0.16506048800492107
Keto,Keto Bacon Ranch Dressing,American,24.92,8.75,180.77,2022-10-16,18:02:04,2.8480000000000003,0.04840404934447087
Keto,Keto Chocolate Espresso Sorbet,American,26.1,294.79,129.39,2022-10-16,18:02:04,0.08853760303945181,2.278305896900843
Keto,Paleo Mississippi Roast with Lotus Root recipes,British,163.04,58.41,164.26,2022-10-16,18:02:11,2.7913028590994693,0.3555947887495434
Keto,Keto Cauliflower Pizza Muffins,Italian,80.58,37.67,111.44,2022-10-16,18:02:11,2.139102734271303,0.33802943287867915
Keto,"Keto-Friendly ""Candied"" Nuts",American,47.46,65.9,326.97,2022-10-16,18:02:11,0.7201820940819423,0.20154754258800503
Keto,Keto Chicken Stir-Fry,Chinese,260.75,74.86,47.21,2022-10-16,18:02:11,3.483168581351857,1.5856809997881804
Keto,Keto Stuffed Pepper Casserole,Italian,155.64,87.18,172.22,2022-10-16,18:02:11,1.7852718513420507,0.5062129833933342
Keto,Keto Dill Pickle Soup,American,28.65,19.08,182.75,2022-10-16,18:02:11,1.5015723270440253,0.10440492476060191
Keto,Keto Zucchini and Walnut Bread,American,45.08,42.88,126.73,2022-10-16,18:02:11,1.0513059701492535,0.33835713722086325
Keto,Keto Mexican Chocolate Pudding,British,7.47,68.74,24.82,2022-10-16,18:02:11,0.10867035205120745,2.7695406929895245
Keto,Keto Chicken Pizza Dip,Italian,152.56,28.64,248.55,2022-10-16,18:02:11,5.326815642458101,0.1152283242808288
Keto,Keto Sandwich Bread recipes,Nordic,136.11,180.33,71.42,2022-10-16,18:02:11,0.7547828980202962,2.524922990758891
Keto,Easy Clam Chowder | Keto,American,168.99,80.18,199.3,2022-10-16,18:02:11,2.1076328261411823,0.40230807827395887
Keto,Keto Zone Green Beans,American,27.59,50.91,100.41,2022-10-16,18:02:11,0.5419367511294442,0.507021213026591
Keto,Keto Almond Ricotta Cake,Italian,120.78,163.57,298.48,2022-10-16,18:02:11,0.7383994620040351,0.5480099169123559
Keto,Keto Scampi-Style Chicken,Italian,128.84,27.69,112.92,2022-10-16,18:02:11,4.652943300830625,0.24521785334750265
Keto,Healthy Keto Avocado Hummus,Mediterranean,19.67,44.02,167.91,2022-10-16,18:02:11,0.4468423443889141,0.2621642546602347
Keto,Keto Mock Crab Salad,American,41.66,6.18,35.3,2022-10-16,18:02:11,6.741100323624595,0.17507082152974504
Keto,Keto Bruschetta Stuffed Avocado,Italian,23.48,45.71,95.98,2022-10-16,18:02:18,0.5136731568584555,0.4762450510523025
Keto,Keto Green Bean Casserole,South American,50.28,59.84,137.96,2022-10-16,18:02:18,0.8402406417112299,0.43374891272832705
Keto,Chicken Roulades (Keto-friendly!),Italian,92.87,25.36,124.34,2022-10-16,18:02:18,3.6620662460567828,0.20395689239182885
Keto,Keto Egg Foo Young,Chinese,52.16,31.35,45.33,2022-10-16,18:02:18,1.6637958532695374,0.6915949702183984
Keto,Keto Tuna Salad recipes,American,47.58,5.3,46.8,2022-10-16,18:02:18,8.977358490566038,0.11324786324786325
Keto,Keto Cabbage Soup Recipe,American,240.9,60.16,139.88,2022-10-16,18:02:18,4.004321808510639,0.43008292822419214
Keto,Keto Cheesy Spinach Burger,Nordic,125.38,38.78,235.01,2022-10-16,18:02:18,3.23310985043837,0.16501425471256542
Keto,Keto Coconut Cream Pie,American,73.43,81.16,263.72,2022-10-16,18:02:18,0.9047560374568754,0.30775064462308505
Keto,Keto Tuscan Garlic Chicken,Italian,246.2,29.8,147.47,2022-10-16,18:02:18,8.261744966442953,0.20207499830473996
Keto,Easy Tomato Soup (Keto),French,21.21,31.95,78.66,2022-10-16,18:02:18,0.663849765258216,0.4061784897025172
Keto,Keto Mediterranean Steak Pinwheels,Mediterranean,167.9,26.46,110.15,2022-10-16,18:02:18,6.345427059712774,0.24021788470267816
Keto,Keto Avocado Stuffed Chicken,American,292.73,22.82,87.72,2022-10-16,18:02:18,12.827782646801053,0.26014591883264937
Keto,Keto Bison Meatballs recipes,American,128.91,27.8,197.3,2022-10-16,18:02:18,4.63705035971223,0.14090217942219968
Keto,Keto Strawberry Mini Clafoutis,French,21.13,38.71,67.86,2022-10-16,18:02:18,0.5458537845517953,0.5704391394046566
Keto,Creamy Keto Cauliflower Risotto,Italian,69.2,44.59,135.46,2022-10-16,18:02:18,1.551917470284817,0.32917466410748564
Keto,Keto Crab Stuffed Mushrooms,American,64.46,26.34,70.05,2022-10-16,18:02:18,2.4472285497342443,0.376017130620985
Keto,Keto Chocolate Orange Macaroons,American,65.05,342.67,341.77,2022-10-16,18:02:24,0.18983278372778473,1.0026333499136848
Keto,"Chicken Adobo | Keto, Paleo",Asian,238.4,34.46,244.29,2022-10-16,18:02:24,6.918165989553105,0.14106185271603422
Keto,Keto Lemon Poppyseed Cheesecake,American,116.08,94.11,511.43,2022-10-16,18:02:24,1.2334502178301987,0.18401345247638973
Keto,Easy Weeknight Keto Pizza,Italian,128.57,30.32,213.79,2022-10-16,18:02:24,4.2404353562005275,0.14182141353664812
Keto,Cinnamon Keto Mug Cake,British,12.05,22.51,29.46,2022-10-16,18:02:24,0.5353176366059529,0.7640868974881195
Keto,Keto Peanut Butter Cups,American,48.03,84.45,295.72,2022-10-16,18:02:24,0.5687388987566607,0.28557419180305693
Keto,Keto Korean Fried Chicken,French,188.06,31.45,401.07,2022-10-16,18:02:24,5.979650238473768,0.07841523923504624
Keto,Creamy Keto Avocado Soup,American,37.36,91.84,228.56,2022-10-16,18:02:24,0.406794425087108,0.40182009100455024
Keto,Roasted Keto Cauliflower Mash,British,19.69,58.39,53.84,2022-10-16,18:02:24,0.33721527658845696,1.0845096582466567
Keto,Crunchy Keto Salad Toppers,American,24.57,20.64,69.23,2022-10-16,18:02:24,1.190406976744186,0.2981366459627329
Keto,Keto Zuppa Toscana Soup,Italian,98.45,55.02,234.93,2022-10-16,18:02:24,1.7893493275172665,0.2341974205082365
Keto,Keto Cauliflower Rice Stuffing,South American,54.3,63.97,69.31,2022-10-16,18:02:24,0.8488353915898077,0.922954840571346
Keto,Keto Celeriac Cauli-Mash,French,23.49,45.45,185.07,2022-10-16,18:02:24,0.5168316831683167,0.24558275247203762
Keto,Keto Butternut Squash Risotto,Italian,43.64,48.26,95.41,2022-10-16,18:02:24,0.9042685453791961,0.5058170003144324
Keto,Keto Cheese Stuffed Meatballs,American,237.8,67.71,323.06,2022-10-16,18:02:24,3.5120366267907257,0.20958954992880577
Keto,Keto Taco Breakfast Skillet,Mexican,198.8,58.6,272.0,2022-10-16,18:02:31,3.392491467576792,0.21544117647058825
Keto,Keto Strawberry Cheesecake Jars,American,23.96,80.46,199.52,2022-10-16,18:02:31,0.2977877206065126,0.4032678428227746
Keto,Keto-Friendly Brownie Cakes,French,17.2,16.5,72.99,2022-10-16,18:02:31,1.0424242424242425,0.22605836415947392
Keto,Keto BBQ Meatball Skewers,American,158.34,16.49,200.84,2022-10-16,18:02:31,9.602183141297758,0.08210515833499302
Keto,Keto Meat Pie recipes,American,190.75,223.91,406.66,2022-10-16,18:02:31,0.8519047831718101,0.5506073870063444
Keto,Keto Crab Stuffed Avocado,American,34.09,20.33,65.63,2022-10-16,18:02:31,1.6768322675848504,0.3097668749047692
Keto,Keto Avocado Deviled Eggs,Mexican,55.07,24.19,67.89,2022-10-16,18:02:31,2.2765605622157916,0.356311680659891
Keto,Keto Easter Cheese Ball,French,100.2,35.88,278.97,2022-10-16,18:02:31,2.792642140468227,0.1286159802129261
Keto,Keto Blueberry Mug Cake,British,6.18,12.64,17.23,2022-10-16,18:02:31,0.48892405063291133,0.7336041787579802
Keto,Keto Chicken and Broccoli Casserole,French,189.85,133.93,465.14,2022-10-16,18:02:31,1.4175315463301723,0.2879348153244185
Keto,Keto Mashed Cauliflower with Cheese,American,25.67,55.41,42.74,2022-10-16,18:02:31,0.4632737772965169,1.296443612540945
Keto,Easy Keto Pound Cake,British,73.42,138.29,206.61,2022-10-16,18:02:31,0.5309132981415866,0.6693286868980204
Keto,Keto Grilled Steak Rolls,French,65.32,18.74,93.62,2022-10-16,18:02:31,3.485592315901814,0.20017090365306556
Keto,Keto Banana Blueberry Muffins,American,89.35,97.24,225.45,2022-10-16,18:02:31,0.9188605512134924,0.43131514748281213
Keto,Instant Pot Keto Chili,American,101.33,79.12,93.85,2022-10-16,18:02:31,1.2807128412537916,0.8430474160895046
Keto,Keto Baked Chicken Fajitas,Mexican,186.9,51.98,64.46,2022-10-16,18:02:38,3.595613697575991,0.8063915606577723
Keto,3 Ingredient Keto Japanese Cheesecake,Japanese,48.34,145.03,150.77,2022-10-16,18:02:38,0.33331034958284494,0.9619287656695629
Keto,Keto English Cottage Pie,American,194.19,53.91,244.83,2022-10-16,18:02:38,3.6021146355036175,0.22019360372503366
Keto,Keto Chicken and Broccoli Casserole,Italian,159.45,35.97,273.25,2022-10-16,18:02:38,4.432860717264387,0.1316376944190302
Keto,Keto Berry Mug Cake,British,12.55,24.44,39.27,2022-10-16,18:02:38,0.5135024549918167,0.6223580341227399
Keto,5 Minute Keto Pesto recipes,Italian,47.93,14.09,203.9,2022-10-16,18:02:38,3.4017033356990773,0.06910250122609121
Keto,Air Fryer Keto Chicken Wings,American,238.79,4.96,188.08,2022-10-16,18:02:38,48.14314516129032,0.0263717566992769
Keto,Keto Chicken Pad Thai,South East Asian,196.91,209.26,249.58,2022-10-16,18:02:38,0.9409825097964255,0.8384485936373106
Keto,Keto Cheeseburger Muffins recipes,American,135.85,53.67,181.35,2022-10-16,18:02:38,2.5312092416620082,0.2959470636889992
Keto,5-layer Keto Dip recipes,Mexican,108.3,101.44,381.15,2022-10-16,18:02:38,1.0676261829652998,0.2661419388692116
Keto,Sara louise's Keto Schnitzel,Central Europe,336.02,109.23,629.04,2022-10-16,18:02:38,3.0762611004302842,0.17364555513162916
Keto,Low Carb Lasagna Meatballs Recipe,Italian,308.21,32.78,328.73,2022-10-16,18:02:38,9.402379499694934,0.0997170930550908
Keto,Sara Louise's Keto Yapchik,American,174.05,130.65,226.62,2022-10-16,18:02:38,1.3321852277076158,0.5765157532433148
Keto,Keto Chocolate Mousse (Low Carb),French,25.33,45.96,255.26,2022-10-16,18:02:45,0.5511314186248911,0.18005171197994202
Keto,Keto Paleo Meatloaf recipes,American,143.36,37.65,172.61,2022-10-16,18:02:45,3.8077025232403723,0.2181217774172991
Keto,KETO Egg and Ham Soup,American,29.54,10.62,19.55,2022-10-16,18:02:45,2.7815442561205272,0.5432225063938618
Keto,Keto Bacon Cheeseburger Cups,American,185.37,55.26,224.12,2022-10-16,18:02:45,3.354505971769816,0.2465643405318579
Keto,Special Dark fat bombs - Keto,American,3.09,7.01,202.54,2022-10-16,18:02:45,0.44079885877318115,0.03461044731904809
Keto,Low Carb/Keto pizza crust,Italian,65.2,23.02,108.07,2022-10-16,18:02:45,2.832319721980886,0.2130100860553345
Keto,Keto Pizza Florentine recipes,Italian,112.53,258.9,128.67,2022-10-16,18:02:45,0.43464658169177295,2.0121240382373515
Keto,KETO Shrimp and Asparagus Alfredo,Italian,243.63,41.0,432.48,2022-10-16,18:02:45,5.94219512195122,0.09480207177210506
Keto,Low-Carb Keto Lasagna,Italian,284.21,119.23,401.06,2022-10-16,18:02:45,2.383712152981632,0.2972871889492844
Keto,Easy Keto Mozzarella Chicken,Italian,162.11,44.11,79.41,2022-10-16,18:02:45,3.6751303559283612,0.5554716030726609
Keto,Keto Strawberry Ice Cream,American,29.56,52.43,291.93,2022-10-16,18:02:45,0.5637993515163074,0.1795978487993697
Keto,Pecan Coconut Butter (Keto Diet),American,16.51,35.55,177.99,2022-10-16,18:02:45,0.46441631504922654,0.19973032192819817
Keto,Keto Matcha Mint Bars,American,52.13,167.75,322.48,2022-10-16,18:02:45,0.3107600596125186,0.5201872984371123
Keto,Keto Recipes - Baked Parmesan Chips,American,101.35,9.13,73.23,2022-10-16,18:02:45,11.10076670317634,0.1246756793663799
Keto,Keto Mediterranean Chicken Skillet,Mediterranean,167.51,78.39,150.47,2022-10-16,18:02:51,2.136879704043883,0.5209676347444674
Keto,Keto Shrimp Stir-Fry,Chinese,99.02,38.73,21.15,2022-10-16,18:02:51,2.5566744126000516,1.8312056737588651
Keto,Keto Chicken and Rice Casserole,Italian,154.43,60.76,219.59,2022-10-16,18:02:51,2.5416392363396976,0.2766974816703857
Keto,Keto Blueberry Coconut Crumble Recipe,American,15.78,49.78,98.32,2022-10-16,18:02:51,0.31699477701888307,0.506305939788446
Keto,Keto Roti John recipes,American,165.21,72.4,275.59,2022-10-16,18:02:51,2.2819060773480664,0.2627090968467652
Keto,Low-Carb Keto Moscow Mule,World,0.25,36.46,0.06,2022-10-16,18:02:51,0.006856829402084476,607.6666666666667
Keto,Quick keto chips and dip,American,5.11,2.04,14.36,2022-10-16,18:02:51,2.5049019607843137,0.14206128133704737
Keto,5 Minute Keto Pizza recipes,Italian,29.07,23.2,33.98,2022-10-16,18:02:51,1.2530172413793104,0.6827545615067687
Keto,Keto Bacon Cheeseburger Casserole,Italian,342.16,63.19,560.81,2022-10-16,18:02:51,5.414780819749961,0.11267630748381806
Keto,Keto Cinnamon Donut Holes Recipe,American,33.05,84.74,115.99,2022-10-16,18:02:51,0.3900165211234364,0.7305802224329684
Keto,Rebekah's Keto Egg Casserole,American,159.45,18.8,249.64,2022-10-16,18:02:51,8.481382978723403,0.07530844415958982
Keto,Keto Salmon and Zucchini Noodles,Nordic,102.67,29.96,81.16,2022-10-16,18:02:51,3.426902536715621,0.3691473632331198
Keto,Vegan Keto Lemon Fat Bombs,American,6.06,24.7,109.39,2022-10-16,18:02:51,0.24534412955465587,0.22579760489989945
Keto,Keto Jalapeno Popper Chicken Casserole,Mexican,291.41,18.1,326.85,2022-10-16,18:02:51,16.1,0.055377084289429404
Keto,Keto Chicken Mushroom Casserole Recipe,American,268.91,35.22,314.52,2022-10-16,18:02:51,7.635150482680296,0.11198016024418161
Keto,Steak with Keto Mushroom Stroganoff,Eastern Europe,28.67,10.15,49.72,2022-10-16,18:02:51,2.824630541871921,0.20414320193081256
Keto,Keto Jalapeño Cheese Crisps Recipe,South American,49.55,7.42,42.87,2022-10-16,18:02:51,6.677897574123989,0.17308140891066015
Keto,Chocolate-Peanut Butter Keto Cups,American,37.23,43.07,310.17,2022-10-16,18:02:58,0.8644067796610169,0.13885933520327562
Keto,Keto Quick Asparagus Sauté Recipe,Mediterranean,5.72,10.5,41.42,2022-10-16,18:02:58,0.5447619047619048,0.2535007242877837
Keto,Magic Low-Carb Keto Gnocchi,Italian,56.2,7.18,60.85,2022-10-16,18:02:58,7.827298050139277,0.11799506984387838
Keto,Creamy Keto Chicken-Poblano Soup,American,145.33,34.3,206.91,2022-10-16,18:02:58,4.237026239067056,0.1657725581170557
Keto,"Jambalaya Kabobs | Keto, Paleo",American,199.3,53.04,179.69,2022-10-16,18:02:58,3.757541478129714,0.29517502365184484
Keto,Keto Broccoli and Cheese Cauliflower,British,29.75,46.64,113.48,2022-10-16,18:02:58,0.6378644939965694,0.41099753260486427
Keto,Sara Louise's Keto Matboucha,Italian,26.61,124.82,115.33,2022-10-16,18:02:58,0.21318698926454094,1.0822856151911904
Keto,Keto Low Carb Ice Cream,American,4.86,24.12,77.37,2022-10-16,18:02:58,0.20149253731343283,0.3117487398216363
Keto,Kat's Keto Turkey Meatballs,American,211.39,16.03,181.52,2022-10-16,18:02:58,13.187149095446037,0.0883098281181137
Keto,Keto Beef Goulash Recipe,Mediterranean,101.36,22.52,112.77,2022-10-16,18:02:58,4.50088809946714,0.19969850137447903
Keto,Keto Brussels Sprouts with Bacon,Central Europe,74.47,91.38,104.66,2022-10-16,18:02:58,0.8149485664259138,0.8731129371297535
Keto,Keto Cheeseburger Casserole with Bacon,Italian,351.06,56.31,598.18,2022-10-16,18:02:58,6.2344166222695785,0.09413554448493766
Keto,Keto Chicken Korma Recipe,South East Asian,79.81,33.57,157.25,2022-10-16,18:02:58,2.3774203157581173,0.21348171701112878
Keto,Low-carb keto-friendly pizza,Italian,68.94,22.73,85.55,2022-10-16,18:02:58,3.032996040475143,0.2656925774400935
Keto,Baked Brie with a Keto Crust,French,187.02,31.84,254.44,2022-10-16,18:02:58,5.873743718592965,0.125137556987895
Keto,Keto Air Fryer Jalapeno Poppers,Mexican,35.33,16.34,142.17,2022-10-16,18:02:58,2.162178702570379,0.11493282689737638
Keto,Keto Cream Cheese Ranch Dip,American,25.21,49.16,125.24,2022-10-16,18:03:05,0.5128152969894223,0.39252634940913445
Keto,Keto Spinach Stuffed Chicken recipes,Italian,230.26,4.42,149.39,2022-10-16,18:03:05,52.095022624434385,0.029586987080795237
Keto,Keto Cauliflower Mac and Cheese,American,64.54,53.42,145.33,2022-10-16,18:03:05,1.2081617371770874,0.3675772380100461
Keto,Keto Herb and Cheese Spread,American,25.13,13.4,176.96,2022-10-16,18:03:05,1.8753731343283582,0.07572332730560578
Keto,LCHF CHOCOLATE WALNUT KETO FUDGE,American,22.07,74.13,169.99,2022-10-16,18:03:05,0.29772022123296915,0.43608447555738566
Keto,Cheesy Broccoli Fritters,Japanese,67.87,64.91,170.29,2022-10-16,18:03:05,1.0456016022184564,0.3811732926184744
Keto,Keto Strawberry Cheesecake Mousse recipes,French,20.47,38.07,174.0,2022-10-16,18:03:05,0.5376937220908852,0.21879310344827588
Keto,No-Churn Keto Ice Cream,Italian,4.9,9.47,88.06,2022-10-16,18:03:05,0.5174234424498416,0.10754031342266637
Keto,Smoked Keto Armadillo Eggs Recipe,American,104.37,15.8,189.76,2022-10-16,18:03:05,6.605696202531646,0.08326306913996628
Keto,Keto Broccoli Cheese Soup,American,131.61,76.43,253.19,2022-10-16,18:03:05,1.7219678136857255,0.3018681622496939
Keto,Keto Friendly Creamsicle Melts Recipe,American,11.33,34.71,176.13,2022-10-16,18:03:05,0.3264188994526073,0.19707034576733096
Keto,PERFECT KETO CAULIFLOWER PIZZA CRUST,Italian,34.9,46.14,19.99,2022-10-16,18:03:05,0.7563935847420893,2.3081540770385196
Keto,Keto Chicken Lo Mein,Chinese,180.51,300.53,90.16,2022-10-16,18:03:05,0.6006388713273217,3.33329636202307
Keto,Keto Shepherd’s Pie recipes,British,175.49,158.54,327.6,2022-10-16,18:03:05,1.106913081872083,0.4839438339438339
Keto,Keto Fish Pie recipes,American,239.73,47.73,293.85,2022-10-16,18:03:05,5.022627278441232,0.16242981112812657
Keto,Best Low-Carb Keto Meatballs,American,135.58,26.91,162.06,2022-10-16,18:03:05,5.038275733927908,0.1660496112550907
Keto,"Keto-Friendly, Low-Carb Bagels",American,193.85,54.39,272.94,2022-10-16,18:03:05,3.5640742783599926,0.19927456583864586
Keto,Low Carb Keto Tasty Buns,British,37.74,12.79,65.04,2022-10-16,18:03:11,2.950742767787334,0.1966482164821648
Keto,Keto creamy chicken bacon chowder,American,94.9,41.56,295.74,2022-10-16,18:03:11,2.2834456207892204,0.14052884290254955
Keto,"Chicken Alfredo Bake Recipe {Paleo, Clean Eating, Gluten-Free, Dairy-Free, Whole30} recipes",Italian,134.66,68.36,106.66,2022-10-16,18:03:11,1.9698654183733177,0.6409150571910744
Keto,"Low Carb Keto ""Cornbread"" recipes",American,39.46,26.2,99.89,2022-10-16,18:03:11,1.5061068702290077,0.262288517369106
Keto,Keto Chocolate Coffee Fat Bombs,French,26.07,49.77,193.61,2022-10-16,18:03:11,0.5238095238095238,0.25706316822478176
Keto,Keto bomb chocolate coconut mousse,American,18.23,28.04,268.99,2022-10-16,18:03:11,0.6501426533523538,0.1042417933752184
Keto,Keto Avocado Cheese Dip recipes,American,106.87,66.56,314.87,2022-10-16,18:03:11,1.6056189903846154,0.2113888271350081
Keto,Keto Parmesan Crusted Pork Chops,Mediterranean,225.74,8.9,132.4,2022-10-16,18:03:11,25.364044943820225,0.06722054380664652
Keto,Keto Roasted Eggplant Dip Recipe,Mediterranean,11.49,52.78,16.39,2022-10-16,18:03:11,0.21769609700644182,3.2202562538133006
Keto,Keto Bacon Wrapped Chicken Tenders,American,329.65,278.16,424.63,2022-10-16,18:03:11,1.1851092896174862,0.6550644090149071
Keto,Keto -- Baked Mockaroni and Cheese,American,99.24,71.58,167.66,2022-10-16,18:03:11,1.3864207879295893,0.42693546463080045
Keto,Keto Air Fryer Breaded Cod,American,495.0,68.41,532.07,2022-10-16,18:03:11,7.235784242069873,0.12857330802338035
Keto,Keto Mini Pecan Pies Recipe,American,33.17,97.26,163.76,2022-10-16,18:03:11,0.3410446226609089,0.5939179286761115
Keto,Keto Lemon Coconut Fat Bombs,French,2.81,11.79,27.11,2022-10-16,18:03:11,0.23833757421543683,0.43489487274068606
Keto,Chocolate Peanut Butter Keto Cups,American,35.53,70.55,199.04,2022-10-16,18:03:11,0.5036144578313253,0.3544513665594855
Keto,Salt N Vinegar Keto Crackers,British,59.54,54.14,127.7,2022-10-16,18:03:11,1.0997414111562616,0.4239624119028974
Keto,Keto Bacon Ranch Stuffed Burger,American,122.45,90.56,196.66,2022-10-16,18:03:11,1.35214222614841,0.4604901861080037
Keto,Keto Beef Egg Roll Slaw,Chinese,127.9,81.03,203.37,2022-10-16,18:03:18,1.5784277428113045,0.3984363475438855
Keto,Chocolate Keto Fat Bomb Recipe,French,74.16,115.69,362.29,2022-10-16,18:03:18,0.641023424669375,0.3193298186535648
Keto,Mascarpone Cream Mousse Dessert (Keto),American,20.87,62.84,152.53,2022-10-16,18:03:18,0.33211330362826225,0.4119845276339081
Keto,Keto Peppered Maple Pecan Bacon,American,24.04,19.32,84.41,2022-10-16,18:03:18,1.2443064182194616,0.22888283378746596
Keto,Keto - friendly Chocolate Mousse recipes,British,13.19,44.96,47.03,2022-10-16,18:03:18,0.2933718861209964,0.9559855411439506
Keto,Keto Sheet Pan Chicken Dinner,American,107.78,115.14,183.07,2022-10-16,18:03:18,0.9360778183081466,0.6289397498224724
Keto,Keto Blinis with Smoked Salmon,Nordic,61.62,19.13,105.27,2022-10-16,18:03:18,3.221118661787768,0.18172318799278048
Keto,Keto Buffalo Blue Cheese Dressing,American,37.37,10.81,166.95,2022-10-16,18:03:18,3.4569842738205363,0.06474992512728363
Keto,Keto Blueberry Pancake Mug Cake,American,7.93,16.14,10.0,2022-10-16,18:03:18,0.4913258983890954,1.614
Keto,Spicy Jalapeno Keto Chicken Wings,South American,321.4,13.94,240.3,2022-10-16,18:03:18,23.055954088952653,0.05801081980857261
Keto,Easy Keto Tortilla Chips Recipe,American,64.23,22.42,94.97,2022-10-16,18:03:18,2.8648528099910795,0.23607454985784987
Keto,Keto Jalapeno Popper Stuffed Chicken,French,285.85,15.56,110.2,2022-10-16,18:03:18,18.37082262210797,0.1411978221415608
Keto,Parmesan Garlic Keto-Friendly Zoodles,Italian,18.18,24.5,63.28,2022-10-16,18:03:25,0.7420408163265306,0.38716814159292035
Keto,Easy Keto Taco Stuffed Avocados,Mexican,30.46,25.5,68.29,2022-10-16,18:03:25,1.1945098039215687,0.37340752672426414
Keto,Keto Greek Meatballs Salad Recipe,Mediterranean,77.56,16.24,160.84,2022-10-16,18:03:25,4.775862068965518,0.10096990798308877
Keto,Low-Carb Broccoli Cheese Quiche,French,70.98,140.69,143.36,2022-10-16,18:03:25,0.5045134693297321,0.9813755580357142
Keto,Piña Colada Keto Fat Bombs,French,2.8,11.76,27.12,2022-10-16,18:03:25,0.23809523809523808,0.43362831858407075
Keto,Megan R keto dinner rolls,American,230.69,115.28,310.3,2022-10-16,18:03:25,2.001127689104788,0.37151144054141155
Keto,Keto Parmesan-Breaded Eggplant Pizzas,Italian,221.16,147.15,286.38,2022-10-16,18:03:25,1.5029561671763505,0.5138277812696418
Keto,"Whole30 Pickled Onions (Keto, Paleo)",American,0.82,6.86,13.57,2022-10-16,18:03:25,0.11953352769679298,0.505526897568165
Keto,Keto Jalapeno Popper Fat Bomb,French,16.42,6.92,63.74,2022-10-16,18:03:25,2.3728323699421967,0.10856604957640413
Keto,90-Second Keto Bread in a Mug,British,13.88,7.98,34.26,2022-10-16,18:03:25,1.7393483709273183,0.23292469352014014
Keto,Keto Spaghetti Squash Lasagna Boats,Italian,274.34,196.1,288.84,2022-10-16,18:03:25,1.3989801121876593,0.6789225868993215
Keto,Keto Chia Pudding with Almond & Cinnamon,British,11.77,19.94,27.13,2022-10-16,18:03:25,0.5902708124373118,0.7349797272392187
Keto,Keto Stuffed Pork Chops recipes,American,96.92,11.06,53.21,2022-10-16,18:03:25,8.763110307414104,0.2078556662281526
Keto,Jaynee's Keto Cinnamon Roll,French,13.05,18.22,80.12,2022-10-16,18:03:32,0.7162458836443469,0.22740888666999498
Keto,Keto Chicken Thigh Roll-Ups,South East Asian,187.56,15.53,305.48,2022-10-16,18:03:32,12.07726980038635,0.05083802540264501
Keto,Keto Egg Fast Fettuccini Alfredo,British,17.68,3.61,41.52,2022-10-16,18:03:32,4.8975069252077565,0.0869460500963391
Keto,Keto Egg Fast Snickerdoodle Crepes,French,41.95,23.76,124.21,2022-10-16,18:03:32,1.7655723905723906,0.19128894613960232
Keto,Keto Blackberry Cheese Danish Turnovers,Nordic,41.74,11.73,72.34,2022-10-16,18:03:32,3.558397271952259,0.16215095382914016
Keto,Keto Tortillas with Ground Beef,Mexican,78.03,46.62,102.81,2022-10-16,18:03:32,1.6737451737451738,0.45345783484096874
Keto,Keto Lemon Butter White Fish,French,51.91,5.85,62.58,2022-10-16,18:03:32,8.873504273504274,0.0934803451581975
Keto,Best Keto Tuna Salad recipes,American,46.47,3.3,43.75,2022-10-16,18:03:32,14.081818181818182,0.07542857142857143
Keto,Keto Oven-Baked Brie Cheese,American,58.49,10.98,125.08,2022-10-16,18:03:32,5.32695810564663,0.087783818356252
Keto,Keto Sausage Balls - Low Carb,British,304.46,54.52,466.5,2022-10-16,18:03:32,5.584372707263389,0.11687031082529475
Keto,Easy Cheesy Keto Cabbage Casserole,Middle Eastern,190.65,9.21,293.37,2022-10-16,18:03:32,20.70032573289902,0.031393803047346354
Keto,Keto Coconut Chip Ice Cream,American,38.64,154.5,289.88,2022-10-16,18:03:32,0.2500970873786408,0.5329791637919139
Keto,Low-carb keto pizza dough,Italian,50.46,15.03,72.79,2022-10-16,18:03:32,3.357285429141717,0.20648440719879102
Keto,4-Ingredient Keto Chicken Curry Recipe,Indian,93.24,29.98,147.63,2022-10-16,18:03:32,3.1100733822548365,0.20307525570683466
Keto,Easy Keto Sandwich Bread Recipe,American,214.17,74.98,142.91,2022-10-16,18:03:32,2.856361696452387,0.5246658736267581
Keto,Keto Sticky Balsamic Pork Belly,Chinese,98.0,35.4,555.44,2022-10-16,18:03:39,2.768361581920904,0.0637332565173556
Keto,Kale-Coconut Dry Curry {keto},Indian,9.04,31.16,20.59,2022-10-16,18:03:39,0.2901155327342747,1.5133559980573095
Keto,Keto Cream Cheese Egg Cups,American,98.93,29.64,161.75,2022-10-16,18:03:39,3.3377192982456143,0.18324574961360124
Keto,Keto Bacon Green Beans Recipe,British,28.17,19.94,111.09,2022-10-16,18:03:39,1.4127382146439318,0.17949410387973716
Keto,Keto Low Carb Cauliflower Pizza,Italian,65.08,20.28,43.97,2022-10-16,18:03:39,3.2090729783037473,0.4612235615192177
Keto,Easy Keto Creamed Spinach recipes,French,23.94,17.19,42.22,2022-10-16,18:03:39,1.3926701570680629,0.4071530080530555
Keto,Strawberry Shortcake Keto Fat Bombs,British,25.28,47.81,73.61,2022-10-16,18:03:39,0.5287596737084292,0.6495041434587693
Keto,Crispy Baked Keto Chicken Wings,American,242.23,52.28,156.28,2022-10-16,18:03:39,4.633320581484315,0.33452777066803174
Keto,Buffalo Keto Chicken Tenders recipes,American,135.48,91.72,140.91,2022-10-16,18:03:39,1.4771042302660269,0.6509119296004542
Keto,Keto Shrimp and Grits Recipe,Japanese,77.27,41.96,198.3,2022-10-16,18:03:39,1.8415157292659674,0.21159858799798284
Keto,Keto Apple Pork Chops recipes,American,254.91,15.11,245.28,2022-10-16,18:03:39,16.87028457974851,0.0616030658838878
Keto,Keto Friendly Chocolate Mug Cake,American,99.51,26.02,26.45,2022-10-16,18:03:39,3.824365872405842,0.9837429111531191
Keto,Keto Saganaki Greek Fried Cheese,Mediterranean,31.71,17.88,81.43,2022-10-16,18:03:39,1.7734899328859062,0.21957509517376886
Keto,Peanut Butter Fat Bombs (Keto),French,29.14,29.87,166.79,2022-10-16,18:03:39,0.9755607633076665,0.17908747526830146
Keto,Keto-Friendly Grilled Stuffed Chicken,British,306.25,29.48,221.42,2022-10-16,18:03:39,10.388398914518318,0.1331406377021046
Keto,Keto Low Carb Microwave Cheesecake,American,10.29,4.86,35.27,2022-10-16,18:03:45,2.1172839506172836,0.13779415934221717
Keto,Keto Avocado Tuna Melt Bites,American,81.32,28.45,214.0,2022-10-16,18:03:45,2.858347978910369,0.13294392523364484
Keto,Beef Back Ribs Keto Style,American,185.8,31.24,316.87,2022-10-16,18:03:45,5.947503201024328,0.09858932685328367
Keto,Keto Crockpot Beef Stroganoff Recipe,Eastern Europe,201.35,45.1,158.06,2022-10-16,18:03:45,4.464523281596452,0.2853346830317601
Keto,Keto Grilled Cheese Sandwich recipes,American,29.69,31.72,70.23,2022-10-16,18:03:45,0.9360025220680959,0.45165883525558875
Keto,Keto Mixed Berry Crumble Pots,American,21.58,89.0,106.92,2022-10-16,18:03:45,0.24247191011235952,0.8323980546202768
Keto,Chicken Parmesan Casserole - Low Carb &,Italian,193.22,72.22,121.77,2022-10-16,18:03:45,2.6754361672666853,0.5930853247926419
Keto,Easy Keto Dijon Chicken Thighs,French,133.93,16.49,166.39,2022-10-16,18:03:45,8.12189205579139,0.09910451349239738
Keto,Keto Creamy Spinach Egg Casserole,Italian,32.89,19.54,68.87,2022-10-16,18:03:45,1.6832139201637668,0.2837229562944678
Keto,Keto Pepperoni Pizza Cauliflower Casserole,Italian,60.43,28.29,89.31,2022-10-16,18:03:45,2.136090491339696,0.316761840779308
Keto,low carb keto stuffed eggs,Italian,69.15,5.93,102.39,2022-10-16,18:03:45,11.661045531197303,0.05791581209102451
Keto,Begedil Keto Potato Patties recipes,Eastern Europe,20.34,28.74,70.27,2022-10-16,18:03:45,0.7077244258872651,0.4089938807456952
Keto,Keto Three Cheese Bacon Asparagus,American,43.03,26.12,95.54,2022-10-16,18:03:45,1.6473966309341501,0.2733933431023655
Keto,Keto Root Beer Float Pops,American,3.66,41.93,66.05,2022-10-16,18:03:52,0.08728833770569998,0.6348221044663134
Keto,Paleo Breakfast Burger (Whole30 + Keto),Nordic,125.93,35.2,153.02,2022-10-16,18:03:52,3.5775568181818183,0.23003528950463992
Keto,"Avocado Yogurt Dip {Vegetarian, Keto}",American,16.35,34.24,42.04,2022-10-16,18:03:52,0.4775116822429907,0.8144624167459563
Keto,Chive Horseradish Keto Cauliflower Mash,British,47.24,58.15,79.34,2022-10-16,18:03:52,0.8123817712811694,0.7329216032266196
Keto,White Chocolate Keto Truffles recipes,American,3.17,203.58,226.54,2022-10-16,18:03:52,0.015571274191963845,0.8986492451664166
Keto,Keto Cheesy Spinach and Egg Casserole,Italian,120.23,23.36,100.03,2022-10-16,18:03:52,5.146832191780822,0.23352994101769467
Keto,Coconut Flour Keto Donut Holes,American,12.73,60.53,81.62,2022-10-16,18:03:52,0.21030893771683462,0.741607449154619
Keto,Keto Chicken Cauliflower Fried Rice,Chinese,77.71,41.36,94.03,2022-10-16,18:03:52,1.8788684719535782,0.4398596192704456
Keto,Low Carb Snickerdoodles - Keto & Glute,British,51.2,47.26,204.0,2022-10-16,18:03:52,1.0833685992382565,0.23166666666666666
Keto,"Bacon Wrapped Asparagus, Keto Style",American,40.04,31.92,146.48,2022-10-16,18:03:52,1.2543859649122806,0.21791370835608959
Keto,Keto White Pizza Frittata recipes,Italian,160.92,26.9,194.95,2022-10-16,18:03:52,5.982156133828996,0.1379840984867915
Keto,Slow Cooker Keto Barbecue Meatloaf,Central Europe,261.46,139.57,317.04,2022-10-16,18:03:52,1.8733252131546894,0.44022836235175367
Keto,"Whole30 Cajun Seasoning (Keto, Paleo)",American,5.7,29.08,2.76,2022-10-16,18:03:52,0.19601100412654748,10.53623188405797
Keto,Keto “Apple” Cheesecake Danish recipes,Nordic,6.68,26.71,55.25,2022-10-16,18:03:52,0.25009359790340696,0.48343891402714934
Keto,Keto Pesto-stuffed Chicken Thighs,Italian,145.34,20.19,197.97,2022-10-16,18:03:59,7.1986131748390285,0.10198514926504017
Keto,Keto & Paleo Condensed Milk recipes,American,18.87,93.73,180.8,2022-10-16,18:03:59,0.20132294889576444,0.5184181415929203
Keto,Hot Melt (keto-approved) Spaghetti,Italian,75.0,47.1,158.3,2022-10-16,18:03:59,1.592356687898089,0.29753632343651293
Keto,Keto SOUTHERN BACON-FRIED CABBAGE,American,40.66,94.41,70.56,2022-10-16,18:03:59,0.4306747166613706,1.3380102040816326
Keto,Megan R Buffalo chicken keto,American,181.29,29.17,287.05,2022-10-16,18:03:59,6.214946863215632,0.10161992684201358
Keto,Easy Keto Pumpkin Bread recipes,American,67.87,199.54,220.58,2022-10-16,18:03:59,0.3401323042998898,0.9046151056306101
Keto,Keto Blueberry Cheesecake Squares recipes,American,40.07,56.05,215.87,2022-10-16,18:03:59,0.7148974130240857,0.25964700977440125
Keto,Keto Rosemary Dill Salmon recipes,Nordic,515.92,6.24,160.09,2022-10-16,18:03:59,82.67948717948717,0.03897807483290649
Keto,Stuffed portobello Caps Keto style,Italian,145.9,45.31,127.07,2022-10-16,18:03:59,3.2200397263297287,0.35657511607775244
Keto,Keto Lemon Meringue Custard recipes,French,21.21,236.78,141.58,2022-10-16,18:03:59,0.08957682236675395,1.672411357536375
Keto,"Korean Ground Beef | Keto, Paleo",French,85.32,11.64,112.27,2022-10-16,18:03:59,7.329896907216494,0.10367863186960008
Keto,Fathead Keto Gnocchi - Low Carb,Italian,172.39,57.04,341.32,2022-10-16,18:03:59,3.02226507713885,0.16711590296495957
Keto,Keto Crockpot Clam Chowder recipes,American,254.11,99.29,343.88,2022-10-16,18:03:59,2.5592708228421794,0.2887344422472956
Keto,Keto Buffalo Chicken Soup Recipe,American,106.16,49.65,125.53,2022-10-16,18:04:06,2.1381671701913394,0.39552298255397117
Keto,Creamy Keto Tuscan Soup Recipe,Italian,108.42,64.15,279.58,2022-10-16,18:04:06,1.6901013250194854,0.22945131983689823
Keto,Keto Turkey Meatballs with Pesto,American,96.36,32.12,111.46,2022-10-16,18:04:06,3.0,0.28817513009151263
Keto,Keto Lemon Mug Cake Recipe,American,23.08,38.12,28.75,2022-10-16,18:04:06,0.6054564533053515,1.3259130434782609
Keto,Keto No-Churn Strawberry Ice Cream,Italian,5.24,13.36,88.21,2022-10-16,18:04:06,0.3922155688622755,0.15145675093526811
Keto,Easy Keto Chicken Verde Enchiladas,Mexican,167.63,18.64,93.98,2022-10-16,18:04:06,8.993025751072961,0.19834007235582038
Keto,Roast Pumpkin & Feta - Keto Salad,Mediterranean,35.51,55.26,94.81,2022-10-16,18:04:06,0.6425986246833152,0.5828499103470097
Keto,KETO SPICY CHIPOTLE DEVILED EGGS,Mexican,38.98,7.45,80.07,2022-10-16,18:04:06,5.232214765100671,0.0930435868614962
Keto,Pesto Keto Chicken Stuffed Peppers,Italian,146.22,58.28,151.35,2022-10-16,18:04:06,2.5089224433768016,0.3850677238189627
Keto,Keto Shrimp Cauliflower Fried Rice,Chinese,61.29,43.43,75.34,2022-10-16,18:04:06,1.4112364724844577,0.5764534112025484
Keto,Keto-Friendly Soft Tacos — Steemit,Mexican,87.04,24.12,123.81,2022-10-16,18:04:06,3.6086235489220564,0.19481463532832566
Keto,Keto Italian Chicken Salad recipes,Italian,315.23,34.66,147.1,2022-10-16,18:04:06,9.094922100403926,0.2356220258327668
Keto,Keto-Approved Ranch Dressing recipes,American,12.98,10.19,207.76,2022-10-16,18:04:12,1.2737978410206086,0.04904697728147863
Keto,Keto Broccoli Cheese Soup Recipe,American,138.32,59.75,342.99,2022-10-16,18:04:12,2.314979079497908,0.17420332954313536
Keto,Philly Cheesesteak Keto Roll recipes,American,46.48,11.73,60.67,2022-10-16,18:04:12,3.962489343563512,0.1933410252183946
Keto,Keto Chocolate Almond Fudge Slices,French,120.91,573.8,494.62,2022-10-16,18:04:12,0.21071802021610317,1.1600824875662124
Keto,Keto turkey egg roll casserole,American,225.51,115.2,60.91,2022-10-16,18:04:12,1.9575520833333333,1.8913150549991793
Keto,Keto Chocolate Toast Crunch Cereal,French,54.78,110.72,192.3,2022-10-16,18:04:12,0.49476156069364163,0.5757670306812273
Keto,10 Minute Keto Country Gravy recipes,British,22.82,10.92,139.25,2022-10-16,18:04:12,2.08974358974359,0.07842010771992819
Keto,Keto Mini Pepper Pizza Cups,Italian,65.96,38.66,73.02,2022-10-16,18:04:12,1.7061562338334195,0.5294439879485072
Keto,Keto Paleo Tuna Taquitos Recipe,Mexican,46.45,79.45,75.1,2022-10-16,18:04:12,0.5846444304594084,1.0579227696404794
Keto,Best Keto Cabbage Salad Recipe,Middle Eastern,80.7,32.89,123.75,2022-10-16,18:04:12,2.4536333231985408,0.2657777777777778
Keto,Air Fryer Keto Pork Chops,Mexican,176.8,10.24,92.62,2022-10-16,18:04:12,17.265625,0.1105592744547614
Keto,Keto Cilantro Lime Cauliflower Rice,Mediterranean,14.02,39.98,29.53,2022-10-16,18:04:12,0.3506753376688344,1.3538774128005417
Keto,Sara Louise's Keto Roasted Endives,Nordic,4.79,22.28,108.66,2022-10-16,18:04:12,0.21499102333931777,0.20504325418737349
Keto,Keto Instant Pot Pulled Chicken,French,86.97,9.53,110.61,2022-10-16,18:04:12,9.12591815320042,0.0861585751740349
Keto,Keto Chicken Thighs with Creamed Spinach,American,273.02,47.05,450.31,2022-10-16,18:04:12,5.802763018065887,0.10448357797961404
Keto,Keto Chicken Pesto Cauliflower Casserole,Italian,168.26,44.33,138.35,2022-10-16,18:04:19,3.795623731107602,0.3204192265992049
Keto,Low Carb Keto Hamburger Buns,American,49.44,135.19,60.36,2022-10-16,18:04:19,0.36570752274576523,2.2397282968853545
Keto,Keto Neapolitan Ice-Cream recipes,American,30.88,46.4,127.99,2022-10-16,18:04:19,0.6655172413793103,0.3625283225251973
Keto,"Chunky Guacamole (Paleo, Whole30 + Keto)",Mexican,21.59,103.56,118.8,2022-10-16,18:04:19,0.20847817690227888,0.8717171717171718
Keto,Cheese Wafers {Keto/Low Carb,American,83.66,58.74,285.17,2022-10-16,18:04:19,1.424242424242424,0.20598239646526634
Keto,Keto Sheet Pan Steak Fajitas,Mexican,155.71,37.09,176.53,2022-10-16,18:04:19,4.198166621730925,0.21010593100322894
Keto,Keto Parmesan Crisps with Tomato Slices,American,36.24,5.41,25.98,2022-10-16,18:04:19,6.6987060998151575,0.2082371054657429
Keto,Keto Diet Sloppy Joe Recipe,French,79.29,120.71,91.06,2022-10-16,18:04:19,0.6568635572860576,1.3256094882495058
Keto,Keto Crustless Mushroom Spinach Pie,Italian,109.02,41.52,108.35,2022-10-16,18:04:19,2.625722543352601,0.38320258421781267
Keto,Keto Faux French Onion Dip Recipe,American,2.05,12.68,89.18,2022-10-16,18:04:19,0.16167192429022081,0.1421843462659789
Keto,Keto Chicken Enchiladas - White Version,Central Europe,420.57,63.04,240.6,2022-10-16,18:04:19,6.6714784263959395,0.2620116375727348
Keto,Keto Creamy Chicken and Vegetable Bake,Mexican,262.5,116.17,319.91,2022-10-16,18:04:19,2.2596195231126797,0.3631333812634803
Keto,Crockpot Keto Buffalo Chicken Soup,American,52.28,29.91,124.92,2022-10-16,18:04:19,1.7479103978602475,0.23943323727185398
Keto,Easy Keto Spinach Cheese Manicotti,Italian,199.82,51.36,148.43,2022-10-16,18:04:19,3.890576323987539,0.34602169372768304
Keto,Easy Keto Curry Chicken Recipe,South East Asian,273.63,62.25,136.67,2022-10-16,18:04:19,4.39566265060241,0.45547669569034904
Keto,Keto Chicken Skewers with Rustic Vegetables,Mediterranean,132.42,21.87,69.28,2022-10-16,18:04:19,6.054869684499313,0.315675519630485
Keto,5 Minute Keto Raspberry Vinaigrette recipes,French,0.74,9.21,108.4,2022-10-16,18:04:26,0.08034744842562432,0.08496309963099631
Keto,Keto Chicken Cordon Bleu Recipe,French,266.86,50.52,323.19,2022-10-16,18:04:26,5.282264449722882,0.1563167177202265
Keto,Vivica's Keto Roast Chicken recipes,American,224.0,4.69,181.41,2022-10-16,18:04:26,47.76119402985074,0.025853040074968307
Keto,Deep Dish Skillet Keto Pizza,Italian,85.1,38.27,146.3,2022-10-16,18:04:26,2.22367389600209,0.2615857826384142
Keto,Keto-Friendly Low-Carb Bread,American,45.87,32.41,102.19,2022-10-16,18:04:26,1.4153039185436593,0.31715432038359914
Keto,Ultra Moist Keto Blackberry Muffins,American,82.78,137.32,228.07,2022-10-16,18:04:26,0.6028255170404894,0.6020958477660368
Keto,Keto Hot Chili Soup recipes,American,106.42,61.05,175.46,2022-10-16,18:04:26,1.7431613431613433,0.3479425510087769
Keto,Keto Egg Fried Rice recipes,Chinese,48.45,52.66,88.21,2022-10-16,18:04:26,0.9200531712875049,0.5969844688810793
Keto,Keto Mini Pepperoni Guacamole Bites,Mexican,50.7,47.63,122.37,2022-10-16,18:04:26,1.0644551753096787,0.38922938628748877
Keto,Keto Taco Stuffed Mini Peppers,American,64.53,66.96,87.66,2022-10-16,18:04:26,0.963709677419355,0.7638603696098563
Keto,KETO BEEF BRISKET Slow Cooker,French,335.26,33.16,444.27,2022-10-16,18:04:26,10.11037394451146,0.07463929592365003
Keto,Parmesan-Garlic Keto Chicken Wings,American,492.67,12.78,404.5,2022-10-16,18:04:26,38.55007824726135,0.03159456118665018
Keto,Sara Louise's Keto Israeli Salad,Middle Eastern,7.1,42.83,41.67,2022-10-16,18:04:26,0.16577165538174177,1.0278377729781616
Keto,Keto Fat Bombs with Cacao and Cashew,Italian,90.86,130.47,428.13,2022-10-16,18:04:26,0.69640530390128,0.30474388620278886
Keto,Roasted Butternut Squash Apple Soup,American,15.46,144.09,64.19,2022-10-16,18:04:33,0.10729405232840586,2.2447421716778315
Keto,Strawberry Cheesecake Fat Bombs *Keto*,American,15.29,37.36,97.5,2022-10-16,18:04:33,0.4092612419700214,0.3831794871794872
Keto,Keto Broccoli Cheddar Biscuits recipes,American,90.25,53.71,192.45,2022-10-16,18:04:33,1.680320238316887,0.2790854767472071
Keto,Keto Chicken Cordon Bleu Casserole,French,136.74,18.57,195.65,2022-10-16,18:04:33,7.363489499192246,0.09491438793764376
Keto,Crispy Keto Cauliflower Cakes recipes,American,55.65,41.77,99.24,2022-10-16,18:04:33,1.332295906152741,0.42089883111648535
Keto,EZ Truckers Chili (Keto Style),American,112.74,71.89,24.19,2022-10-16,18:04:33,1.568229239115315,2.971889210417528
Keto,Keto Cheesy Steak Zucchini Boats,Mediterranean,77.03,27.55,85.24,2022-10-16,18:04:33,2.7960072595281305,0.32320506804317223
Keto,Keto Zucchini Rollatini - Low Carb,Italian,190.8,64.39,216.6,2022-10-16,18:04:33,2.963193042397888,0.29727608494921515
Keto,Keto Thai Red Curry Paste,South East Asian,8.29,44.37,63.96,2022-10-16,18:04:33,0.18683795357223348,0.6937148217636022
Keto,"Keto Cauliflower, Eggs, and Bacon Salad",American,56.73,63.32,143.25,2022-10-16,18:04:33,0.895925457991156,0.4420244328097731
Keto,Tasty and Easy Keto Dinner Rolls,American,251.34,85.55,419.16,2022-10-16,18:04:33,2.9379310344827587,0.20409867353755126
Keto,Spicy Keto Chicken-and-Cheese Casserole,South American,180.55,33.49,130.18,2022-10-16,18:04:33,5.391161540758436,0.2572591795974804
Keto,Keto Meal Prep Breakfast Bombs,French,147.45,52.42,281.67,2022-10-16,18:04:39,2.8128576879053795,0.18610430645791173
Keto,Keto Mulled Berry Chia Parfaits,French,22.78,76.66,101.11,2022-10-16,18:04:39,0.2971562744586486,0.7581841558698447
Keto,Texas Style Keto Venison Chili,American,213.89,91.92,69.02,2022-10-16,18:04:39,2.3269147084421236,1.3317878875688207
Keto,Sara Louise's Keto Asparagus Soup,French,78.66,121.92,79.18,2022-10-16,18:04:39,0.6451771653543307,1.539782773427633
Keto,Keto Bacon Cauliflower Mac and Cheese,American,113.43,42.36,361.84,2022-10-16,18:04:39,2.677762039660057,0.11706831748839266
Keto,Sara Louise's Keto Falafel Balls,Middle Eastern,35.71,29.64,53.59,2022-10-16,18:04:39,1.2047908232118758,0.553088262735585
Keto,Low Carb Keto Cheese Crisps Recipe,American,80.1,7.19,68.05,2022-10-16,18:04:39,11.140472878998608,0.1056576047024247
Keto,Paleo/Keto Greek Cabbage with Bacon,Mediterranean,27.58,75.5,36.77,2022-10-16,18:04:39,0.3652980132450331,2.053304324177318
Keto,Keto Creamy Asparagus and Shrimp Alfredo,Italian,90.79,24.77,128.9,2022-10-16,18:04:39,3.6653209527654425,0.1921644685802948
Keto,No-Bake Keto Chocolate Roll recipes,American,32.13,102.8,227.02,2022-10-16,18:04:39,0.3125486381322958,0.45282353977623113
Keto,Keto 5 Minute Caesar Dressing recipes,American,2.77,7.08,134.38,2022-10-16,18:04:39,0.3912429378531073,0.05268641166840304
Keto,Easy Keto Cordon Bleu recipes,French,177.02,29.23,288.14,2022-10-16,18:04:39,6.056106739651043,0.1014437426251128
Keto,Keto Sun-Dried Tomato Chicken,American,144.95,89.92,248.65,2022-10-16,18:04:39,1.611988434163701,0.36163281721294993
Keto,One-Pan Keto Shrimp and Asparagus,British,63.54,17.38,50.49,2022-10-16,18:04:39,3.655926352128884,0.34422657952069713
Keto,Keto Chicken Curry With Coconut Milk,Indian,66.63,14.21,79.56,2022-10-16,18:04:39,4.688951442646023,0.17860734037204626
Keto,Keto Gourmet: Bacon Wrapped Lobster!,American,118.42,18.61,262.26,2022-10-16,18:04:39,6.363245566899517,0.0709601159155037
Keto,Instant Pot® Keto Hamburger Soup,American,119.3,31.47,294.26,2022-10-16,18:04:39,3.7909119796631714,0.10694623802079793
Keto,Keto King Ranch Chicken recipes,American,213.09,123.92,306.16,2022-10-16,18:04:39,1.719577146546159,0.40475568330284817
Keto,"AIP Italian Burgers Recipe [Paleo, Keto]",Nordic,92.56,23.41,58.4,2022-10-16,18:04:39,3.9538658692866298,0.40085616438356164
Keto,Keto Peanut Butter Fudge Fat Bomb,American,57.66,66.58,351.17,2022-10-16,18:04:46,0.8660258335836587,0.18959478315345843
Keto,Pork Tenderloin with Roasted Veggies (Keto),British,183.61,57.84,84.55,2022-10-16,18:04:46,3.174446749654219,0.6840922531046718
Keto,KETO Chicken with sundried tomato and cream,American,24.41,10.18,53.51,2022-10-16,18:04:46,2.3978388998035363,0.19024481405344795
Keto,Ham and Cheese Keto Stromboli recipes,Italian,129.07,33.43,145.31,2022-10-16,18:04:46,3.8609033801974273,0.23005987199779782
Keto,Keto Pepperoni Pizza with Fathead Crust,Italian,217.33,51.8,278.81,2022-10-16,18:04:46,4.195559845559846,0.1857896058247552
Keto,Keto Cauliflower Pizza Casserole recipes,Italian,217.65,84.99,388.93,2022-10-16,18:04:46,2.5608895164136958,0.21852261332373432
Keto,3 Ingredient Keto Chocolate Mug Cake,British,8.17,7.26,6.05,2022-10-16,18:04:46,1.1253443526170799,1.2
Keto,Keto Sesame Zoodles with Roasted Pork,Chinese,42.65,13.86,93.35,2022-10-16,18:04:46,3.077200577200577,0.14847348687734332
Keto,Keto Chicken Pad Thai recipes,South East Asian,220.94,520.75,207.98,2022-10-16,18:04:46,0.4242726836293807,2.5038465237042025
Keto,Sweet Chili Keto Pork Chops,American,165.77,42.29,88.2,2022-10-16,18:04:46,3.919839205485931,0.4794784580498866
Keto,The BEST Keto Broccoli Cheese Soup,American,104.29,77.81,300.87,2022-10-16,18:04:46,1.3403161547358953,0.25861667829959784
Keto,Easy Keto Pork and Cabbage Casserole,Nordic,98.41,24.98,21.26,2022-10-16,18:04:46,3.93955164131305,1.1749764816556914
Keto,Keto Stuffed Chicken Breast Recipe,American,84.0,31.5,157.88,2022-10-16,18:04:46,2.6666666666666665,0.1995186217380289
Keto,Instant Pot® Keto Chicken Curry,Indian,71.08,24.35,100.57,2022-10-16,18:04:46,2.919096509240246,0.24211991647608633
Keto,Healthy Keto Salmon Paté recipes,Nordic,62.34,22.75,145.42,2022-10-16,18:04:53,2.7402197802197805,0.15644340530876086
Keto,"Keto Sriracha “Spaghetti"" + Meatballs recipes",Italian,118.99,74.23,176.92,2022-10-16,18:04:53,1.6029907045668865,0.419568166402894
Keto,Keto Pesto Chicken Bake with Haloumi,American,225.01,27.62,283.77,2022-10-16,18:04:53,8.146632874728457,0.09733234661874055
Keto,Spinach and Artichoke Keto Egg Bake,Mediterranean,94.04,54.02,69.66,2022-10-16,18:04:53,1.7408367271380971,0.7754809072638531
Keto,Keto Double Chocolate Macaroons recipes,French,38.35,90.62,220.18,2022-10-16,18:04:53,0.42319576252482893,0.41157234989554004
Keto,Keto Chocolate Silk Pie recipes,American,85.52,262.71,417.14,2022-10-16,18:04:53,0.3255300521487572,0.6297885601956178
Keto,Thin Keto Pizza Crust recipes,Italian,52.74,87.16,112.08,2022-10-16,18:04:53,0.6050940798531437,0.7776588151320485
Keto,Keto Low Carb Curry recipes,South East Asian,83.53,111.03,132.41,2022-10-16,18:04:53,0.752319193010898,0.8385318329431312
Keto,Easy Keto Ranch Dressing recipes,American,7.25,14.4,156.6,2022-10-16,18:04:53,0.5034722222222222,0.09195402298850575
Keto,Keto Mini Pumpkin-Pecan Cheesecakes,American,35.87,36.91,145.82,2022-10-16,18:04:53,0.9718233541045788,0.2531202852832259
Keto,Keto Overnight Oats with Coconut and Blueberries,French,17.69,18.17,33.66,2022-10-16,18:04:53,0.9735828288387451,0.5398098633392752
Keto,Raspberry White Chocolate Keto Fat Bombs,American,21.42,68.67,347.44,2022-10-16,18:04:53,0.3119266055045872,0.19764563665668894
Keto,The Keto Diet for $30 per Week,French,36.67,6.73,34.9,2022-10-16,18:04:53,5.448736998514116,0.19283667621776507
Keto,Cheesy Sausage and Egg Keto Casserole,American,128.64,46.61,177.76,2022-10-16,18:04:53,2.759922763355503,0.26220747074707473
Keto,The Best Keto Mashed Cauliflower Recipe,American,18.85,46.91,35.38,2022-10-16,18:04:53,0.40183329780430616,1.3258903335217636
Keto,Keto Paleo Seafood Paella recipes,Mediterranean,202.38,73.21,80.26,2022-10-16,18:04:53,2.7643764513044666,0.9121604784450534
Keto,Pork Meatballs (keto and gluten free),Nordic,132.98,16.47,173.98,2022-10-16,18:04:53,8.074074074074074,0.09466605356937578
Keto,Instant Pot® Keto Green Beans,French,32.77,37.71,89.68,2022-10-16,18:04:53,0.8690002651816495,0.4204950936663693
Keto,Creamy Keto Spinach and Celery Soup,American,4.89,11.33,30.9,2022-10-16,18:04:59,0.4315975286849073,0.3666666666666667
Keto,KETO-LICIOUS SUGAR FREE CHOCOLATE FONDANT,French,36.91,126.07,197.27,2022-10-16,18:04:59,0.2927738557943999,0.6390733512444872
Keto,Vegan Keto Tangy Coconut Soup,American,135.31,231.2,911.26,2022-10-16,18:04:59,0.5852508650519032,0.2537146368764129
Keto,Keto Doritos Safe Cheat-oh ~ Dorketos ~,American,26.98,5.03,36.3,2022-10-16,18:04:59,5.363817097415507,0.13856749311294767
Keto,Smoked Salmon Keto Mini Quiches,Nordic,95.74,15.59,108.51,2022-10-16,18:04:59,6.141116100064143,0.14367339415722052
Keto,Sara Louise's Keto Tuna Croquettes,Japanese,197.3,27.95,142.2,2022-10-16,18:04:59,7.059033989266548,0.19655414908579466
Keto,Keto Spinach Mushroom Bacon Saute Recipe,American,31.06,12.9,70.07,2022-10-16,18:04:59,2.407751937984496,0.18410161267304126
Keto,Keto Chicken Cordon Bleu Meatballs,French,177.14,26.54,175.12,2022-10-16,18:04:59,6.674453654860588,0.15155322064869803
Keto,"Keto Jalapeno Poppers | Cheesy, Bacon Goodness",French,45.52,14.65,64.04,2022-10-16,18:04:59,3.1071672354948805,0.2287632729544035
Keto,Keto Omelet with Zucchini and Chanterelle Mushrooms,French,26.34,7.23,36.07,2022-10-16,18:04:59,3.6431535269709543,0.2004435819240366
Keto,Bacon Cheeseburger Pizza - Keto Recipe,Italian,151.43,229.41,179.32,2022-10-16,18:04:59,0.6600845647530622,1.279333035913451
Keto,Sara Louise's Keto Cabbage Soup,Central Europe,320.2,85.31,765.52,2022-10-16,18:04:59,3.7533700621263626,0.11144058940328143
Keto,Keto BBQ Salad with Shredded Chicken,American,94.91,66.22,138.39,2022-10-16,18:04:59,1.43325279371791,0.4785027819929186
Keto,Keto Friendly Lemon Fat Bomb recipes,French,7.26,6.2,139.42,2022-10-16,18:04:59,1.1709677419354838,0.04446994692296658
Keto,TLC - Easy Keto Avocado Dessert recipes,American,8.91,39.98,74.67,2022-10-16,18:04:59,0.2228614307153577,0.5354225257800991
Keto,Priya’s #Keto Baked Cauliflower recipes,American,21.55,65.36,14.96,2022-10-16,18:05:06,0.3297123623011016,4.3689839572192515
Keto,Three Ingredient Keto Pie Crust recipes,American,25.32,49.46,112.54,2022-10-16,18:05:06,0.511928831378892,0.43948818197974054
Keto,Sara Louise's Keto Creamed Spinach,Italian,29.48,34.96,231.05,2022-10-16,18:05:06,0.8432494279176201,0.15130924042415062
Keto,Dairy-Free Keto Bacon Wrapped Zucchini,American,38.76,27.35,94.59,2022-10-16,18:05:06,1.4171846435100548,0.2891426154984671
Keto,Sara Louise's Keto Beef Kebabs,Middle Eastern,241.19,46.91,300.87,2022-10-16,18:05:06,5.141547644425496,0.1559145145744009
Keto,Keto Loco Moco Burger Recipe,French,63.06,31.86,166.3,2022-10-16,18:05:06,1.9792843691148776,0.1915814792543596
Keto,Keto Baked Spinach-Artichoke Chicken Breasts,Mediterranean,431.02,61.48,279.11,2022-10-16,18:05:06,7.010735198438517,0.22027157751424167
Keto,Keto Chicken and Vegetables Stir Fry,Chinese,68.24,19.76,38.4,2022-10-16,18:05:06,3.453441295546558,0.5145833333333334
Keto,Keto Crispy Sesame Beef recipes,Chinese,89.63,42.47,128.53,2022-10-16,18:05:06,2.1104308923946316,0.33042869369018907
Keto,Mexican Rice With Chorizo - Keto Recipe,Mexican,67.6,35.57,136.47,2022-10-16,18:05:06,1.900477930840596,0.26064336484208983
Keto,Mini Cheesecakes Recipe {low carb / keto},British,37.71,19.79,163.49,2022-10-16,18:05:06,1.9055078322385044,0.12104715884763594
Keto,Sara Louise's Keto Stuffed Mushrooms,American,105.8,109.7,81.26,2022-10-16,18:05:06,0.9644484958979033,1.3499876938222988
Keto,Keto Chocolate Fudge Haystacks - No Bake,American,23.7,43.78,214.12,2022-10-16,18:05:06,0.5413430790315212,0.20446478610125163
Keto,Keto Carb Free Whipped Cream recipes,French,9.76,51.84,176.13,2022-10-16,18:05:06,0.18827160493827158,0.29432805314256516
Keto,Keto Italian Cheese Stuffed Mushrooms,Italian,84.77,53.03,158.48,2022-10-16,18:05:06,1.5985291344521968,0.3346163553760727
Keto,Keto Deviled Green Eggs and Ham,Eastern Europe,132.31,26.16,181.38,2022-10-16,18:05:06,5.0577217125382266,0.1442275884882567
Keto,Sara Louise's Keto Pepper Steak,American,191.85,70.7,172.74,2022-10-16,18:05:06,2.7135785007072135,0.4092856315850411
Keto,Keto Fat Head Dough Pizza Recipe,Italian,124.29,29.7,168.16,2022-10-16,18:05:13,4.1848484848484855,0.1766175071360609
Keto,Sara Louise's Keto Stuffed Peppers,Italian,65.89,89.94,142.27,2022-10-16,18:05:13,0.7325995107849678,0.632178252618261
Keto,5-Minute Creamy Keto Cucumber Salad,American,2.18,13.72,22.67,2022-10-16,18:05:13,0.1588921282798834,0.6052051168945743
Keto,Keto Chicken and Bacon Lettuce Wraps,American,124.23,8.24,177.52,2022-10-16,18:05:13,15.076456310679612,0.046417305092383954
Keto,"Glazed Ham | Keto, No Added Sugar",American,570.28,162.39,297.48,2022-10-16,18:05:13,3.5117925980663833,0.5458854376764823
Keto,40 Minute Fresh Keto Chili recipes,American,172.37,55.88,201.08,2022-10-16,18:05:13,3.0846456692913384,0.2778993435448578
Keto,Keto Chicken a la King Recipe,American,210.23,44.42,276.8,2022-10-16,18:05:13,4.732778027915353,0.16047687861271676
Keto,Keto Mini Chocolate Donuts recipes,American,50.79,121.09,239.93,2022-10-16,18:05:13,0.41944008588653064,0.5046888675863793
Keto,No Churn Keto Chocolate Ice Cream,Italian,43.03,160.97,245.96,2022-10-16,18:05:13,0.2673168913462136,0.6544560091071718
Keto,Crispy Keto Fried Chicken recipes,American,115.83,20.78,209.13,2022-10-16,18:05:13,5.574109720885466,0.09936403194185435
Keto,LCHF Keto Coconut lemon vanilla custard,American,24.56,67.07,93.94,2022-10-16,18:05:13,0.36618458327120923,0.713966361507345
Keto,Keto Friendly Chocolate Fat Bombs recipes,French,7.93,7.57,139.89,2022-10-16,18:05:13,1.047556142668428,0.054113946672385456
Keto,Easy Keto Taco Salad Bowl for 2,Mexican,47.46,31.33,100.33,2022-10-16,18:05:13,1.5148420044685607,0.3122695106149706
Keto,Keto Open-Faced Chicken Cordon Bleu,French,188.45,29.82,194.79,2022-10-16,18:05:13,6.319584171696848,0.15308794085938704
Keto,Keto Beef and Broccoli Stir Fry,Chinese,49.94,15.93,40.33,2022-10-16,18:05:13,3.1349654739485247,0.3949913215968262
Keto,Mad Creations Keto Creamy Cauliflower Dauphinoise,Mediterranean,52.59,41.65,251.4,2022-10-16,18:05:13,1.2626650660264107,0.1656722354813047
Keto,Keto Fathead Pizza with Chorizo and Salsa,Italian,153.39,40.88,214.66,2022-10-16,18:05:13,3.7522015655577294,0.1904406969160533
Keto,Easy Keto Lasagna Stuffed Portobellos - Lo,Italian,162.32,55.35,243.42,2022-10-16,18:05:13,2.9326106594399275,0.22738476706926303
Keto,Keto Sweet Pecan Tuna Salad recipes,American,131.66,30.76,202.26,2022-10-16,18:05:20,4.280234070221066,0.1520814792840898
Keto,Egg-Free Gluten-Free Keto Wraps,American,4.17,126.79,18.82,2022-10-16,18:05:20,0.032889029103241575,6.736981934112646
Keto,Low-Carb Keto Salmon Curry Recipe,Nordic,119.66,57.89,242.72,2022-10-16,18:05:20,2.0670236655726377,0.23850527356624918
Keto,Spicy Seasoned Keto Zucchini Fries Recipe,South American,31.24,114.41,19.94,2022-10-16,18:05:20,0.2730530548029018,5.737713139418254
Keto,Keto Mozzarella and Tomato Broiled Shrimp,Italian,99.78,20.24,87.74,2022-10-16,18:05:20,4.929841897233202,0.2306815591520401
Keto,Keto Mexican Rice with Chorizo recipes,Mexican,79.12,65.39,138.15,2022-10-16,18:05:20,1.209970943569353,0.47332609482446614
Keto,Sara Louise's Keto Zucchini Soup,Mediterranean,12.25,32.96,14.57,2022-10-16,18:05:20,0.3716626213592233,2.2621825669183253
Keto,Healthy Keto No-Cook Bento Lunchbox,British,66.03,16.08,50.21,2022-10-16,18:05:20,4.10634328358209,0.32025492929695276
Keto,Keto Steak and Mushroom Soup Recipe,American,128.51,104.27,25.43,2022-10-16,18:05:20,1.2324733864006905,4.100275265434526
Keto,Keto Bacon Wrapped Chicken Tenders recipes,American,68.83,5.53,98.26,2022-10-16,18:05:20,12.446654611211573,0.05627925910848768
Keto,Lamb Meatballs with Mint Gremolata - Keto,Nordic,175.9,21.94,276.35,2022-10-16,18:05:20,8.017319963536918,0.07939207526687173
Keto,Keto Taco Cups with Avocado Salsa,Mexican,140.76,46.68,196.07,2022-10-16,18:05:20,3.0154241645244215,0.23807823736420666
Keto,"Roasted Radishes (Paleo, Low Carb, Keto)",American,5.05,25.46,27.73,2022-10-16,18:05:20,0.19835035349567948,0.9181391994230076
Keto,Keto Pulled Pork for the Slow Cooker,French,285.67,73.91,181.25,2022-10-16,18:05:20,3.8651062102557168,0.40777931034482756
Keto,"Keto Cauliflower Casserole, The Perfect Sidedish",Italian,110.12,44.45,220.02,2022-10-16,18:05:26,2.477390326209224,0.20202708844650485
Keto,Keto Green Bean Skillet Pizza recipes,Italian,227.07,34.74,269.1,2022-10-16,18:05:26,6.536269430051813,0.1290969899665552
Keto,Low Carb Keto Coconut Cauliflower Rice,British,17.45,42.51,77.14,2022-10-16,18:05:26,0.4104916490237591,0.5510759657765102
Keto,"Sausage, Zucchini, and Cauli Keto Risotto",Italian,82.19,47.82,150.11,2022-10-16,18:05:26,1.7187369301547468,0.3185663846512557
Keto,Keto 3 Bean Salad - Low Carb,American,24.31,39.47,49.81,2022-10-16,18:05:26,0.6159108183430453,0.7924111624171852
Keto,Vegan Keto-Friendly Thai Yellow Curry,South East Asian,72.13,329.13,173.05,2022-10-16,18:05:26,0.21915352596238566,1.901935856688818
Keto,Keto Chicken Thighs with Charred Lemon,Italian,131.04,20.47,154.99,2022-10-16,18:05:26,6.401563263312164,0.1320730369701271
Keto,Keto Low Carb Beef and Broccoli,Mediterranean,55.94,29.11,42.98,2022-10-16,18:05:26,1.92167639986259,0.6772917636109819
Keto,Coconut Flour Chocolate Keto Mug Cake,British,17.36,31.7,36.4,2022-10-16,18:05:26,0.5476340694006309,0.8708791208791209
Keto,Sara Louise's Keto Chicken Saltimbocca,Italian,250.23,41.75,93.5,2022-10-16,18:05:26,5.9935329341317365,0.446524064171123
Keto,Keto No Bake Orange Creamsicle Cheesecake,American,106.71,112.87,498.58,2022-10-16,18:05:26,0.9454239390449188,0.2263829275141402
Keto,Keto Salmon in Foil Packets with Pesto,Nordic,98.78,20.26,109.87,2022-10-16,18:05:26,4.8756169792694966,0.18439974515336308
Keto,Vegan Keto Shortbread Pie Crust recipes,American,16.55,53.02,125.8,2022-10-16,18:05:26,0.3121463598642022,0.42146263910969795
Keto,Almond Flour Fried Chicken (Keto-Friendly),American,128.8,116.32,307.62,2022-10-16,18:05:33,1.1072902338376893,0.3781288602821663
Keto,New Recipe: Peanut Butter Keto Cups,American,46.36,88.44,296.04,2022-10-16,18:05:33,0.5241971958389869,0.2987434130522902
Keto,Keto Raspberry No-Bake Cheesecake recipes,American,31.97,63.83,198.52,2022-10-16,18:05:33,0.500861663794454,0.3215293169453959
Keto,Keto Chicken Salad Stuffed Avocados recipes,Mediterranean,41.52,92.24,171.62,2022-10-16,18:05:33,0.4501300954032958,0.5374664957464165
Keto,Keto Beef and Broccoli Lo Mein,Chinese,132.13,277.41,62.27,2022-10-16,18:05:33,0.47629861937204854,4.454954231572186
Keto,"Keto Roasted Eggplant, Lemon, and Caper Salad",Mediterranean,8.39,48.51,55.71,2022-10-16,18:05:33,0.17295403009688726,0.8707592891760905
Keto,Keto Salisbury Steak with Mushroom Gravy,British,226.77,46.16,146.65,2022-10-16,18:05:33,4.912694974003466,0.314763041254688
Keto,Keto Spicy Mango Mojitos - Low Carb,World,1.81,28.3,0.81,2022-10-16,18:05:33,0.06395759717314488,34.93827160493827
Keto,Keto Chocolate Cake in a Mug recipes,British,12.53,14.74,36.95,2022-10-16,18:05:33,0.850067842605156,0.39891745602165085
Keto,Portobello Pizza Keto Stuffed Mushrooms Recipe,Italian,59.73,32.92,71.87,2022-10-16,18:05:33,1.8143985419198054,0.45804925560038956
Keto,Keto Strawberry Coconut Chia Seed Pudding,British,6.51,18.23,25.06,2022-10-16,18:05:33,0.35710367526055947,0.7274541101356744
Keto,Keto Slow Cooker Mexican Chicken Thighs,Mexican,118.81,13.06,116.16,2022-10-16,18:05:33,9.097243491577336,0.11243112947658403
Keto,No Eggs! Keto Mini Pizzas recipes,Italian,32.18,37.9,17.21,2022-10-16,18:05:33,0.8490765171503958,2.2022080185938404
Keto,Sara Louise's Keto Beef and Broccoli,British,112.87,62.46,50.88,2022-10-16,18:05:33,1.8070765289785464,1.2275943396226414
Keto,Keto Pesto Shrimp Skewers - Low Carb,Italian,19.66,19.02,50.1,2022-10-16,18:05:33,1.0336487907465826,0.37964071856287424
Keto,Keto Garlic Parm Buffalo Chicken Dip,American,102.57,17.28,179.68,2022-10-16,18:05:33,5.935763888888888,0.09617097061442564
Keto,Keto Mushroom and Bok Choy Stir-Fry,Chinese,19.48,29.85,55.78,2022-10-16,18:05:33,0.6525963149078727,0.5351380423090714
Keto,"Loaded Cauliflower (low carb, keto) recipes",British,49.5,30.1,109.97,2022-10-16,18:05:40,1.6445182724252492,0.2737110120942075
Keto,Savory Keto Pie Crust recipes,British,60.68,38.08,99.19,2022-10-16,18:05:40,1.5934873949579833,0.383909668313338
Keto,Air Fryer Keto Garlic Cheese 'Bread',American,75.96,9.1,78.4,2022-10-16,18:05:40,8.347252747252746,0.11607142857142856
Keto,Keto Kebab Salad with Tahini Sauce,Mediterranean,110.29,85.73,194.24,2022-10-16,18:05:40,1.2864808118511606,0.44136120263591433
Keto,Keto Mushroom Wild Rice Pilaf recipes,Mediterranean,69.75,79.3,121.41,2022-10-16,18:05:40,0.8795712484237075,0.6531587183922247
Keto,Keto Pizza – Turkey Crust Meatza recipes,Italian,184.18,12.71,98.31,2022-10-16,18:05:40,14.490952006294256,0.1292849150645916
Keto,Keto Coconut Flour Sausage Balls recipes,American,161.85,79.83,276.87,2022-10-16,18:05:40,2.027433295753476,0.2883302633004659
Keto,Keto Mac and Cheese with Pulled Pork,American,163.68,38.99,177.36,2022-10-16,18:05:40,4.197999487047961,0.21983536310329274
Keto,Keto Pork Rind Puppy Chow recipes,American,51.9,75.76,181.53,2022-10-16,18:05:40,0.6850580781414994,0.4173414862557153
Keto,"Southwest Turkey Meatballs (Paleo, Whole30 + Keto)",American,185.17,29.6,71.86,2022-10-16,18:05:40,6.255743243243242,0.41191205121068747
Keto,Air Fryer Keto Onion Rings Recipe,American,40.48,32.67,34.71,2022-10-16,18:05:40,1.239057239057239,0.9412273120138289
Keto,St. Louis Ribs - Keto Style! recipes,American,478.31,27.99,717.47,2022-10-16,18:05:40,17.088603072525903,0.03901208412895312
Keto,Keto Chicken and Cauliflower Rice Soup,American,324.98,105.18,323.29,2022-10-16,18:05:40,3.0897509032135386,0.32534257168486497
Keto,Keto Twice Baked Cauliflower Casserole recipes,Italian,93.63,61.71,187.39,2022-10-16,18:05:40,1.5172581429265921,0.32931319707561774
Keto,Sara Louise's Keto Speed Chili,American,172.88,76.16,257.67,2022-10-16,18:05:40,2.2699579831932772,0.29557185547405596
Keto,Ultimate Keto Burger | The Bacon Smash Burger,American,82.93,10.5,176.6,2022-10-16,18:05:40,7.898095238095239,0.059456398640996604
Keto,Keto Spaghetti Squash Puttanesca - Low Carb,Italian,8.13,44.53,62.07,2022-10-16,18:05:40,0.18257354592409614,0.7174158208474304
Keto,Low Carb Keto Mexican Pizza #ketolicious,Italian,104.0,144.34,186.68,2022-10-16,18:05:46,0.7205209921019814,0.7731947718020141
Keto,"Mustard Sardines Salad Recipe [Paleo, Keto]",American,32.18,3.95,14.99,2022-10-16,18:05:46,8.146835443037974,0.2635090060040027
Keto,Keto Cottage Cheese and Dill Popovers,American,97.91,79.24,187.06,2022-10-16,18:05:46,1.2356133266027258,0.42360739869560565
Keto,Creamy Keto Taco Soup with Ground Beef,Mexican,114.4,72.09,218.99,2022-10-16,18:05:46,1.5869052573172424,0.3291931138408147
Keto,"Simple Roasted Radishes (Paleo, Whole30 + Keto)",American,6.61,32.74,26.67,2022-10-16,18:05:46,0.2018937080024435,1.227596550431196
Keto,Keto Low-Carb Roasted Garlic Gnocchi,Italian,59.87,8.27,115.24,2022-10-16,18:05:46,7.239419588875453,0.07176327664005554
Keto,"Crustless Spinach, Mushroom, and Tomato Quiche (Keto)",French,54.28,32.5,151.42,2022-10-16,18:05:46,1.670153846153846,0.21463479064852728
Keto,Megan R keto lemon fat bombs,British,20.43,70.24,205.65,2022-10-16,18:05:46,0.2908599088838269,0.34155117918794065
Keto,Crispy Keto Corned Beef & Radish Hash,South American,93.65,8.96,64.49,2022-10-16,18:05:46,10.452008928571429,0.13893626918902158
Keto,Keto Butter Rum Blondies - Low Carb,American,63.39,138.63,234.16,2022-10-16,18:05:46,0.4572603332611989,0.5920310898530919
Keto,Easy Keto Korean Beef with Cauli Rice,South East Asian,89.67,32.44,105.26,2022-10-16,18:05:46,2.7641800246609125,0.30818924567737027
Keto,Keto Mushroom Spinach Stuffed Pork Loin,American,325.28,30.37,153.51,2022-10-16,18:05:46,10.710569641093183,0.1978372744446616
Keto,Instant Pot Keto Crack Chicken Recipe,French,315.49,8.65,311.39,2022-10-16,18:05:46,36.472832369942196,0.027778669835254826
Keto,Low Carb Biscuits Recipe (Keto Friendly),British,65.22,42.11,180.0,2022-10-16,18:05:46,1.5488007599145097,0.23394444444444445
Keto,Sara Louise's Keto Cream Of ”Risotto”,Italian,18.06,40.33,103.34,2022-10-16,18:05:46,0.4478056037689065,0.3902651441842461
Keto,Keto Apple Dijon Pork Chops Recipe,British,51.28,6.13,99.19,2022-10-16,18:05:46,8.36541598694943,0.06180058473636455
Keto,Keto Chocolate Peanut Butter Fatbombs recipes,Italian,5.91,75.3,169.73,2022-10-16,18:05:53,0.07848605577689244,0.44364579037294527
Keto,Sara Louise's Keto Beef Stew,American,320.1,116.95,136.22,2022-10-16,18:05:53,2.7370671227020096,0.8585376596681839
Keto,"Peach Pulled Pork (Whole30, Paleo, Keto)",American,276.4,58.43,230.98,2022-10-16,18:05:53,4.730446688345028,0.2529656247294138
Keto,"Raspberry Almond Chia Pudding | Keto, Vegan",British,34.91,37.2,21.84,2022-10-16,18:05:53,0.9384408602150536,1.7032967032967035
Keto,Keto Low Carb Rosemary-garlic Croutons,American,45.96,61.58,160.76,2022-10-16,18:05:53,0.7463462163039949,0.3830554864394128
Keto,"Chicken and Waffles | Keto, Gluten Free",Mediterranean,281.57,261.91,512.6,2022-10-16,18:05:53,1.075063953266389,0.5109442060085837
Keto,Keto Single Serve Chocolate Lava Cake,American,12.25,54.31,30.22,2022-10-16,18:05:53,0.22555698766341373,1.797154202514891
Keto,Keto Pumpkin Pie Spice Latte recipes,American,6.91,16.88,83.05,2022-10-16,18:05:53,0.40936018957345977,0.2032510535821794
Keto,Sara Louise's Keto Almond Lemon Macaroons,French,58.66,192.51,118.08,2022-10-16,18:05:53,0.3047114435613734,1.6303353658536586
Keto,Keto Shredded Chicken - Mexican White Chilli,Mexican,197.46,46.5,116.63,2022-10-16,18:05:53,4.246451612903226,0.39869673325902427
Keto,Keto Slow Cooker Braised Oxtails recipes,American,185.39,26.71,227.55,2022-10-16,18:05:53,6.940846125046798,0.11738079542957591
Keto,"Tuna Omelette - Low Carb, Keto, GF",French,54.44,10.68,46.53,2022-10-16,18:05:53,5.097378277153558,0.2295293359123146
Keto,Keto Mini Vanilla Cloud Cakes recipes,American,69.99,144.48,236.68,2022-10-16,18:05:53,0.4844269102990033,0.610444482001014
Keto,Keto Spaghetti Squash Primavera - Low Carb,Italian,33.92,34.2,67.44,2022-10-16,18:05:53,0.991812865497076,0.50711743772242
Keto,Keto Dutch Baby with Chocolate and Macadamia,Central Europe,36.97,39.12,87.22,2022-10-16,18:05:53,0.9450408997955011,0.44852098142627833
Keto,Easy Four Cheese Pesto Zoodles - Keto,Italian,139.89,240.56,195.19,2022-10-16,18:05:53,0.5815181243764549,1.2324401864849635
Keto,One Minute Keto Chocolate Mug Cake,American,13.57,39.67,43.91,2022-10-16,18:06:00,0.3420720947819511,0.9034388521976772
Keto,Pork & Egg Pie (Quiche) recipes,French,158.17,141.1,294.22,2022-10-16,18:06:00,1.1209780297661234,0.47957310855822166
Keto,Keto Sushi Smoked Salmon Roll-Ups,Nordic,51.57,14.8,64.0,2022-10-16,18:06:00,3.484459459459459,0.23125
Keto,Keto Chocolate Bacon Toffee Ice Cream,British,57.47,377.19,328.13,2022-10-16,18:06:00,0.15236353031628622,1.1495139121689575
Keto,Keto Philly Cheese Steak Skillet Dinner,American,170.91,26.06,235.09,2022-10-16,18:06:00,6.558326937835764,0.11085116338423581
Keto,KETO BEEF SHIN WITH CREAMED BRUSSELS SPROU,South American,108.95,2.93,32.08,2022-10-16,18:06:00,37.184300341296925,0.0913341645885287
Keto,Homemade Queso Dip {keto / low carb},Caribbean,113.94,18.23,217.03,2022-10-16,18:06:00,6.250137136588042,0.08399760401787772
Keto,Keto Sheet Pan Curried Chicken - SCKC,American,137.45,27.93,167.71,2022-10-16,18:06:00,4.921231650554958,0.16653747540397112
Keto,Keto Salted Chocolate Olive Oil Mousse,French,36.81,110.46,154.97,2022-10-16,18:06:00,0.33324280282455193,0.7127831193134154
Keto,Italian Meatball Casserole {Keto/Low Carb},Italian,288.53,80.47,314.77,2022-10-16,18:06:00,3.585559835963713,0.2556469803348477
Keto,"Keto Creamy Spinach, Mushroom, and Tomato Risotto",Italian,11.46,27.52,84.72,2022-10-16,18:06:00,0.4164244186046512,0.32483474976392823
Keto,Asian Inspired Keto Pork Chops recipes,Chinese,150.08,16.64,65.35,2022-10-16,18:06:00,9.01923076923077,0.2546289211935731
Keto,Keto Strawberry Jello Salad - Low Carb,French,53.12,73.19,213.66,2022-10-16,18:06:00,0.7257822106845198,0.34255358981559486
Keto,Keto Crock Pot Chocolate Cake recipes,American,67.87,92.06,253.91,2022-10-16,18:06:00,0.7372365848359765,0.3625694143594187
Keto,90 SECOND KETO BREAD WITHOUT EGGY TASTE,American,19.7,7.74,38.36,2022-10-16,18:06:00,2.545219638242894,0.20177267987486966
Keto,5 Minute Keto Egg Drop Soup recipes,Chinese,22.16,14.92,26.79,2022-10-16,18:06:00,1.4852546916890081,0.5569242254572602
Keto,Keto FatHead Rolls (Almond Flour Free),South East Asian,136.14,88.31,173.2,2022-10-16,18:06:07,1.541614766164647,0.5098729792147807
Keto,Keto Pork and Veggie Cauliflower Fried Rice,Chinese,133.39,42.64,74.11,2022-10-16,18:06:07,3.1282833020637897,0.5753609499392794
Keto,Keto Matcha Crème Brûlée recipes,French,23.96,29.75,198.68,2022-10-16,18:06:07,0.8053781512605043,0.14973827259915443
Keto,5-Ingredient Keto and Vegan Chocolate Almond Balls,American,49.36,85.59,132.62,2022-10-16,18:06:07,0.5767028858511508,0.6453777710752526
Keto,Easy Keto Grilled Pork Chops Marinade,French,314.0,21.42,281.38,2022-10-16,18:06:07,14.659197012138188,0.07612481341957496
Keto,Keto Grilled Radish Skewers with Herb Butter,Mediterranean,2.02,7.45,46.27,2022-10-16,18:06:07,0.27114093959731544,0.1610114545061595
Keto,Keto Chipotle Red Pepper Cheese Dip,South American,13.12,43.43,45.06,2022-10-16,18:06:07,0.30209532581165094,0.9638260097647581
Keto,Moroccan Ketchup - Keto Spicy Tomato Dip,Middle Eastern,13.1,70.58,1.78,2022-10-16,18:06:07,0.18560498724851232,39.651685393258425
Keto,Tzatziki: Indian Style {Low Carb and Keto},Mediterranean,29.68,29.92,10.49,2022-10-16,18:06:07,0.9919786096256684,2.852240228789323
Keto,Spicy Keto Deviled Eggs without Mayo,South American,53.93,28.2,92.82,2022-10-16,18:06:07,1.9124113475177305,0.30381383322559796
Keto,Low Carb Keto Green Bean Casserole,French,47.32,67.02,110.74,2022-10-16,18:06:07,0.706057893166219,0.605201372584432
Keto,Keto Instant Pot Broccoli Cheese Soup,French,106.32,105.68,180.41,2022-10-16,18:06:07,1.0060560181680545,0.5857768416384902
Keto,Keto Brown Butter Pecan Ice Cream,American,38.35,93.45,389.26,2022-10-16,18:06:07,0.41037988228999467,0.24007090376612034
Keto,Keto Peanut Butter and Jelly Sandwiches recipes,French,18.51,9.35,32.54,2022-10-16,18:06:07,1.979679144385027,0.2873386601106331
Keto,Keto Grilled Lobster Tails with Creole Butter,American,114.36,5.29,97.18,2022-10-16,18:06:13,21.618147448015122,0.054435068944227206
Keto,Keto Asian Chicken Meatballs (Nut Free),South East Asian,172.75,18.9,82.14,2022-10-16,18:06:13,9.140211640211641,0.23009495982468953
Keto,Keto Chili Cheese Dog Casserole recipes,American,243.39,72.42,346.65,2022-10-16,18:06:13,3.360811930405965,0.20891389009086977
Keto,Keto Cheesy Beef taco skillet with Cauliflower,Mexican,162.87,41.5,91.85,2022-10-16,18:06:13,3.9245783132530123,0.4518236254763201
Keto,Sara Louise's Keto Roasted Red Peppers,Italian,13.56,82.23,30.98,2022-10-16,18:06:13,0.16490331995622035,2.6542930923176242
Keto,Keto Stuffed Artichokes in the Instant Pot,Mediterranean,74.08,94.95,145.35,2022-10-16,18:06:13,0.7802001053185887,0.653250773993808
Keto,Shamrock Cheesecake Bars,American,53.94,167.33,224.97,2022-10-16,18:06:13,0.32235701906412473,0.7437880606303063
Keto,Low Carb Keto Chicken Parmesan Recipe,Italian,306.99,25.95,216.65,2022-10-16,18:06:13,11.83005780346821,0.11977844449573044
Keto,No-Carb Keto Chocolate Fudge - Ketogenic Dessert,French,12.44,36.18,143.93,2022-10-16,18:06:13,0.34383637368711994,0.25137219481692485
Keto,"Instant Pot Meatloaf (Keto, Low Carb)",French,117.72,21.45,114.73,2022-10-16,18:06:13,5.488111888111888,0.186960690316395
Keto,Mexican Mocha Chia Seed Pudding (Keto),British,35.62,90.72,63.23,2022-10-16,18:06:13,0.39263668430335097,1.4347619800727502
Keto,Keto Key Lime Pie Fat Bombs,American,24.03,87.75,262.5,2022-10-16,18:06:13,0.27384615384615385,0.3342857142857143
Keto,Baked Keto Chicken Wings - Sweet & Spicy,South American,241.71,22.98,252.73,2022-10-16,18:06:13,10.518276762402088,0.09092707632651446
Keto,Easy Keto Ham and Cheese Rolls Recipe,French,119.77,16.59,120.99,2022-10-16,18:06:20,7.219409282700422,0.1371187701462931
Keto,SUGAR FREE KETO ALMOND CHOCOLATE FUDGE (Ma,Italian,7.55,1.49,126.42,2022-10-16,18:06:20,5.067114093959732,0.011786109792754311
Keto,Keto Broccoli & Cheese Soup {low carb},French,184.47,79.17,335.24,2022-10-16,18:06:20,2.3300492610837438,0.23615916955017302
Keto,Delicious Bacon and Chive Keto Deviled Eggs,Eastern Europe,39.39,4.88,69.2,2022-10-16,18:06:20,8.071721311475411,0.07052023121387282
Keto,Keto Teriyaki Turkey Rice Bowl Recipe,Japanese,100.37,52.69,64.77,2022-10-16,18:06:20,1.9049155437464416,0.8134939014976069
Keto,Bacon Cups with Keema Beef {KETO FRIENDLY},British,151.07,19.05,293.68,2022-10-16,18:06:20,7.9301837270341204,0.06486652138381913
Keto,Keto Lamb Shanks in the Instant Pot,Middle Eastern,173.98,21.25,169.66,2022-10-16,18:06:20,8.187294117647058,0.12525050100200402
Keto,Instant Pot Keto Mississippi Pot Roast,British,197.35,68.73,287.83,2022-10-16,18:06:20,2.8713807653135457,0.23878678386547617
Keto,3 Ingredient Keto Peanut Butter Mug Cake,British,15.19,10.34,25.3,2022-10-16,18:06:20,1.4690522243713733,0.408695652173913
Keto,Sugar and dairy free keto Easter eggs,French,17.85,111.24,298.01,2022-10-16,18:06:20,0.16046386192017262,0.3732760645615919
Keto,Keto Almond-Crusted Bacon and Tomato Quiche,French,150.09,58.33,420.32,2022-10-16,18:06:20,2.5731184639122238,0.13877521888085267
Keto,Keto Jalapeno Popper Frittata – Low Carb,French,88.72,17.21,196.03,2022-10-16,18:06:20,5.15514235909355,0.08779268479314391
Keto,Buttered Brussels Sprouts recipes,American,125.95,93.59,266.94,2022-10-16,18:06:20,1.345763436264558,0.35060313178991537
Keto,The BEST Creamy Keto Skillet Eggs Recipe,American,70.86,7.98,100.93,2022-10-16,18:06:20,8.8796992481203,0.07906469830575646
Keto,Sara Louise’s Keto First Spanish Omelette,Mediterranean,39.65,18.22,49.19,2022-10-16,18:06:20,2.176180021953897,0.3704004879040455
Keto,Easy Peanut Chicken Keto Stir Fry,Chinese,156.27,56.12,210.47,2022-10-16,18:06:20,2.784568781183179,0.2666413265548534
Keto,Keto Mini Chicken Pot Pies recipes,American,329.1,126.32,581.0,2022-10-16,18:06:20,2.6052881570614317,0.2174182444061962
Keto,"KETO FRIENDLY Cauilflower, bacon and pumpkin soup",American,35.14,46.36,97.42,2022-10-16,18:06:20,0.7579810181190682,0.4758776431944159
Keto,Easy Bacon Cheeseburger Soup (Keto Friendl,Italian,129.5,33.88,262.29,2022-10-16,18:06:20,3.8223140495867765,0.12917000266880171
Keto,One-Pot Keto Jambalaya with Cauliflower Rice,American,232.61,80.3,234.1,2022-10-16,18:06:27,2.8967621419676215,0.3430158052114481
Keto,Okra In Spiced Yogurt {Keto Low Carb},Indian,53.04,55.6,60.83,2022-10-16,18:06:27,0.953956834532374,0.9140226861745849
Keto,Easy Keto Turkey Fried Rice Recipe,American,111.17,53.31,72.95,2022-10-16,18:06:27,2.0853498405552426,0.7307745030843044
Keto,Keto Au Gratin Brussels Sprouts recipes,French,40.86,29.51,112.5,2022-10-16,18:06:27,1.3846153846153846,0.2623111111111111
Keto,Low Carb Chicken and Broccoli (Keto-Friendly),British,86.82,112.26,153.23,2022-10-16,18:06:27,0.7733832175307321,0.7326241597598382
Keto,Keto and Low Carb Hamburger Casserole Recipe,American,115.63,60.1,161.99,2022-10-16,18:06:27,1.9239600665557404,0.37101055620717327
Keto,Sara Louise's Keto Smoked Holiday Turkey,American,1092.0,49.28,313.81,2022-10-16,18:06:27,22.15909090909091,0.1570376979701093
Keto,Pressure-Cooked Keto Butternut Squash Soup,American,25.81,234.3,77.69,2022-10-16,18:06:27,0.11015791720017071,3.0158321534303
Keto,Instant Pot Keto Smothered Pork Chops,French,128.37,11.05,161.84,2022-10-16,18:06:27,11.617194570135746,0.06827731092436976
Keto,Bacon Wrapped Cheese Sticks {keto/low carb},American,58.64,6.42,162.47,2022-10-16,18:06:27,9.133956386292835,0.03951498738228596
Keto,Keto satay chicken bowl with zoodle salad,South East Asian,93.75,80.88,189.76,2022-10-16,18:06:27,1.1591246290801187,0.42622259696458686
Keto,Keto Peppermint Coffee Flavor Shots (Fat Bombs),British,0.24,0.95,386.46,2022-10-16,18:06:27,0.25263157894736843,0.0024582104228121925
Keto,"Crispy Chicken Thighs | Keto, Paleo, Whole 30",Italian,164.03,17.95,176.27,2022-10-16,18:06:27,9.13816155988858,0.10183241617972427
Keto,Tuna Egg Salad with Sour Cream (Keto),American,98.33,6.68,74.47,2022-10-16,18:06:27,14.720059880239521,0.08970055055727139
Keto,Easy Low-Carb Keto Broccoli Cheddar Soup,American,102.64,36.71,230.98,2022-10-16,18:06:27,2.795968400980659,0.15893150922157764
Keto,Keto Spicy Prawn Hand Rolls recipes,British,51.15,29.26,116.43,2022-10-16,18:06:27,1.7481203007518795,0.2513097998797561
Keto,"Keto Buffalo Cauliflower Chorizo ""Mac""-N-Cheese",American,110.33,45.42,209.09,2022-10-16,18:06:34,2.4291061206516953,0.21722703142187574
Keto,Instant Pot® Keto Chicken and Kale Stew,French,85.08,34.62,48.18,2022-10-16,18:06:34,2.4575389948006934,0.7185554171855542
Keto,Keto Vanilla Pudding ( egg and starch free),British,24.38,19.47,96.01,2022-10-16,18:06:34,1.2521828454031845,0.2027913758983439
Keto,Keto Jalapeño Popper Deviled Eggs recipes,Mexican,37.05,3.73,63.0,2022-10-16,18:06:34,9.932975871313673,0.05920634920634921
Keto,Easy Instant Pot® Keto Crack Chicken,American,251.8,14.6,235.28,2022-10-16,18:06:34,17.246575342465754,0.0620537232233934
Keto,Sara Louise's Keto Cheesy Squash Casserole,Italian,67.87,165.33,251.08,2022-10-16,18:06:34,0.41051230871590155,0.6584753863310499
Keto,Easy Keto Lava Cake-Singe Serve,American,10.18,25.42,29.31,2022-10-16,18:06:34,0.4004720692368214,0.8672807915387241
Keto,Tex Mex Chicken Salad,Mexican,82.05,57.0,85.93,2022-10-16,18:06:34,1.4394736842105262,0.6633306179448387
Keto,KETO Mexican Melty Chicken Queso Casserole,American,341.59,41.72,253.56,2022-10-16,18:06:34,8.187679769894535,0.16453699321659568
Keto,Keto Spaghetti Squash with Bacon and Blue Cheese,Italian,28.81,31.47,81.97,2022-10-16,18:06:34,0.915475055608516,0.3839209466878126
Keto,Sara Louise's Keto Instant Chicken Soup,French,455.0,72.21,444.33,2022-10-16,18:06:34,6.301066334302729,0.16251434744446694
Keto,ULTIMATE KETO LOW CARB BACON CHEESE BURGER,American,23.41,10.49,70.25,2022-10-16,18:06:34,2.2316491897044806,0.14932384341637012
Keto,Sara Louise's Keto Grilled Chicken Fantastics,American,115.87,29.67,154.88,2022-10-16,18:06:34,3.9052915402763735,0.19156766528925623
Keto,"Air Fryer Cauliflower {Whole30, Paleo, Vegan, Keto}",American,8.73,29.85,5.77,2022-10-16,18:06:34,0.29246231155778896,5.173310225303293
Keto,Bacon Cabbage Chuck Roast Stew - Keto Makeover,American,338.74,43.32,399.95,2022-10-16,18:06:34,7.819482917820868,0.10831353919239906
Keto,Easy Keto Chicken Shawarma - Low Carb,Middle Eastern,197.21,22.43,169.76,2022-10-16,18:06:34,8.792242532322783,0.1321277097078228
Keto,Instant Pot Keto Spinach Artichoke Dip Recipe,Mediterranean,124.2,51.8,296.81,2022-10-16,18:06:34,2.397683397683398,0.17452242175128868
Keto,Keto Diet: Cost Breakdowns of Popular Recipes,American,227.31,27.27,430.02,2022-10-16,18:06:34,8.335533553355337,0.06341565508580996
Keto,Crispy Keto Fried Chicken in the Air Fryer,Chinese,166.09,124.39,158.29,2022-10-16,18:06:34,1.335235951443042,0.7858361235706615
Keto,"Spaghetti Squash Chow Mein | Keto, Paleo",Italian,239.49,58.31,65.29,2022-10-16,18:06:40,4.107185731435432,0.8930923571756777
Keto,BEST KETO ITALIAN RAGÚ aka BOLOGNES,Italian,113.22,28.98,68.25,2022-10-16,18:06:40,3.9068322981366457,0.4246153846153846
Keto,Sara Louise's Keto Chicken Crack Slaw,American,136.49,53.8,144.39,2022-10-16,18:06:40,2.5369888475836433,0.3726019807465891
Keto,Pull-Apart Keto Pizza Bread recipes,Italian,128.97,82.16,146.26,2022-10-16,18:06:40,1.5697419668938657,0.5617393682483249
Keto,Vegetable beef soup keto friendly recipe,French,152.27,71.6,62.25,2022-10-16,18:06:40,2.1266759776536315,1.1502008032128512
Keto,SUGAR FREE KETO NEW YORK BAKED CHEESECAKE,American,22.21,13.73,42.8,2022-10-16,18:06:40,1.6176256372906046,0.3207943925233645
Keto,"Chicken Drumsticks - Keto, paleo and under an hour",American,291.07,17.53,148.15,2022-10-16,18:06:40,16.60410724472333,0.11832602092473844
Keto,Keto sausage egg casserole recipe (no heavy cream),American,109.7,11.65,134.41,2022-10-16,18:06:40,9.416309012875537,0.08667509857897478
Keto,Sara Louise's Keto Baked Cauliflower Florets,Mediterranean,81.75,98.68,140.13,2022-10-16,18:06:40,0.8284353465747871,0.704203239848712
Keto,"Tres Leches Cake | Keto, Gluten Free",South American,76.73,44.47,268.12,2022-10-16,18:06:40,1.7254328760962447,0.16585857078919886
Keto,Keto Malaysian Curry Puffs / Karipap recipes,Indian,269.32,88.03,278.36,2022-10-16,18:06:40,3.059411564239464,0.3162451501652536
Keto,Keto Coconut Curry Chicken Tenders recipes,South East Asian,138.13,32.21,210.53,2022-10-16,18:06:40,4.2884197454206765,0.15299482259060468
Keto,Keto Chicken Pot Pie - Low Carb,American,184.43,58.62,207.79,2022-10-16,18:06:40,3.1461958375980896,0.28211174743731654
Keto,Keto Slow Cooker Brisket Chili Recipe,American,148.04,60.43,212.34,2022-10-16,18:06:40,2.4497766010259805,0.2845907506828671
Keto,Keto Egg Recipe: Asiago Cheese Cloud Eggs,American,55.71,4.86,41.04,2022-10-16,18:06:40,11.462962962962962,0.11842105263157895
Keto,Keto Stuffed Peppers With Cauliflower Rice Recipe,Mediterranean,88.5,49.93,106.59,2022-10-16,18:06:40,1.7724814740636892,0.46843043437470683
Keto,Keto pork chops recipe for busy family,American,133.19,33.45,192.7,2022-10-16,18:06:40,3.9817638266068753,0.17358588479501819
Keto,Sara Louise's Keto Lemon Zucchini Bread,American,35.96,137.03,60.51,2022-10-16,18:06:47,0.26242428665255785,2.2645843662204594
Keto,Keto Tex-Mex Ground Beef Casserole,Mexican,190.56,57.05,239.65,2022-10-16,18:06:47,3.3402278702892203,0.23805549760066763
Keto,Keto Thai Chicken Flatbread Pizza recipes,South East Asian,255.67,97.13,359.99,2022-10-16,18:06:47,2.6322454442499743,0.2698130503625101
Keto,Keto No Bake Noatmeal Fudge Bars recipes,American,145.02,207.35,507.65,2022-10-16,18:06:47,0.6993971545695684,0.4084507042253521
Keto,Keto Eggplant Burgers Recipe (Chinese Qiezi He),Chinese,55.52,40.04,53.65,2022-10-16,18:06:47,1.3866133866133867,0.7463187325256291
Keto,Low Carb & Keto-friendly Baked Onion Rings,American,55.31,46.35,45.23,2022-10-16,18:06:47,1.1933117583603021,1.0247623258898961
Keto,Pork chops keto recipe with asparagus and mushrooms,American,111.27,39.74,87.27,2022-10-16,18:06:47,2.799949672873679,0.4553683969290707
Keto,"Creamy Roasted Sesame Dressing (Paleo, Whole30, Keto)",Mediterranean,3.3,13.24,57.69,2022-10-16,18:06:47,0.24924471299093653,0.2295025134338707
Keto,Keto Cheesy Shrimp Soup Recipe LCHF recipes,American,224.31,46.31,271.65,2022-10-16,18:06:47,4.843662275966314,0.17047671636296707
Keto,"Keto Beef Tips with Mushrooms, Onions, and Gravy",French,96.76,19.16,63.61,2022-10-16,18:06:47,5.050104384133612,0.3012105014934759
Keto,Sara Louise's Keto Turkey Zucchini Burgers,American,101.03,19.67,95.98,2022-10-16,18:06:47,5.1362480935434665,0.20493852886017921
Keto,Keto No Bake Pumpkin Pie Cheesecake recipes,American,41.06,49.82,206.62,2022-10-16,18:06:47,0.8241670012043356,0.24111896234633626
Keto,Keto Strawberry Mousse Cake - Low Carb,French,160.15,189.37,612.58,2022-10-16,18:06:47,0.8456988963404974,0.30913513337033527
Keto,Why Salmon The Best For Keto Diet — Steemit,Nordic,53.17,5.94,34.58,2022-10-16,18:06:47,8.951178451178452,0.17177559282822444
Keto,Sara Louise's Keto Tunisian Spicy Tuna,South American,261.41,43.76,114.79,2022-10-16,18:06:47,5.973720292504571,0.38121787612161334
Keto,Creamy Keto Cucumber Salad [5-Min Recipe],American,1.58,10.39,22.57,2022-10-16,18:06:47,0.15206929740134745,0.4603455914931325
Keto,"Keto Salmon Curry Recipe [Paleo, Low-Carb]",Nordic,100.2,30.96,104.15,2022-10-16,18:06:54,3.2364341085271318,0.2972635621699472
Keto,"Carrot Cake Cheesecake | Keto, Instant Pot",American,59.9,122.72,232.24,2022-10-16,18:06:54,0.48810299869621904,0.5284188770237684
Keto,Keto Vegan Roasted Garlic Smashed Cauliflower | Blog,American,12.97,33.4,44.15,2022-10-16,18:06:54,0.3883233532934132,0.7565118912797282
Keto,Sara Louise's Keto Chicken Fried “Rice”,Chinese,134.49,45.94,83.48,2022-10-16,18:06:54,2.927514148889857,0.5503114518447532
Keto,"Sausage Stuffed Portobello Mushrooms (Paleo, Whole30 + Keto)",Italian,157.17,63.84,229.46,2022-10-16,18:06:54,2.4619360902255636,0.2782184258694326
Keto,Roasted Leeks with Eggs (Paleo and Keto-Friendly),French,24.25,58.84,242.0,2022-10-16,18:06:54,0.4121346023113528,0.24314049586776862
Keto,Keto Adobo Air Fried Chicken Thighs Recipe,Mediterranean,160.26,8.18,174.45,2022-10-16,18:06:54,19.591687041564793,0.04689022642591
Keto,Easy Keto Thai Skillet Chicken recipes,South East Asian,118.1,70.22,178.22,2022-10-16,18:06:54,1.681857020791797,0.39400740657614186
Keto,Keto Sausage and Wild Cauliflower Rice Casserole,American,127.3,106.15,219.08,2022-10-16,18:06:54,1.1992463495054169,0.48452620047471245
Keto,Keto French Fries - Low Carb Jicama Fries,American,4.9,48.95,55.11,2022-10-16,18:06:54,0.10010214504596528,0.8882235528942116
Keto,Sara Louise's Keto Louisiana Chicken Gumbo,American,189.01,102.88,274.89,2022-10-16,18:06:54,1.8371889580093312,0.37425879442686166
Keto,Keto Lemon-Garlic Chicken Thighs in the Air Fryer,Mediterranean,128.65,11.21,155.67,2022-10-16,18:06:54,11.47636039250669,0.0720113059677523
Keto,Broccoli Cauliflower Soup,Central Europe,50.26,100.93,27.18,2022-10-16,18:06:54,0.49796888932923805,3.7133922001471675
Keto,Instant Pot® Keto Pumpkin Soup with Sausage,American,60.47,72.4,107.03,2022-10-16,18:06:54,0.8352209944751381,0.6764458563019714
Keto,Raw Vegan Keto Strawberry Crumble (sweetener-free),American,14.11,52.65,56.69,2022-10-16,18:06:54,0.26799620132953467,0.9287352266713707
Keto,Sara Louise's Keto Vegetable Meat Loaf,American,253.14,86.4,94.61,2022-10-16,18:06:54,2.929861111111111,0.9132227037311067
Keto,Giant Stuffed 3 Cheese Meatballs | Keto recipes,American,180.13,12.63,134.44,2022-10-16,18:07:03,14.262074425969912,0.09394525438857483
Keto,Jalapeno And Cheddar Cauliflower Muffins - Keto Recipe,British,125.8,41.11,157.48,2022-10-16,18:07:03,3.060082704937971,0.2610490220980442
Keto,Dark Chocolate Espresso Paleo and Keto Mug Cake,French,16.95,58.01,70.58,2022-10-16,18:07:03,0.29219100155145666,0.8219042221592519
Keto,"Whole30 + Paleo Frittata {Dairy-Free, GF, Keto}",Italian,52.67,21.36,49.83,2022-10-16,18:07:03,2.4658239700374533,0.4286574352799518
Keto,Brown Butter Pecan Keto Ice Cream recipes,American,10.94,16.48,169.72,2022-10-16,18:07:03,0.6638349514563107,0.09710110770681123
Keto,Easy Keto Low Carb Taco Soup Recipe,Mexican,88.18,55.1,173.29,2022-10-16,18:07:03,1.6003629764065337,0.3179641064112182
Keto,Sara Louise's Keto Beef Zucchini Lasagna,Italian,203.78,144.66,305.14,2022-10-16,18:07:03,1.408682427761648,0.4740774726355116
Keto,Low Carb Lemon Bar Recipe - Keto & Glu,American,52.28,59.98,273.09,2022-10-16,18:07:03,0.871623874624875,0.2196345527115603
Keto,Low Carb Keto Asiago Alfredo Brussels Sprouts,Italian,95.67,97.25,191.06,2022-10-16,18:07:03,0.9837532133676092,0.5090024076206427
Keto,Easy Low Carb Keto Creamed Spinach Recipe,French,18.56,23.32,118.65,2022-10-16,18:07:03,0.7958833619210977,0.19654445849136115
Keto,Keto Teriyaki Beef on a Stick - Low Carb,Japanese,101.88,5.57,27.28,2022-10-16,18:07:03,18.290843806104128,0.20417888563049855
Keto,Keto Egg Roll in a Bowl [Recipe] recipes,Italian,96.71,72.16,111.75,2022-10-16,18:07:03,1.3402161862527715,0.6457270693512304
Keto,Keto Coconut Flour Tortillas/ from primaledgehealth.com,Mexican,15.17,7.84,36.47,2022-10-16,18:07:03,1.9349489795918369,0.21497120921305182
Keto,Keto Carrot Cake with Cream Cheese Frosting,American,76.43,155.74,250.22,2022-10-16,18:07:03,0.49075382047001415,0.6224122771960675
Keto,Keto Gluten-Free Almond Carrot Cake recipes,British,49.48,46.71,202.89,2022-10-16,18:07:03,1.059302076643117,0.23022327369510573
Keto,Keto Salmon and Creamy Turmeric Veggies recipes,Nordic,156.7,68.03,160.89,2022-10-16,18:07:03,2.3033955607820076,0.4228354776555411
Keto,[DRESSING INGREDIENTS MISSING] Keto Mediterranean Broccoli Salad,Mediterranean,27.66,71.18,25.82,2022-10-16,18:07:03,0.38859230120820454,2.7567776917118514
Keto,"Chinese Chicken and Broccoli | Keto, Low Calorie",Chinese,232.64,63.01,46.03,2022-10-16,18:07:03,3.6921123631169657,1.3688898544427546
Keto,Instant Pot Bacon Cheddar Egg Bites (KETO),French,93.03,10.26,162.68,2022-10-16,18:07:10,9.067251461988304,0.06306860093434964
Keto,Sara Louise's Keto Fat Bomb Lettuce Wraps,French,29.45,22.69,158.24,2022-10-16,18:07:10,1.2979286029087702,0.14338978766430738
Keto,"Chinese Bamboo Salad Recipe [Paleo, AIP, Keto]",Chinese,3.94,7.38,14.61,2022-10-16,18:07:10,0.5338753387533876,0.5051334702258727
Keto,"Mini Bacon Wrapped Meatloaf (Paleo, Whole30, Keto)",American,108.19,19.83,220.57,2022-10-16,18:07:10,5.455874936964196,0.08990343201704674
Keto,Loaded Keto Potato Dip (Low Carb Friendly),British,12.8,10.69,82.27,2022-10-16,18:07:10,1.1973807296538823,0.1299380089947733
Keto,Cajun Butter Steak Bites,American,134.33,16.43,171.92,2022-10-16,18:07:10,8.175897748021912,0.09556770590972546
Keto,The Best Keto Beef Stew Crockpot Recipe,South American,229.55,90.35,76.82,2022-10-16,18:07:10,2.5406751521859436,1.1761260088518615
Keto,Keto Chicken Broccoli Casserole with Cream Cheese,American,202.77,62.82,227.46,2022-10-16,18:07:10,3.227793696275072,0.27618042732788184
Keto,Cabbage Soup Recipe [Keto & Low Carb] recipes,Middle Eastern,176.06,97.47,184.35,2022-10-16,18:07:10,1.8062993741664102,0.5287225386493084
Keto,"Whole30 Ground Beef Taco Meat (Keto, Paleo)",Mexican,89.43,47.16,106.19,2022-10-16,18:07:10,1.896310432569975,0.4441096148413221
Keto,"Leftover Turkey Stir-fry (Paleo, Whole30 + Keto)",American,131.1,36.31,31.61,2022-10-16,18:07:10,3.6105755990085373,1.1486871243277446
Keto,Keto Waffles Stuffed with Cream Cheese [Recipe] recipes,American,28.41,3.95,81.41,2022-10-16,18:07:10,7.192405063291139,0.048519837857757035
Keto,Keto Pumpkin Cheesecake with Almond Pecan Crust,American,114.22,141.2,294.77,2022-10-16,18:07:10,0.8089235127478754,0.47901753909828
Keto,"Mayo Free Deviled Eggs (Paleo, Whole30 + Keto)",Italian,766.99,41.29,287.59,2022-10-16,18:07:10,18.575684185032696,0.14357244688619217
Keto,Keto Chocolate Peanut Butter Mug Cake recipes,American,13.48,34.39,44.04,2022-10-16,18:07:10,0.39197441116603665,0.7808810172570391
Keto,Pressure Cooker Keto Creamy Shrimp Scampi recipes,Chinese,156.32,179.87,64.86,2022-10-16,18:07:10,0.8690721076332907,2.773203823620105
Keto,"Crispy Turnip Fries {Whole30, Paleo, Vegan, Keto}",American,2.93,26.02,29.02,2022-10-16,18:07:10,0.11260568793235973,0.8966230186078566
Keto,"Creamy Asparagus Mash Recipe [Paleo, Keto, AIP]",Mediterranean,5.21,12.02,13.93,2022-10-16,18:07:10,0.4334442595673877,0.8628858578607322
Keto,Low Carb Sugar Free Keto Blueberry Muffins,American,92.13,110.8,264.5,2022-10-16,18:07:16,0.8314981949458483,0.41890359168241964
Keto,Keto Broccoli Cottage cheese balls (Low carb),American,57.88,40.87,72.68,2022-10-16,18:07:16,1.4161977000244679,0.5623280132085855
Keto,Keto Fried Chicken {Asiago & Parmesan Breading} recipes,American,295.13,8.26,159.48,2022-10-16,18:07:16,35.73002421307506,0.05179332831703035
Keto,Keto Air Fryer Salmon Cakes with Sriracha Mayo,Nordic,106.95,10.4,128.73,2022-10-16,18:07:16,10.283653846153847,0.08078924881534996
Keto,Vegan Keto Spaghetti Squash (Happy Thanksgiving!) recipes,American,4.32,40.55,30.4,2022-10-16,18:07:16,0.10653514180024662,1.3338815789473684
Keto,"Paleo Chicken Noodle Soup Recipe [AIP, Keto]",Asian,57.43,33.95,53.48,2022-10-16,18:07:16,1.69160530191458,0.6348167539267017
Keto,Southern Green Beans {Keto Friendly/Low Carb},American,19.77,76.72,45.05,2022-10-16,18:07:16,0.25769030239833157,1.7029966703662598
Keto,"Keto Short Rib Ragu - Instant Pot, SCKC",French,219.27,47.01,566.84,2022-10-16,18:07:16,4.664326738991704,0.08293345564886034
Keto,"Low-Carb, Keto Cheeseburger Stuffed Peppers Recipe",American,106.98,76.95,106.47,2022-10-16,18:07:16,1.390253411306043,0.7227387996618766
Keto,"Flourless Pumpkin Mug Cake (Keto, Low Carb)",American,13.43,30.38,29.87,2022-10-16,18:07:16,0.44206714944042136,1.0170739872782055
Keto,Keto Instant Pot® Soup (Low Carb),American,116.4,108.63,148.25,2022-10-16,18:07:16,1.071527202430268,0.7327487352445193
Keto,Low/Carb - Keto Friendly Cauliflower Crust Pizza,Italian,219.29,29.05,302.26,2022-10-16,18:07:16,7.548709122203098,0.09610930986567856
Keto,Simple Keto BBQ Pulled Chicken recipes,American,439.53,51.04,372.3,2022-10-16,18:07:16,8.61148119122257,0.13709374160623153
Keto,"Lemon Garlic Baked Shrimp Recipe [Paleo, Keto]",Mediterranean,99.82,31.72,29.53,2022-10-16,18:07:16,3.1469104665825975,1.0741618692854724
Keto,One-Pan Keto Chicken Breast with Vegetable Ragout,American,137.9,46.56,80.18,2022-10-16,18:07:16,2.961769759450172,0.5806934397605388
Keto,"Easy Low-Carb, Keto Spinach Dip Recipe",American,84.62,30.05,163.5,2022-10-16,18:07:23,2.815973377703827,0.1837920489296636
Keto,Easy Creamy Garlic Parmesan Keto Pork Chops,American,188.74,22.87,217.86,2022-10-16,18:07:23,8.25273283777875,0.10497567245019737
Keto,Mad Creations Keto Greek Garlic Lemon Marinade,Mediterranean,2.66,19.09,109.09,2022-10-16,18:07:23,0.13933996856993192,0.17499312494270786
Keto,"Low-Carb Almond Coconut Sandies (Keto, Gluten-Free)",American,33.79,44.65,183.53,2022-10-16,18:07:23,0.7567749160134378,0.24328447665231842
Keto,Keto Chilli Chicken | Andhra Style Chicken Recipe,French,297.22,50.45,301.39,2022-10-16,18:07:23,5.891377601585729,0.16739108795912275
Keto,"Raspberry Arugula Salad Recipe [Paleo, Keto, AIP]",Mediterranean,5.06,21.21,19.52,2022-10-16,18:07:23,0.23856671381423855,1.086577868852459
Keto,Aunt Rocky’s Crustless Quiche Lorraine (LCHF/Keto),French,71.79,35.12,138.53,2022-10-16,18:07:23,2.0441343963553535,0.25351909333718325
Keto,Dairy-Free Keto and Vegan Chocolate Fat Bombs,American,34.63,48.42,184.27,2022-10-16,18:07:23,0.7152003304419662,0.2627665925001357
Keto,Sara Louise's Keto Lemon Basil Roasted Chicken,Mediterranean,348.25,20.35,322.36,2022-10-16,18:07:23,17.11302211302211,0.06312817967489763
Keto,"Homemade Ketchup Recipe | Sugar Free, Keto, and Paleo",American,8.27,42.17,1.08,2022-10-16,18:07:23,0.1961109793692198,39.0462962962963
Keto,Keto Turkey Meatballs with Sour Cream-Horseradish Dip,American,139.58,32.11,136.32,2022-10-16,18:07:23,4.346932419806914,0.2355487089201878
Keto,Sara Louise's Keto Lime Cilantro Grilled Chicken,Mediterranean,113.65,12.88,221.16,2022-10-16,18:07:23,8.823757763975156,0.05823837945378912
Keto,White Chocolate Nut-Free Keto and Vegan Fat Bombs,American,0.0,0.45,218.0,2022-10-16,18:07:23,0.0,0.0020642201834862386
Keto,Keto Diet Recipe - Bacon Wrapped Asparagus with Eggs,American,40.95,12.42,74.19,2022-10-16,18:07:23,3.2971014492753628,0.16740800646987464
Keto,Low-Carb Keto Chicken “Noodle” Soup recipes,Asian,171.31,285.58,77.14,2022-10-16,18:07:30,0.5998669374606065,3.7021000777806585
Keto,"Chicken Alfredo Spaghetti Squash Low-Carb, Keto",Italian,96.92,47.95,231.94,2022-10-16,18:07:30,2.021272158498436,0.2067345003018022
Keto,"Sesame Ginger Fish Cakes (Paleo, Whole30 + Keto)",South East Asian,99.21,50.6,44.65,2022-10-16,18:07:30,1.9606719367588932,1.1332586786114223
Keto,Sara Louise's Keto Overnight Marinated Rosemary Chicken,American,142.56,10.1,171.38,2022-10-16,18:07:30,14.114851485148515,0.058933364453261756
Keto,"Paleo Kimchi Beef Stir-Fry (Whole30, Keto)",American,66.68,45.64,31.42,2022-10-16,18:07:30,1.4609991235758109,1.4525779758115849
Keto,Keto Pumpkin Spice Haystack Cookies - Low Carb,American,21.43,49.02,245.96,2022-10-16,18:07:30,0.43716850265197876,0.1993006993006993
Keto,Easiest Keto Meatza You’ll Ever Make! recipes,American,149.54,21.9,110.64,2022-10-16,18:07:30,6.828310502283105,0.197939262472885
Keto,Green Buttered Eggs - Keto and Low Carb recipes,American,23.48,6.11,53.51,2022-10-16,18:07:30,3.8428805237315875,0.11418426462343488
Keto,Easy Keto Shrimp Scampi - Low Carb & G,Chinese,127.05,39.09,61.23,2022-10-16,18:07:30,3.250191864927091,0.6384125428711417
Keto,"Keto Shrimp Fried Rice [Grain-free, Paleo]",Chinese,55.56,22.35,61.89,2022-10-16,18:07:30,2.4859060402684565,0.3611245758603975
Keto,Instant Pot® Keto Crustless Spinach and Gouda Quiche,French,65.94,23.16,110.41,2022-10-16,18:07:30,2.8471502590673574,0.20976360836880717
Keto,Keto Faux Sous Vide Egg Bites recipes,French,143.67,18.13,200.66,2022-10-16,18:07:30,7.924434638720353,0.09035183893152596
Keto,"Crockpot Chicken Enchilada Bowls (Paleo, Whole30 + Keto)",South American,139.86,76.81,135.28,2022-10-16,18:07:30,1.820856659289155,0.5677853341218214
Keto,Keto Pecan-Crusted Pork Chops in the Air Fryer,American,184.97,22.69,183.99,2022-10-16,18:07:30,8.152049360951962,0.12332191966954725
Keto,"Caesar Turkey Burger Bowls (Paleo, Whole30 + Keto)",American,169.12,30.04,230.99,2022-10-16,18:07:30,5.62982689747004,0.1300489198666609
Keto,Aunt Rocky’s Keto Pumpkin Spice Latte (Sugar-Free),World,1.13,41.1,11.31,2022-10-16,18:07:37,0.02749391727493917,3.6339522546419096
Keto,Quick and Easy Keto Sweet and Sour Sesame Chicken,Chinese,77.35,14.08,103.7,2022-10-16,18:07:37,5.493607954545454,0.13577627772420442
Keto,Slow Cooker Keto Chicken Tikka Masala recipes,Indian,204.39,59.2,354.32,2022-10-16,18:07:37,3.4525337837837835,0.167080605102732
Keto,"Crispy Cauliflower Salad | Paleo, Keto, Low-carb",French,35.07,72.95,78.1,2022-10-16,18:07:37,0.48074023303632624,0.9340588988476314
Keto,"Bacon Sausage and Zucchini Casserole (Paleo, Whole30 + Keto)",Italian,153.22,37.26,235.3,2022-10-16,18:07:37,4.112184648416533,0.1583510412239694
Keto,Air Fried Asparagus with Garlic and Parmesan | Keto Friendly,American,3.75,1.26,6.93,2022-10-16,18:07:37,2.9761904761904763,0.18181818181818182
Keto,Keto Instant Pot Red Wine Pork Stew,French,109.86,35.36,164.8,2022-10-16,18:07:37,3.106900452488688,0.21456310679611648
Keto,"5-Min Prosciutto Avocado Fat Bomb Recipe [Paleo, Keto]",Italian,50.36,24.7,43.33,2022-10-16,18:07:37,2.038866396761134,0.5700438495268867
Keto,"Turkey Meatballs (Low-carb, Keto, Gluten-free)",American,231.23,17.2,298.63,2022-10-16,18:07:37,13.44360465116279,0.057596356695576466
Keto,Priya’s #Keto Chocolate and Peanut Butter Fingers recipes,American,28.94,131.03,133.98,2022-10-16,18:07:37,0.22086545066015417,0.977981788326616
Keto,Priya's Yummy Keto Yogurt Soup - Vegetarian Recipe,American,5.66,13.22,17.28,2022-10-16,18:07:37,0.42813918305597576,0.7650462962962963
Keto,Keto Lo Mein - Low Carb & Gluten Free,Chinese,74.91,92.07,55.57,2022-10-16,18:07:37,0.8136200716845878,1.6568292244016554
Keto,"Low Carb Salmon Cakes (Keto, Grain Free)",Nordic,656.95,13.25,501.19,2022-10-16,18:07:37,49.5811320754717,0.026437079750194537
Keto,Easy Keto Broccoli Slaw Recipe (Low Carb a,American,11.34,29.01,75.19,2022-10-16,18:07:37,0.39089968976215095,0.3858225827902647
Keto,Sara louise's Keto Sweet Chicken And Jalapeno Slices,American,285.5,115.26,126.23,2022-10-16,18:07:37,2.4770085025160506,0.9130951437851541
Keto,"Easy Keto Tuna Salad - Low Carb, Paleo, Wh",American,122.72,1.61,39.47,2022-10-16,18:07:37,76.22360248447204,0.04079047377755258
Keto,Keto Pork Chops al Pastor - Low Carb,Italian,108.02,12.96,151.9,2022-10-16,18:07:44,8.334876543209875,0.08531928900592495
Keto,Keto Grain-free Bacon and Shrimp Risotto recipes,Italian,34.81,20.43,18.95,2022-10-16,18:07:44,1.703866862457171,1.0781002638522428
Keto,"Roasted Radish Hash (AIP, Paleo, Keto, Low-FODMAP)",American,4.02,19.88,20.85,2022-10-16,18:07:44,0.2022132796780684,0.9534772182254195
Keto,"Moo Goo Gai Pan | Keto, Gluten Free",Chinese,242.32,149.7,68.24,2022-10-16,18:07:44,1.6187040748162993,2.193728018757327
Keto,Keto Low-Carb Creamy Garlic Shrimp Alfredo,Italian,114.37,32.89,177.04,2022-10-16,18:07:44,3.4773487382183035,0.18577722548576595
Keto,Crock-Pot Beef Stew {Keto/Low Carb},American,159.54,77.39,69.35,2022-10-16,18:07:44,2.0615066546065384,1.1159336697909157
Keto,Keto Nutty Chocolate Cups - Delicious Low Carb Snack,American,62.39,153.83,158.72,2022-10-16,18:07:44,0.4055775856464929,0.9691910282258065
Keto,"Gluten Free, Keto Friendly, Low Carb, Pie crust",British,43.48,102.28,134.1,2022-10-16,18:07:44,0.42510754790770433,0.7627143922445936
Keto,"Fish and Leek Saute Recipe [Paleo, AIP, Keto]",Mediterranean,49.88,13.97,18.07,2022-10-16,18:07:44,3.570508231925555,0.7731045932484781
Keto,"Greek Chicken Burgers (Paleo, Whole30, Keto, AIP)",Mediterranean,95.51,45.45,74.93,2022-10-16,18:07:44,2.1014301430143014,0.606566128386494
Keto,KETO LOW CARB GREEN THAI CHICKEN CURRY,South East Asian,211.52,246.0,397.35,2022-10-16,18:07:44,0.8598373983739838,0.6191015477538694
Keto,"Paleo Egg Frittata Muffins Recipe [Keto, Dairy-Free]",American,48.87,17.02,57.69,2022-10-16,18:07:44,2.871327849588719,0.29502513433870686
Keto,Low Carb and Keto Chicken Alfredo Pasta Re,Italian,141.3,117.92,276.21,2022-10-16,18:07:44,1.1982700135685211,0.42692154520111514
Keto,Sara Louise's Keto Korean Beef Zo Mein,Italian,220.23,57.19,115.84,2022-10-16,18:07:50,3.8508480503584543,0.4936982044198895
Keto,Keto Smoky Chicken and Vegetable Sheet Pan Dinner,British,211.65,96.02,237.49,2022-10-16,18:07:50,2.204228285773797,0.4043117604951787
Keto,Instant pot or Foodi Keto Steak Rolls and Asparagus,French,194.45,33.01,170.3,2022-10-16,18:07:50,5.890639200242351,0.19383440986494418
Keto,"Crispy Air Fryer Pork Chops | Keto, Gluten Free",Nordic,167.82,12.79,85.36,2022-10-16,18:07:50,13.121188428459735,0.1498359887535145
Keto,"Paleo Passion Fruit Side Salad Recipe [Keto, AIP]",Italian,2.05,7.75,11.34,2022-10-16,18:07:50,0.264516129032258,0.6834215167548501
Keto,Keto Low Carb Baked Crack Chicken Cups Recipe,American,313.07,12.35,114.87,2022-10-16,18:07:50,25.349797570850203,0.10751284060242013
Keto,"Strawberry Matcha Chia Pudding Recipe [Paleo, Keto, Vegan]",British,6.4,13.74,40.33,2022-10-16,18:07:50,0.4657933042212518,0.3406893131663774
Keto,"Turkey and Summer Vegetable Soup (Paleo, Whole30 + Keto)",American,242.35,156.35,111.04,2022-10-16,18:07:50,1.5500479692996483,1.408051152737752
Keto,Keto low carb vanilla and Chocolate Fudgesicle #ketolicious,American,16.18,35.57,187.88,2022-10-16,18:07:50,0.45487770593196514,0.18932297210985735
Keto,Sausage Cheese Balls – Low Carb / Keto Friendly Recipe,American,108.39,291.76,97.26,2022-10-16,18:07:50,0.3715039758705786,2.999794365617931
Keto,Sara Louise's Keto Thai Coconut Curry Soup,South East Asian,31.54,151.04,285.54,2022-10-16,18:07:50,0.2088188559322034,0.5289626672270084
Keto,"Keto Cauliflower Hash Browns (Grain Free, Low Carb)",French,45.28,19.44,29.66,2022-10-16,18:07:50,2.3292181069958846,0.655428186109238
Keto,Keto Lime Pork Chops {Crock Pot Meals} recipes,American,342.17,18.79,96.14,2022-10-16,18:07:50,18.210218201170836,0.19544414395672977
Keto,Air Fryer Keto Low Carb Fried Chicken Recipe,American,235.37,21.22,126.31,2022-10-16,18:07:50,11.091894439208295,0.16799936663763754
Keto,The Best Keto Low Carb Vegetable Soup Recipe,American,77.09,187.62,56.07,2022-10-16,18:07:50,0.41088370109796396,3.3461744248261103
Keto,Keto Fathead Pizza and Pigs in a Blanket (GAPS too!),Italian,125.05,28.72,160.02,2022-10-16,18:07:57,4.354108635097493,0.17947756530433695
Keto,"Raw Italian Cauliflower Salad Recipe [Paleo, Keto, AIP]",Italian,4.57,13.59,29.47,2022-10-16,18:07:57,0.33627667402501843,0.46114692908042076
Keto,"Gluten Free, Keto Friendly, Low Carb, Pound Cake",French,120.27,368.37,341.92,2022-10-16,18:07:57,0.32649238537340175,1.0773572765559194
Keto,"keto broccoli salad - Low Carb, Gluten-Free, Ketogenic",American,57.87,29.67,284.12,2022-10-16,18:07:57,1.9504550050556115,0.10442770660284387
Keto,"Air Fryer Keto Fried Chicken | Paleo, Gluten Free",American,286.43,23.91,262.67,2022-10-16,18:07:57,11.979506482643245,0.09102676361975101
Keto,"Keto Cauliflower Pizza Crust | Thin, Crispy, Dairy Free",Italian,33.04,54.69,37.79,2022-10-16,18:07:57,0.6041323825196563,1.4472082561524213
Keto,Keto Mongolian Beef | Instant Pot or Slow Cooker,Asian,209.09,30.18,107.41,2022-10-16,18:07:57,6.928098078197482,0.2809794246345778
Keto,Keto BBQ Chicken Pizza (Dairy Free Crust) recipes,Italian,118.21,93.01,118.82,2022-10-16,18:07:57,1.270938608751747,0.782780676653762
Keto,Shan's Wilted Spinach Salad (Keto/Low carb friendly),American,13.16,17.92,12.79,2022-10-16,18:07:57,0.7343749999999999,1.4010946051602817
Keto,Keto Eggs Benedict Casserole with Easy Hollandaise Sauce,French,216.64,76.64,396.84,2022-10-16,18:07:57,2.8267223382045925,0.19312569297449855
Keto,Keto Collard Greens with Burst Cherry Tomatoes [Recipe] recipes,South American,25.79,30.46,36.65,2022-10-16,18:07:57,0.8466841759684832,0.8311050477489769
Keto,"Keto Beef Barley Soup - Instant Pot, Whole 30",American,345.68,67.33,154.08,2022-10-16,18:07:57,5.134115550274767,0.43698078920041533
Keto,Cheese spinach stuffed chicken breast (keto / low carb),British,216.17,7.21,76.41,2022-10-16,18:07:57,29.981969486823854,0.09435937704488942
Keto,Herb-loaded keto pork meatballs with zucchini noodles,Asian,309.63,1047.29,161.25,2022-10-16,18:07:57,0.29564876968175,6.494821705426356
Keto,keto Low Carb Hot Tuscan Chicken casserole #ketolicious,Italian,111.85,23.42,244.27,2022-10-16,18:08:04,4.775832621690862,0.09587751258852908
Keto,"Easy Keto Basil Pesto Recipe [Dairy-Free, No Cheese]",Italian,9.5,11.52,12.53,2022-10-16,18:08:04,0.8246527777777778,0.9193934557063049
Keto,Keto Chicken Breast Pot Pie with Cauliflower Crust,British,104.27,73.24,126.48,2022-10-16,18:08:04,1.4236755871108684,0.5790638836179632
Keto,Aunt Rocky’s Strawberry Crème Fraîche Instant Keto Dessert,French,0.94,10.41,11.08,2022-10-16,18:08:04,0.09029779058597502,0.9395306859205776
Keto,"Cauliflower Tabouli (Tabbouleh) Salad Recipe [Paleo, Keto, AIP]",Middle Eastern,3.13,12.46,14.1,2022-10-16,18:08:04,0.2512038523274478,0.8836879432624114
Keto,Oven-Baked Keto Chicken Thighs with Creamed Spinach and Mushrooms,American,363.53,90.5,491.97,2022-10-16,18:08:04,4.016906077348066,0.18395430615687947
Keto,Paleo Beef with Broccoli (Whole30/Keto friendly) recipes,Italian,105.64,79.35,132.76,2022-10-16,18:08:04,1.331316950220542,0.5976950888821935
Keto,Sara Louise's Keto Creamy Lemon Fillet Of Fish,American,196.46,33.36,214.78,2022-10-16,18:08:04,5.889088729016787,0.15532172455535898
Keto,"Keto Chicken Sausage Salad with Bacon, Cheese, and Avocado",American,48.16,47.76,150.23,2022-10-16,18:08:04,1.0083752093802345,0.317912534114358
Keto,Keto Cheddar Biscuits with Coconut Flour and Sesame Flour,American,277.07,53.8,262.18,2022-10-16,18:08:04,5.15,0.20520253261118315
Keto,"Crunchy Salad Toppers (Whole30, Paleo, GF, Keto, Vegan)",American,34.27,20.99,72.53,2022-10-16,18:08:04,1.632682229633159,0.2893974906935061
Keto,Ketogenic Til Laddoo or Sesame Sweet | Indian Keto Dessert,Indian,21.12,31.11,100.74,2022-10-16,18:08:04,0.6788813886210222,0.3088147706968434
Keto,"Low Carb Onion Rings - Gluten-Free, Keto recipes",American,115.23,51.5,183.16,2022-10-16,18:08:04,2.23747572815534,0.2811749290238043
Keto,"Keto Chicken Cabbage Casserole (Low Carb, Primal, GAPS)",Middle Eastern,194.51,44.51,159.21,2022-10-16,18:08:04,4.370029206919793,0.279567866340054
Keto,Thai Chicken Wings - Peak Gai Yang - Keto - LCHF,South East Asian,11.64,26.01,19.29,2022-10-16,18:08:04,0.447520184544406,1.3483670295489893
Keto,"Avocado Cucumber Ginger Salad Recipe [Paleo, Keto, AIP]",American,3.69,19.07,24.77,2022-10-16,18:08:04,0.1934976402726796,0.7698829228905935
Keto,Keto Lemon Chicken with Asparagus | Easy Low Carb Recipe,British,143.31,31.76,152.31,2022-10-16,18:08:10,4.51227959697733,0.20852209309959951
Keto,"Low-Carb, Keto Tarts With Berries And Mascarpone Cream",American,69.25,93.92,271.34,2022-10-16,18:08:10,0.7373296422487223,0.3461340016215818
Keto,Keto Beef Rags – Low Carb & Diabetic Friendly recipes,British,262.54,21.82,293.64,2022-10-16,18:08:10,12.032080659945006,0.07430867729192209
Keto,"Parmesan Chicken Nuggets Recipe – Low Carb, Keto Diet recipes",American,120.19,5.53,119.48,2022-10-16,18:08:10,21.734177215189874,0.046283896886508205
Keto,Keto Roasted Raan | Delicious Low-Carb Lamb Recipe,British,266.77,74.77,375.73,2022-10-16,18:08:10,3.567874816102715,0.19899928139887682
Keto,Sara Louise's Keto Smoked Salmon and Feta Cheese Quiche,Nordic,140.39,13.64,119.4,2022-10-16,18:08:10,10.292521994134896,0.11423785594639865
Keto,"Marinated Mushrooms Recipe – {Vegan, Keto, Paleo, Gluten-Free}",American,25.12,77.07,436.57,2022-10-16,18:08:10,0.32593745945244584,0.1765352635316215
Keto,Keto Protein Desserts: Made With your Favourite Protien Powder,American,28.08,9.29,18.37,2022-10-16,18:08:10,3.022604951560818,0.5057158410451823
Keto,"Garlic Oregano Olive Tapenade Recipe [Paleo, AIP, Keto]",Mediterranean,50.64,21.61,63.52,2022-10-16,18:08:10,2.343359555761222,0.3402078085642317
Keto,"Mushroom, Spinach and Bacon Egg Muffins (Paleo, Whole30 + Keto)",American,106.32,58.7,215.74,2022-10-16,18:08:10,1.811243611584327,0.2720867711133772
Keto,Keto Instant Pot or Slow Cooker Chili Queso Dip,American,42.21,8.19,84.89,2022-10-16,18:08:10,5.153846153846154,0.09647779479326186
Keto,"Keto Lemon Cake With Blueberries {Low-Carb, Gluten-Free}",American,59.87,46.37,100.58,2022-10-16,18:08:10,1.2911365106750055,0.4610260489162855
Keto,Keto Low Carb Pot Roast Slow Cooker Recipe,American,398.82,45.74,127.03,2022-10-16,18:08:10,8.719282903366855,0.3600724238368889
Keto,"Slow Cooker Zuppa Toscana (low carb, keto friendly)",Italian,151.15,101.29,398.5,2022-10-16,18:08:10,1.4922499753183927,0.2541781681304893
Keto,"Low Carb Hamburger Soup Recipe (Whole30, Keto, Paleo)",American,173.6,73.82,208.8,2022-10-16,18:08:10,2.3516662151178545,0.35354406130268196
Keto,Keto Low Carb Pizza Casserole Recipe (Easy) - 5 Ingredients,Italian,147.72,89.22,188.27,2022-10-16,18:08:10,1.6556825823806323,0.47389387581664627
Keto,"No Churn Mint Chip Ice Cream | Keto, Sugar Free",American,12.69,171.37,212.24,2022-10-16,18:08:10,0.07405030051934411,0.8074349792687523
Keto,"Orange and Five-Spice Roasted Chicken Legs | Keto, Paleo",Mediterranean,677.22,41.71,686.9,2022-10-16,18:08:10,16.236394150083914,0.06072208472849032
Keto,"Cream Cheese Spinach Stuffed Chicken (Low-carb, Keto)",American,112.64,15.78,98.81,2022-10-16,18:08:17,7.138149556400507,0.15970043517862564
Keto,"Easy Crockpot Chicken Stew (Low Carb, Keto) recipes",American,149.85,46.0,182.67,2022-10-16,18:08:17,3.257608695652174,0.2518202222587179
Keto,"Chocolate Coconut Coffee Creamer {Paleo, Dairy-Free, Keto, Vegan}",American,2.21,14.72,28.6,2022-10-16,18:08:17,0.15013586956521738,0.5146853146853146
Keto,Broccoli Cheddar Soup (Keto-3.7 net carbs per serving),American,116.23,192.1,347.33,2022-10-16,18:08:17,0.6050494534096825,0.5530763251086863
Keto,"Super Sloppy Joe Stuffed Peppers (keto, low carb)",American,130.71,44.36,163.82,2022-10-16,18:08:17,2.946573489630298,0.270785007935539
Keto,Easy Keto Low Carb Meatballs Recipe - Italian Style,Italian,104.51,28.37,114.97,2022-10-16,18:08:17,3.6838209376101516,0.24676002435417937
Keto,"Taco Salad - Low Carb, Keto, Gluten-Free recipes",Mexican,57.77,33.73,80.7,2022-10-16,18:08:17,1.7127186480877559,0.4179677819083023
Keto,Low Carb Keto Sausage Balls Recipe With Cream Cheese,American,197.31,65.09,391.43,2022-10-16,18:08:17,3.031341219849439,0.16628771427841504
Keto,"Chicken Skillet with Bacon Brussels Sprouts (Paleo, Whole30 + Keto)",Italian,284.3,60.25,99.57,2022-10-16,18:08:17,4.718672199170125,0.6051019383348398
Keto,Easy Keto Shrimp Scampi - Low Carb & Gluten Free,South East Asian,127.05,39.09,61.23,2022-10-16,18:08:17,3.250191864927091,0.6384125428711417
Keto,Chicken Parmigiana (Keto/Gluten-free/Low-carb) recipes,Italian,248.2,64.35,171.14,2022-10-16,18:08:17,3.857031857031857,0.37600794671029564
Keto,The Best Low Carb Keto Psyllium-Flax Bread recipes,American,107.72,187.02,171.45,2022-10-16,18:08:17,0.5759811784835847,1.0908136482939634
Keto,Chicken Pot Pie Soup | Keto | Low carb recipe,American,59.87,20.07,102.26,2022-10-16,18:08:17,2.983059292476333,0.19626442401721103
Keto,"Mini Zucchini Avocado Burgers Recipe [Paleo, Keto, AIP]",American,44.44,15.24,93.04,2022-10-16,18:08:17,2.916010498687664,0.1638005159071367
Keto,"Coconut Oil Baked Spaghetti Squash Recipe [Paleo, AIP, Keto]",Italian,2.59,27.92,16.12,2022-10-16,18:08:17,0.09276504297994269,1.7320099255583126
Keto,"Paleo Caesar Dressing Recipe (2 Methods) [Keto, Dairy-Free]",American,12.28,5.99,227.86,2022-10-16,18:08:17,2.05008347245409,0.026288071622926356
Keto,Low carb and Keto Chocolate Candy Kisses (Baci) recipes,American,16.84,37.21,139.49,2022-10-16,18:08:17,0.4525665143778554,0.26675747365402536
Keto,Low Carb Keto Soy Wrapped Spicy Salmon Sushi Roll,Nordic,88.9,8.65,91.63,2022-10-16,18:08:24,10.277456647398845,0.09440139692240533
Keto,"Keto Chicken Cauliflower Casserole Recipe [Dairy-Free, Paleo]",Italian,114.07,102.01,147.95,2022-10-16,18:08:24,1.1182237035584746,0.6894896924636702
Keto,Instant Pot Broccoli Cheese Soup--HUGE Batch KETO,American,186.92,148.87,801.84,2022-10-16,18:08:24,1.255592127359441,0.18566048089394394
Keto,"Low Carb Mexican Pizza - Keto, Gluten Free recipes",Italian,138.46,38.44,208.23,2022-10-16,18:08:24,3.601977107180021,0.18460356336743025
Keto,"Baked Tuna Melt Jalapeño Poppers (Keto, Gluten-Free)",Mexican,294.53,187.42,280.9,2022-10-16,18:08:24,1.571497172126774,0.6672125311498754
Keto,Keto Pizza Cauliflower Casserole (low carb and gluten free),Italian,270.18,78.05,406.22,2022-10-16,18:08:24,3.461627162075593,0.19213726552114616
Keto,Sara Louise's Keto Hungarian Chicken Paprikash (Instant Pot),Central Europe,243.48,67.79,230.33,2022-10-16,18:08:24,3.591680188818409,0.2943168497373334
Keto,"Paleo Passion Fruit Coconut Yogurt Parfait Recipe [AIP, Keto]",French,1.69,507.23,3.13,2022-10-16,18:08:24,0.003331821855962778,162.05431309904154
Keto,Wednesday Keto Diet Plan | Veg and Non-Vegetarian Recipes,American,187.76,47.75,276.05,2022-10-16,18:08:24,3.9321465968586384,0.17297591016120267
Keto,"Almond Butter Freezer Fudge (Keto, Vegan, Gluten-free, Paleo)",American,55.06,75.09,200.22,2022-10-16,18:08:24,0.7332534292182714,0.3750374587953252
Keto,Keto Rocket Fuel Cafe Mocha with Chia Seeds recipes,American,4.5,9.77,27.72,2022-10-16,18:08:24,0.46059365404298874,0.35245310245310246
Keto,Priya's Keto Avocado Garlic Chutney - Step by Step Recipe,Indian,7.46,32.94,32.35,2022-10-16,18:08:31,0.22647237401335762,1.0182380216383307
Keto,Broccoli Kale Pizza Crust Recipe | Crispy Keto Pizza Crust,Italian,47.53,71.41,39.84,2022-10-16,18:08:31,0.6655930541940905,1.7924196787148592
Keto,"BLTA Stuffed Tomatoes - Low Carb, Paleo, Keto, GF recipes",Italian,26.2,35.95,110.12,2022-10-16,18:08:31,0.7287899860917941,0.32646204140937163
Keto,Sara Louise's Keto Herbed Mustard Cod With Cauliflower Rice,Mediterranean,126.08,15.35,51.93,2022-10-16,18:08:31,8.213680781758958,0.2955902176006162
Keto,4-Ingredient THM Chocolate Coconut Candy (easy keto fat bombs!),French,4.22,13.09,220.95,2022-10-16,18:08:31,0.32238349885408707,0.059244172889794076
Keto,Instant Pot® Keto Thai Chicken Soup (Tom Kha Gai),South East Asian,175.18,57.38,209.5,2022-10-16,18:08:31,3.052980132450331,0.27389021479713604
Keto,"Chocolate Keto Brownies (Low Carb, Sugar-free, Grain-Free)",French,34.4,32.72,123.11,2022-10-16,18:08:31,1.0513447432762837,0.26577857200877264
Keto,"Dry Rubbed Ribs - Low Carb, Keto, Gluten-Free recipes",American,210.22,23.49,180.76,2022-10-16,18:08:31,8.949340144742445,0.12995131666297854
Keto,Coconut Curry Chicken: A Keto Low Carb Curry Recipe,Indian,109.96,48.36,141.36,2022-10-16,18:08:31,2.273779983457403,0.3421052631578947
Keto,"Keto Chicken Jalapeno Poppers Recipe [Dairy-Free, Low Carb, Paleo]",American,58.62,4.96,85.31,2022-10-16,18:08:31,11.818548387096774,0.05814089790177002
Keto,"Pumpkin Spice Vegan Keto Doughnuts (paleo, nut free) recipes",American,8.88,36.52,37.88,2022-10-16,18:08:31,0.24315443592552027,0.9640971488912355
Keto,Sheet Pan Keto Chicken Sausage with Roasted Brussels Sprouts and Tomatoes,Mediterranean,27.5,27.64,76.82,2022-10-16,18:08:31,0.9949348769898697,0.3598021348607134
Keto,Ultimate Keto Fathead Cauliflower Pizza Crust in the Known Universe,Italian,53.33,34.03,79.24,2022-10-16,18:08:31,1.567146635321775,0.429454820797577
Keto,"Creamy Avocado Zoodles with Bacon {Keto, Low Carb, Paleo} — Steemit",American,22.38,35.8,75.69,2022-10-16,18:08:31,0.6251396648044693,0.4729818998546703
Keto,"Creamy Paleo Cauliflower Mash Recipe [Dairy-Free, Keto, AIP]",American,6.39,15.09,38.84,2022-10-16,18:08:31,0.42345924453280315,0.38851699279093715
Keto,"Dijon Chicken Drummies - Low Carb, Gluten-Free, Keto recipes",French,42.48,41.15,69.99,2022-10-16,18:08:31,1.0323207776427703,0.5879411344477783
Keto,Making Low Carb Keto Ice Cream For The First Time recipes,American,14.34,22.86,120.23,2022-10-16,18:08:31,0.6272965879265092,0.19013557348415536
Keto,Meat Lover's Scramble Keto Egg Bake (Low Carb Friendly),American,136.56,16.11,216.83,2022-10-16,18:08:38,8.476722532588456,0.07429783701517317
Keto,"Gluten Free, Keto Friendly, Low Carb, Buffalo Chicken Casserole",American,130.95,51.54,216.56,2022-10-16,18:08:38,2.540745052386496,0.2379940893978574
Keto,"Keto Cauliflower Fried Rice Recipe, Low Calorie, Low Carb",Chinese,32.67,58.26,39.18,2022-10-16,18:08:38,0.5607621009268795,1.4869831546707504
Keto,Creamy Blue Cheese Dressing – Low Carb Keto Nom! recipes,American,14.56,5.83,64.8,2022-10-16,18:08:38,2.497427101200686,0.08996913580246914
Keto,Sara Louise's Keto Four Cheese Zucchini And Cauliflower Gratin,French,194.27,92.43,382.12,2022-10-16,18:08:38,2.1018067726928487,0.2418873652255836
Keto,"Keto Samoa Bars {THM:S, Low Carb, Ketogenic, Sugar-Free}",American,11.3,63.57,163.0,2022-10-16,18:08:38,0.1777568035236747,0.39
Keto,Easy Low Carb Egg Salad and Day One Back on Keto,American,32.7,3.07,46.98,2022-10-16,18:08:38,10.651465798045605,0.06534695615155385
Keto,Easy Fresh Salsa – Low Carb Keto | Sugar Free recipes,Mexican,8.54,45.23,29.4,2022-10-16,18:08:38,0.18881273491045766,1.53843537414966
Keto,"No-Cook Refreshing Mint Avocado Chilled Soup [Paleo, Keto, AIP]",American,8.96,25.55,78.44,2022-10-16,18:08:38,0.3506849315068493,0.32572667006629274
Keto,Zesty keto chicken broth with broccoli rice and leafy greens,American,138.71,89.43,122.45,2022-10-16,18:08:38,1.5510455104551044,0.7303389138423847
Keto,Instant Pot® Keto Chicken Thighs in Lemon-Garlic Cream Sauce,American,137.9,29.16,225.61,2022-10-16,18:08:38,4.729080932784637,0.12924959000044323
Keto,Easy Keto Broccoli Slaw Recipe (Low Carb and Gluten Free),American,11.34,29.01,75.19,2022-10-16,18:08:38,0.39089968976215095,0.3858225827902647
Keto,Keto Broccoli Cheddar Muffins (Gluten-free/Low Carb) recipes,Italian,107.72,67.4,185.7,2022-10-16,18:08:38,1.5982195845697327,0.36295099623047933
Keto,"Keto Strip Steak Lettuce Wraps (Low Carb, Grain Free)",American,180.65,51.49,165.55,2022-10-16,18:08:44,3.5084482423771606,0.3110238598610692
Keto,"Best Keto & Paleo Tortillas, Taco Shells & Nachos recipes",Mexican,57.32,98.71,161.51,2022-10-16,18:08:44,0.5806909127747949,0.6111695870224754
Keto,"Oven Roasted Garlic Parmesan Cabbage Steaks (Keto, GAPS, Low-Carb)",American,17.59,21.55,44.56,2022-10-16,18:08:44,0.8162412993039443,0.48361759425493717
Keto,Interested in the keto diet? Try this noodle bowl | CBC News,Asian,37.81,86.64,22.39,2022-10-16,18:08:44,0.43640350877192985,3.8695846359982133
Keto,"Broccoli & Chicken Stir Fry Recipe – Low Carb, Keto & Paleo recipes",Chinese,104.47,48.84,99.09,2022-10-16,18:08:44,2.139025389025389,0.49288525582803516
Keto,Fat Bomb Chive Cream Cheese Dip | Keto Fat Bomb Recipe,American,15.82,13.9,133.7,2022-10-16,18:08:44,1.1381294964028776,0.10396409872849664
Keto,"Fresh Chive and Bacon Fat Roasted Black Radishes (AIP/Paleo, Keto)",French,3.48,15.94,51.88,2022-10-16,18:08:44,0.21831869510664995,0.3072474942174248
Keto,"AIP Lime Pickled Radishes [Paleo, Keto] – An Easy Side Dish Recipe",American,0.4,4.35,0.09,2022-10-16,18:08:44,0.09195402298850576,48.33333333333333
Keto,"Low Carb Crispy Walnut Shrimp - Gluten-Free, Keto, LCHF recipes",American,100.18,10.03,103.53,2022-10-16,18:08:44,9.988035892323031,0.09688013136288998
Keto,Bombay Sloppy Joe on Low-Carb Buns recipes,American,109.33,71.68,135.26,2022-10-16,18:08:44,1.5252511160714284,0.5299423332840456
Keto,"Crispy Fried Onions {Gluten-Free Fried Onions} - Whole30, Paleo, Keto",French,29.05,107.97,99.77,2022-10-16,18:08:44,0.26905621932018153,1.082189034779994
Keto,Low-Carb Chocolate Hazelnut Spread aka Keto Nutella recipes,American,67.45,177.68,352.47,2022-10-16,18:08:44,0.3796150382710491,0.504099639685647
Keto,Have A Very Keto Christmas With These 4-Ingredient Chocolate Orange Fat Bombs,Italian,6.29,16.14,204.76,2022-10-16,18:08:44,0.38971499380421315,0.07882398906036336
Keto,"Easy Baked Jicama Fries | Low-Carb, Keto, GF + Vegan",American,5.83,53.49,69.01,2022-10-16,18:08:44,0.10899233501589081,0.7751050572380814
Keto,Keto Dinner rolls - egg and dairy free! (none of that fathead here),American,61.44,25.9,50.74,2022-10-16,18:08:51,2.372200772200772,0.51044540796216
Keto,"Strawberry Oregano Turkey Burgers (Whole30, Paleo, Keto, Nut Free) recipes",American,198.47,49.07,120.95,2022-10-16,18:08:51,4.044630120236397,0.405704836709384
Keto,"Low Carb Chicken and Cheese Quesadillas {Gluten-free, Keto-friendly} recipes",Mexican,105.69,24.26,73.94,2022-10-16,18:08:51,4.356553998351195,0.328103868001082
Keto,Pork Curry over Cauliflower Rice | Low Carb | Keto | Gluten Free,South East Asian,105.75,38.83,45.28,2022-10-16,18:08:51,2.7234097347411796,0.8575530035335689
Keto,"Low Carb Chocolate Peanut Butter Cups {Gluten Free, Keto-Friendly} recipes",American,25.59,44.3,268.92,2022-10-16,18:08:51,0.5776523702031603,0.16473300609846792
Keto,"Aunt Rocky’s Chorizo and Spaghetti Squash Casserole (Low Carb, Keto)",Italian,126.73,77.95,197.8,2022-10-16,18:08:51,1.62578576010263,0.3940849342770475
Keto,Keto Chicken Pad Thai - Low Carb Stir Fried Noodles Recipe,South East Asian,161.6,409.17,151.65,2022-10-16,18:08:51,0.39494586602145804,2.6981206726013847
Keto,"Easy Tomato Feta Soup Recipe - Low Calorie, Low Carb, Keto",Mediterranean,28.7,68.45,82.08,2022-10-16,18:08:51,0.4192841490138787,0.8339424951267057
Keto,4 Ingredient Mushroom Soup Recipe – Dairy Free + Low Carb + Keto Diet recipes,American,16.16,21.95,93.82,2022-10-16,18:08:51,0.7362186788154897,0.2339586442123215
Keto,"Baked Low Carb Zucchini Fries (Paleo, AIP, Keto, Dairy Free)",French,25.33,57.48,97.11,2022-10-16,18:08:51,0.4406750173973556,0.5919060858819895
Keto,"Keto Asian Meatballs Recipe with Dipping Sauce [Paleo, Dairy-Free]",Italian,93.72,34.87,119.12,2022-10-16,18:08:51,2.687697160883281,0.2927300201477501
Keto,"Low Carb Vegan Ranch Dressing (dairy free, soy-free, keto) recipes",American,37.85,41.23,80.91,2022-10-16,18:08:51,0.9180208585981082,0.5095785440613027
Keto,Keto Lamb Shanks Recipe Pressure Cooker [or Slow] - Falls Off The Bone,Middle Eastern,221.08,32.92,208.59,2022-10-16,18:08:51,6.715674362089915,0.1578215638333573
Keto,"Aunt Rocky’s Keto Hot Cocoa Mix (Sugar Free, Dairy Free, Low Carb)",American,37.91,165.84,34.48,2022-10-16,18:08:58,0.22859382537385428,4.809744779582367
Keto,"The Best Keto Pizza - Gluten-Free, Low Carb and Protein-Packed! recipes",Italian,139.68,44.42,177.88,2022-10-16,18:08:58,3.144529491220171,0.24971891162581517
Keto,"Vietnamese Pho-Inspired Tomato Beef Soup (Paleo, Whole30, Keto) recipes",South East Asian,100.9,39.23,73.2,2022-10-16,18:08:58,2.5720112159061945,0.5359289617486338
Keto,"Low Carb Beef and Cheddar Cauliflower Bake, THM S meal, Keto too",British,710.81,112.56,1154.61,2022-10-16,18:08:58,6.314943141435678,0.09748746329929588
Keto,"Vegan Keto Buffalo Jackfruit Dip (soy-free, dairy-free, coconut-free)",American,26.97,171.28,102.15,2022-10-16,18:08:58,0.15746146660439048,1.6767498776309349
Keto,Easy keto and Low Carb Chicken Broccoli Casserole (Paleo and Gluten Free),Italian,137.72,43.49,113.95,2022-10-16,18:08:58,3.1667049896527937,0.3816586222027205
Keto,Creamy Chicken Alfredo Zoodles with Mushrooms – Low Carb Keto Ease! recipes,French,42.13,22.91,59.02,2022-10-16,18:08:58,1.8389349628982978,0.38817350050830224
Keto,Keto-Friendly Watergate Salad (aka Pistachio Cheesecake Mousse with Pineapple and Cherries),American,17.99,47.38,120.16,2022-10-16,18:08:58,0.37969607429295055,0.3943075898801598
Keto,"No Bake Pumpkin Keto Cheesecake Bars (Low Carb, Sugar Free, Gluten Free)",American,35.57,37.07,168.33,2022-10-16,18:08:58,0.9595360129484759,0.22022218261747756
Keto,Large Family Keto Instant Pot Beef Stew (Low Carb/THM S),French,268.97,68.02,57.98,2022-10-16,18:08:58,3.95427815348427,1.173163159710245
Keto,Sara Louise's Keto Salmon Burgers With Homemade Thai Sweet Chilli Sauce,South East Asian,237.19,43.08,207.35,2022-10-16,18:08:58,5.505803156917363,0.20776464914395948
Keto,Pumpkin in Browned Butter – aka Refried Pumpkin | Keto Allergy KISS Day 2 recipes,American,10.58,24.24,40.3,2022-10-16,18:08:58,0.4364686468646865,0.6014888337468983
Keto,"Low Carb Blueberry Cheesecake Ice Cream (Keto, Sugar Free, Gluten Free)",American,20.32,21.36,115.31,2022-10-16,18:08:58,0.951310861423221,0.18523978839649638
Keto,"Kung Pao Cauliflower Chicken - Low Carb, Keto, Paleo and Gluten-Free! recipes",Eastern Europe,264.42,103.62,53.3,2022-10-16,18:08:58,2.551823972206138,1.9440900562851784
Keto,"Wedge Salad with Homemade Blue Cheese Dressing - Low Carb, Keto, GF recipes",American,79.65,51.24,369.24,2022-10-16,18:08:58,1.554449648711944,0.1387715307117322
Keto,"Low Carb Taco Soup for the Instant Pot or Slow Cooker, Keto, THM too",French,581.42,102.78,677.8,2022-10-16,18:08:58,5.656937147304923,0.15163765122455003
Keto,Never Fail Hollandaise – Low Carb Keto | Gluten Free | Egg Fast Magic recipes,French,7.63,4.35,114.38,2022-10-16,18:08:58,1.7540229885057472,0.03803112432243399
Keto,"Peanut Butter Chocolate Chip Mason Jar Ice Cream (Keto, L/C, S/F)",American,13.33,58.46,111.04,2022-10-16,18:09:05,0.22801915839890524,0.5264769452449567
Keto,This super-greens keto omelette with prawn and avocado is your new weeknight saviour,Japanese,77.64,90.8,154.27,2022-10-16,18:09:05,0.8550660792951542,0.5885784663252738
Keto,"Healthy Homemade Keto Ice Cream in a Jar | Low Carb, Trim Healthy Mama S, too",American,18.98,51.67,194.03,2022-10-16,18:09:05,0.36733113992645633,0.2662990259238262
Keto,"Paleo Chocolate Mousse Cake (dairy Free, Raw Dessert, Keto, Paleo, Gluten Free) recipes",American,48.81,278.15,264.65,2022-10-16,18:09:05,0.17548085565342444,1.0510107689401096
Keto,Dinners don't get easier than this maple-glazed keto salmon and greens recipe,American,111.38,79.04,86.58,2022-10-16,18:09:05,1.40915991902834,0.912912912912913
Keto,"Pork rind tortillas: A keto-friendly recipe that replicates our go-to shells for tacos, fajitas and more",Mexican,56.65,1.08,61.73,2022-10-16,18:09:05,52.4537037037037,0.01749554511582699
Keto,"No-Beans Hummus from The Keto Diet (reprinted with permission, ©Leanne Vogel, Victory, 2017) recipes",Mediterranean,23.05,49.3,119.18,2022-10-16,18:09:05,0.4675456389452333,0.41366001006880343
Keto,Egg Fast Recipe – Tex Mex White Egg Pizza a Low Carb Keto Pizza Bonanza! recipes,Italian,25.66,8.52,60.58,2022-10-16,18:09:05,3.011737089201878,0.1406404754044239
Keto,"Thai Coconut Red Curry Chicken Thighs with Bok Choy - Paleo, Gluten-Free, Keto, Low Carb recipes",South East Asian,280.52,59.34,454.58,2022-10-16,18:09:05,4.727334007414897,0.13053807910598797
Keto,Fried cabbage and sausage,Middle Eastern,29.91,60.68,98.6,2022-10-16,18:09:05,0.49291364535266974,0.6154158215010143
Keto,"Low Carb ""Breading""",American,57.11,6.27,40.34,2022-10-16,18:09:05,9.108452950558215,0.15542885473475457
Keto,Banana chia pudding,British,8.59,22.53,55.6,2022-10-16,18:09:05,0.38126941855304036,0.4052158273381295
Keto,Aunt Rocky’s Spam Scramble,American,64.52,11.65,77.07,2022-10-16,18:09:05,5.5381974248927035,0.15116128195147271
Keto,Orange cream jello cups,Mediterranean,6.45,23.85,44.03,2022-10-16,18:09:05,0.27044025157232704,0.541676129911424
Keto,Aunt Rocky’s Garlic Butter Shrimp with Asparagus,French,50.72,12.14,70.62,2022-10-16,18:09:05,4.177924217462932,0.17190597564429339
Keto,Egg and mozzarella pizza crust (1/2 pie),Italian,137.39,14.28,147.09,2022-10-16,18:09:05,9.621148459383752,0.09708341831531715
Keto,Aunt Rocky’s Chicken & Avocado Wraps Filling,American,12.29,6.47,38.41,2022-10-16,18:09:05,1.8995363214837713,0.16844571726112992
Keto,Orange Dream,British,16.27,90.19,133.44,2022-10-16,18:09:12,0.18039693979376872,0.6758842925659473
Keto,Adam's Vanilla Chia Pudding,British,19.78,51.14,76.19,2022-10-16,18:09:12,0.38678138443488463,0.6712166951043445
Keto,"Aunt Rocky’s Quick Protein Eggnog (Sugar Free, Low Carb)",World,7.09,40.72,16.1,2022-10-16,18:09:12,0.17411591355599215,2.5291925465838507
Keto,Sausage and Cheese Balls,American,217.14,13.59,335.53,2022-10-16,18:09:12,15.977924944812361,0.04050308467201145
Keto,Macadamia Crusted Mahi Mahi,Mediterranean,80.72,9.01,59.89,2022-10-16,18:09:12,8.958934517203108,0.15044247787610618
Keto,Fully loaded pan fried radishes,British,25.59,8.78,25.2,2022-10-16,18:09:12,2.914578587699317,0.3484126984126984
Keto,Fathead pizza crust,Italian,83.43,479.9,34.44,2022-10-16,18:09:12,0.1738487184830173,13.93437862950058
Keto,Tuscan Pork Tenderloin,Italian,375.92,8.09,64.63,2022-10-16,18:09:12,46.467243510506805,0.12517406777038528
Keto,Aunt Rocky’s Almond Butter Fat Bomb,American,26.23,64.01,110.21,2022-10-16,18:09:12,0.4097797219184502,0.5808002903547773
Keto,"Aunt Rocky’s Sausage & Cheddar Biscuit Snacks (Gluten-Free, Low Carb)",American,142.12,37.8,245.26,2022-10-16,18:09:12,3.7597883597883603,0.15412215607926283
Keto,Aunt Rocky’s Spaghetti Squash Carbonara,Italian,107.46,42.39,203.11,2022-10-16,18:09:12,2.535031847133758,0.2087046428043917
Keto,Chocolate mug cake,British,9.72,12.63,19.06,2022-10-16,18:09:12,0.7695961995249406,0.6626442812172089
Keto,Chicken appetizer,British,167.65,124.1,306.51,2022-10-16,18:09:12,1.3509266720386786,0.40488075429839154
Keto,Beef Crust for Pizza,Italian,75.92,4.27,121.14,2022-10-16,18:09:12,17.77985948477752,0.0352484728413406
Keto,Strawberry chocolate chip cheesecake,American,22.66,70.33,197.06,2022-10-16,18:09:18,0.32219536470922794,0.3568963767380493
Keto,Spinach feta fritatta,Mediterranean,21.91,3.42,33.67,2022-10-16,18:09:18,6.406432748538012,0.10157410157410157
Keto,Bacon Wrapped Meatloaf,American,232.88,6.28,215.88,2022-10-16,18:09:18,37.0828025477707,0.02909023531591625
Keto,Chocolate Almond Coconut Fat Bombs,French,24.61,45.84,351.68,2022-10-16,18:09:18,0.5368673647469459,0.13034576888080074
Keto,Stuffed Pork Chops,American,188.32,5.75,133.89,2022-10-16,18:09:18,32.751304347826085,0.04294570169542162
Keto,Mascarpone Mousse,American,18.61,20.85,166.17,2022-10-16,18:09:18,0.8925659472422062,0.12547391225853044
Keto,Mushroom Base,French,19.67,32.14,132.2,2022-10-16,18:09:18,0.6120099564405725,0.24311649016641454
Keto,Aunt Rocky’s Colored Sprinkles (Sugar Free),American,0.0,12.0,0.0,2022-10-16,18:09:18,0.0,inf
Keto,Ham and egg salad,American,70.04,10.85,128.41,2022-10-16,18:09:18,6.4552995391705075,0.08449497702671131
Keto,Succulent Sous Vide Chicken Thighs,American,255.23,4.89,275.25,2022-10-16,18:09:18,52.194274028629856,0.01776566757493188
Keto,Cream of Mushrooms,American,10.45,20.25,75.25,2022-10-16,18:09:18,0.5160493827160494,0.2691029900332226
Keto,Macadamia Fat Bread,French,53.77,79.92,266.07,2022-10-16,18:09:18,0.6727977977977978,0.30037208253467135
Keto,"Beef, cream cheese & shredded cheese",American,169.13,7.26,239.23,2022-10-16,18:09:18,23.296143250688704,0.030347364460978975
Keto,No Carb (No Cauliflower) Pizza Crust,Italian,225.2,10.55,94.58,2022-10-16,18:09:18,21.345971563981042,0.11154578134912245
Keto,Indian Coconut Curry Salmon,Nordic,62.59,39.71,65.81,2022-10-16,18:09:18,1.5761772853185596,0.6034037380337335
Keto,Eggnog,French,11.78,30.36,140.04,2022-10-16,18:09:18,0.3880105401844532,0.21679520137103686
Keto,Strawberry chocolate chip cheesecake,American,22.66,70.33,197.06,2022-10-16,18:09:25,0.32219536470922794,0.3568963767380493
Keto,Spinach feta fritatta,Mediterranean,21.91,3.42,33.67,2022-10-16,18:09:25,6.406432748538012,0.10157410157410157
Keto,Bacon Wrapped Meatloaf,American,232.88,6.28,215.88,2022-10-16,18:09:25,37.0828025477707,0.02909023531591625
Keto,Chocolate Almond Coconut Fat Bombs,French,24.61,45.84,351.68,2022-10-16,18:09:25,0.5368673647469459,0.13034576888080074
Keto,Stuffed Pork Chops,American,188.32,5.75,133.89,2022-10-16,18:09:25,32.751304347826085,0.04294570169542162
Keto,Mascarpone Mousse,American,18.61,20.85,166.17,2022-10-16,18:09:25,0.8925659472422062,0.12547391225853044
Keto,Mushroom Base,French,19.67,32.14,132.2,2022-10-16,18:09:25,0.6120099564405725,0.24311649016641454
Keto,Aunt Rocky’s Colored Sprinkles (Sugar Free),American,0.0,12.0,0.0,2022-10-16,18:09:25,0.0,inf
Keto,Ham and egg salad,American,70.04,10.85,128.41,2022-10-16,18:09:25,6.4552995391705075,0.08449497702671131
Keto,Succulent Sous Vide Chicken Thighs,American,255.23,4.89,275.25,2022-10-16,18:09:25,52.194274028629856,0.01776566757493188
Keto,Cream of Mushrooms,American,10.45,20.25,75.25,2022-10-16,18:09:25,0.5160493827160494,0.2691029900332226
Keto,Macadamia Fat Bread,French,53.77,79.92,266.07,2022-10-16,18:09:25,0.6727977977977978,0.30037208253467135
Keto,"Beef, cream cheese & shredded cheese",American,169.13,7.26,239.23,2022-10-16,18:09:25,23.296143250688704,0.030347364460978975
Keto,No Carb (No Cauliflower) Pizza Crust,Italian,225.2,10.55,94.58,2022-10-16,18:09:25,21.345971563981042,0.11154578134912245
Keto,Indian Coconut Curry Salmon,Nordic,62.59,39.71,65.81,2022-10-16,18:09:25,1.5761772853185596,0.6034037380337335
Keto,Eggnog,French,11.78,30.36,140.04,2022-10-16,18:09:25,0.3880105401844532,0.21679520137103686
Mediterranean,Mediterranean Cucumber Tonic,Mediterranean,0.25,12.01,0.33,2022-10-16,16:43:14,0.020815986677768527,36.39393939393939
Mediterranean,Loup de Mer (Mediterranean Seabass),Mediterranean,306.14,43.1,26.55,2022-10-16,16:43:14,7.103016241299303,1.6233521657250471
Mediterranean,"Mediterranean Baked Trout with Olives, Fennel & Tomatoes recipes",Mediterranean,187.14,42.31,87.94,2022-10-16,16:43:14,4.423067832663673,0.48112349329088017
Mediterranean,Mediterranean Salmon Risotto recipes,Nordic,395.5,287.1,291.04,2022-10-16,16:43:14,1.3775687913618948,0.9864623419461243
Mediterranean,Mediterranean Pita Melts,Mediterranean,46.57,139.71,37.7,2022-10-16,16:43:14,0.3333333333333333,3.705835543766578
Mediterranean,Mediterranean Salmon Stuffed Shells,Nordic,333.01,414.66,230.05,2022-10-16,16:43:14,0.8030916895770027,1.802477722234297
Mediterranean,Easy Stuffed Peppers,Italian,76.64,429.13,58.98,2022-10-16,16:43:14,0.17859389928459907,7.2758562224482874
Mediterranean,Mediterranean Spiced Cucumber Medallions,Mediterranean,29.67,23.24,28.44,2022-10-16,16:43:14,1.2766781411359727,0.8171589310829817
Mediterranean,Marinated Mediterranean Olives,Mediterranean,4.76,34.08,50.12,2022-10-16,16:43:14,0.1396713615023474,0.6799680766161214
Mediterranean,Loup De Mer (Mediterranean Seabass),Mediterranean,306.68,45.78,26.54,2022-10-16,16:43:14,6.698995194408038,1.7249434815373024
Mediterranean,Mediterranean Chicken,Mediterranean,281.25,78.76,167.28,2022-10-16,16:43:14,3.5709751142712034,0.4708273553323769
Mediterranean,Grilled Tofu with a Mediterranean Chopped Salad,Asian,33.62,16.2,30.37,2022-10-16,16:43:14,2.0753086419753086,0.5334211392821864
Mediterranean,Mediterranean Rub,Mediterranean,1.09,4.56,0.18,2022-10-16,16:43:14,0.2390350877192983,25.333333333333332
Mediterranean,Mediterranean Chicken Lettuce Wrap Tacos recipes,Mediterranean,96.62,37.84,74.64,2022-10-16,16:43:14,2.55338266384778,0.5069667738478029
Mediterranean,Mediterranean Lasagna,Italian,218.34,271.22,268.81,2022-10-16,16:43:14,0.8050291276454538,1.0089654402737995
Mediterranean,Mediterranean Olive Hummus,Mediterranean,25.97,78.69,57.46,2022-10-16,16:43:14,0.33002922861863004,1.3694744169857291
Mediterranean,Mediterranean Chicken,Mediterranean,99.66,116.78,118.14,2022-10-16,16:43:14,0.8533995547182737,0.9884882342982901
Mediterranean,Flatbread Pizza With Prosciutto & Gorgonzola,Italian,216.49,528.48,215.02,2022-10-16,16:43:14,0.40964653345443536,2.457817877406753
Mediterranean,Mediterranean Mix,Mediterranean,8.11,9.59,14.64,2022-10-16,16:43:14,0.8456725755995829,0.6550546448087431
Mediterranean,Mediterranean Wrap,Mediterranean,135.85,31.94,40.02,2022-10-16,16:43:14,4.253287413901064,0.7981009495252374
Mediterranean,Mediterranean Marinade,Mediterranean,1.5,12.79,68.75,2022-10-16,16:43:20,0.11727912431587179,0.1860363636363636
Mediterranean,Mediterranean Wrap,Mediterranean,14.19,36.47,40.3,2022-10-16,16:43:20,0.3890869207567864,0.9049627791563276
Mediterranean,Mediterranean Spatchcock Chicken,Mediterranean,159.58,10.45,168.86,2022-10-16,16:43:20,15.270813397129189,0.06188558569228946
Mediterranean,"Crab, Scallion And Tomato Quiche",French,108.21,136.89,138.56,2022-10-16,16:43:20,0.7904887135656367,0.9879474595842955
Mediterranean,Mediterranean Chicken,Mediterranean,156.48,26.53,88.33,2022-10-16,16:43:20,5.898228420655861,0.3003509566398732
Mediterranean,Mediterranean Appetizer Board,Mediterranean,88.77,305.3,112.14,2022-10-16,16:43:20,0.2907631837536849,2.722489744961655
Mediterranean,Mediterranean Chicken,Mediterranean,327.56,57.06,146.5,2022-10-16,16:43:20,5.740623904661759,0.38948805460750857
Mediterranean,Homemade Labneh,Mexican,25.18,12.46,59.23,2022-10-16,16:43:20,2.0208667736757624,0.21036636839439476
Mediterranean,Mediterranean Slices,Mediterranean,64.35,201.3,192.7,2022-10-16,16:43:20,0.31967213114754095,1.0446289569278673
Mediterranean,Tapenade,Mediterranean,8.08,22.69,56.26,2022-10-16,16:43:20,0.3561040105773468,0.40330607891930326
Mediterranean,Mediterranean Marinade,Mediterranean,1.5,12.79,68.75,2022-10-16,16:43:20,0.11727912431587179,0.1860363636363636
Mediterranean,Mediterranean Tuna,Mediterranean,69.04,28.09,42.29,2022-10-16,16:43:20,2.4578141687433255,0.6642232206195318
Mediterranean,Mediterranean Couscous,Mediterranean,47.95,284.92,8.88,2022-10-16,16:43:20,0.16829285413449388,32.085585585585584
Mediterranean,Mediterranean Pasta,Mediterranean,77.45,363.81,112.54,2022-10-16,16:43:20,0.21288584700805366,3.2327172560867248
Mediterranean,Mediterranean Pizza,Italian,62.07,192.5,41.81,2022-10-16,16:43:20,0.3224415584415584,4.6041616838077015
Mediterranean,Mediterranean Pizza,Italian,64.24,213.66,49.41,2022-10-16,16:43:20,0.3006646073200412,4.324225865209472
Mediterranean,Mediterranean Herb Rub,Mediterranean,1.69,5.68,14.25,2022-10-16,16:43:20,0.2975352112676056,0.39859649122807017
Mediterranean,Herby Mediterranean Fish with Wilted Greens & Mushrooms,Mediterranean,68.27,41.25,50.83,2022-10-16,16:43:20,1.6550303030303029,0.8115286248278576
Mediterranean,Mediterranean Guacamole,Mediterranean,10.34,47.1,66.56,2022-10-16,16:43:20,0.2195329087048832,0.7076322115384616
Mediterranean,Mediterranean Crostini,Mediterranean,44.88,166.3,100.32,2022-10-16,16:43:20,0.2698737221888154,1.6576953748006382
Mediterranean,Mediterranean scones,Mediterranean,68.48,300.62,96.8,2022-10-16,16:43:27,0.227795888497106,3.1055785123966944
Mediterranean,Mediterranean Guacamole,Mediterranean,18.05,80.87,119.28,2022-10-16,16:43:27,0.22319772474341534,0.6779845741113347
Mediterranean,Mediterranean Brisket,Mediterranean,206.85,29.03,258.03,2022-10-16,16:43:27,7.125387530141233,0.11250629771731971
Mediterranean,Mediterranean Succotash,American,55.63,217.06,33.77,2022-10-16,16:43:27,0.2562885838017138,6.427598460171749
Mediterranean,Mediterranean Pizza,Italian,74.32,394.77,69.24,2022-10-16,16:43:27,0.1882615193657066,5.701473136915078
Mediterranean,Mediterranean Tuna Melt,Mediterranean,140.01,68.39,108.71,2022-10-16,16:43:27,2.04722912706536,0.6291049581455248
Mediterranean,Mediterranean Chicken,Mediterranean,345.61,150.24,392.03,2022-10-16,16:43:27,2.3003860489882855,0.3832359768385073
Mediterranean,Mediterranean Chicken,Mediterranean,119.31,240.48,89.59,2022-10-16,16:43:27,0.49613273453093815,2.684228150463221
Mediterranean,Mediterranean Ratatouille,French,28.88,150.49,59.84,2022-10-16,16:43:27,0.19190643896604423,2.514872994652406
Mediterranean,Mediterranean Bruschetta,Mediterranean,90.59,253.26,127.67,2022-10-16,16:43:27,0.35769564874042487,1.9837079971802303
Mediterranean,Chicken Souvlaki Kebabs with Mediterranean Couscous,Mediterranean,132.49,123.37,61.32,2022-10-16,16:43:27,1.0739239685498907,2.011904761904762
Mediterranean,Mediterranean Chicken,Mediterranean,197.86,48.16,84.59,2022-10-16,16:43:27,4.108388704318937,0.5693344366946447
Mediterranean,Easy Mediterranean Spice,Mediterranean,0.74,3.93,0.16,2022-10-16,16:43:27,0.18829516539440203,24.5625
Mediterranean,Mediterranean Cod,Mediterranean,88.36,39.99,25.91,2022-10-16,16:43:27,2.2095523880970243,1.5434195291393284
Mediterranean,Mediterranean Potato Salad,Mediterranean,35.22,172.83,72.64,2022-10-16,16:43:27,0.20378406526644677,2.3792676211453747
Mediterranean,Mediterranean Bruschetta,Mediterranean,100.86,254.0,124.95,2022-10-16,16:43:27,0.3970866141732283,2.0328131252501
Mediterranean,Mediterranean Risotto,Italian,83.82,325.59,120.42,2022-10-16,16:43:27,0.25744033907675296,2.703786746387643
Mediterranean,Mediterranean Marinade,Mediterranean,4.06,22.62,163.26,2022-10-16,16:43:27,0.17948717948717946,0.13855200294009556
Mediterranean,Middle Eastern Salad Bowls with Farro & Chicken,Italian,131.92,106.72,28.87,2022-10-16,16:43:27,1.2361319340329835,3.6965708347765847
Mediterranean,Mediterranean Flounder,Mediterranean,72.24,32.18,21.62,2022-10-16,16:43:27,2.2448725916718457,1.488436632747456
Mediterranean,Mediterranean Toast,Mediterranean,9.99,21.92,8.78,2022-10-16,16:43:34,0.45574817518248173,2.496583143507973
Mediterranean,Mediterranean Chicken,Mediterranean,206.03,90.4,74.48,2022-10-16,16:43:34,2.2790929203539823,1.21374865735768
Mediterranean,Mediterranean Salad,Mediterranean,86.43,430.82,121.02,2022-10-16,16:43:34,0.20061742723179055,3.559907453313502
Mediterranean,Mediterranean Salad,Mediterranean,46.13,82.86,166.28,2022-10-16,16:43:34,0.5567221819937244,0.49831609333654076
Mediterranean,Mediterranean Veggie Sandwiches,Mediterranean,39.85,109.52,42.36,2022-10-16,16:43:34,0.36386048210372535,2.5854579792256844
Mediterranean,Mediterranean Chicken,Mediterranean,94.96,46.31,85.96,2022-10-16,16:43:34,2.0505290434031522,0.5387389483480689
Mediterranean,Mediterranean Eggs,Mediterranean,72.83,50.7,62.3,2022-10-16,16:43:34,1.4364891518737672,0.8138041733547352
Mediterranean,Mediterranean Focaccia,Italian,112.38,549.98,90.39,2022-10-16,16:43:34,0.20433470308011198,6.084522624184092
Mediterranean,Mediterranean Pizza,Italian,274.45,491.11,321.61,2022-10-16,16:43:34,0.5588361059640407,1.5270358508752837
Mediterranean,Mediterranean Brisket,Mediterranean,256.51,70.19,312.08,2022-10-16,16:43:34,3.6545091893432113,0.2249102794155345
Mediterranean,Mediterranean Shrimp,Mediterranean,162.9,260.05,110.64,2022-10-16,16:43:34,0.6264179965391271,2.350415762834418
Mediterranean,Mediterranean Tabbouleh,Middle Eastern,27.05,120.15,46.85,2022-10-16,16:43:34,0.22513524760715772,2.5645677694770543
Mediterranean,Orecchiette with Mixed Greens and Goat Cheese,Italian,24.37,84.92,9.07,2022-10-16,16:43:34,0.2869759773904852,9.362734288864388
Mediterranean,Mediterranean Burgers,Nordic,60.55,277.05,57.72,2022-10-16,16:43:34,0.21855260783252117,4.79989604989605
Mediterranean,Mediterranean Herb Mix,Mediterranean,1.89,13.86,2.01,2022-10-16,16:43:34,0.13636363636363635,6.895522388059702
Mediterranean,Mediterranean Pork Chops,Mediterranean,93.07,3.7,59.04,2022-10-16,16:43:34,25.15405405405405,0.06266937669376695
Mediterranean,Chopped Mediterranean Salad,Mediterranean,7.71,12.57,12.37,2022-10-16,16:43:34,0.6133651551312649,1.0161681487469685
Mediterranean,Mediterranean-Stuffed Chicken,Mediterranean,251.23,12.72,54.64,2022-10-16,16:43:34,19.75078616352201,0.232796486090776
Mediterranean,Mediterranean Bento Lunch,Mediterranean,39.83,92.83,19.93,2022-10-16,16:43:34,0.4290638802111386,4.657802308078274
Mediterranean,Mediterranean Picnic Snack,Mediterranean,7.17,20.8,5.87,2022-10-16,16:43:34,0.34471153846153846,3.5434412265758093
Mediterranean,Mediterranean Omelet recipes,Mediterranean,17.88,6.39,21.62,2022-10-16,16:43:41,2.7981220657276995,0.2955596669750231
Mediterranean,Mediterranean Fish Fillets,Mediterranean,45.03,18.04,8.17,2022-10-16,16:43:41,2.496119733924612,2.208078335373317
Mediterranean,Mediterranean Orzo Salad,Mediterranean,52.08,191.86,79.51,2022-10-16,16:43:41,0.2714479307828625,2.4130298075713745
Mediterranean,Grilled Mediterranean Snapper,Mediterranean,145.7,35.22,41.89,2022-10-16,16:43:41,4.136854060193072,0.8407734542850321
Mediterranean,Mediterranean Salmon Skewers,Nordic,94.73,17.42,69.99,2022-10-16,16:43:41,5.438002296211251,0.2488926989569939
Mediterranean,Mediterranean Herb Rub,Mediterranean,6.62,24.47,7.57,2022-10-16,16:43:41,0.2705353494074377,3.232496697490092
Mediterranean,Mediterranean Zucchini Hash,Mediterranean,14.73,76.43,12.57,2022-10-16,16:43:41,0.19272536961925943,6.080350039777247
Mediterranean,Mediterranean Pressed Sandwich,Italian,119.01,180.49,96.61,2022-10-16,16:43:41,0.6593717103440634,1.8682331021633372
Mediterranean,Mediterranean Lentil Salad,Mediterranean,81.66,138.32,99.65,2022-10-16,16:43:41,0.5903701561596298,1.3880582037129954
Mediterranean,Mediterranean Pasta Salad,Mediterranean,31.63,47.39,23.33,2022-10-16,16:43:41,0.667440388267567,2.0312901843120446
Mediterranean,Mediterranean Chicken recipes,Mediterranean,146.34,20.28,109.94,2022-10-16,16:43:41,7.215976331360946,0.18446425322903404
Mediterranean,Mediterranean Creamsicle Floats,American,9.24,189.03,29.04,2022-10-16,16:43:41,0.04888112997936835,6.509297520661157
Mediterranean,Mediterranean Rice Noodles,Asian,33.97,395.16,41.01,2022-10-16,16:43:41,0.08596517866180786,9.6356986100951
Mediterranean,Mediterranean Pasta Salad,Mediterranean,27.21,140.11,44.56,2022-10-16,16:43:41,0.194204553565056,3.1442998204667867
Mediterranean,MEDITERRANEAN CORN SALAD,Mediterranean,136.26,391.03,123.88,2022-10-16,16:43:41,0.3484643122011099,3.156522441072005
Mediterranean,Mediterranean Baked Cod,Mediterranean,167.34,14.3,6.9,2022-10-16,16:43:41,11.702097902097902,2.072463768115942
Mediterranean,Mediterranean Crunch Salad,Mediterranean,37.09,129.25,13.45,2022-10-16,16:43:41,0.28696324951644103,9.609665427509293
Mediterranean,Mediterranean Quinoa Bowl,Mediterranean,65.37,233.41,74.62,2022-10-16,16:43:41,0.2800651214600917,3.1279817743232377
Mediterranean,Mediterranean prawn salad,Mediterranean,32.23,36.16,56.83,2022-10-16,16:43:41,0.891316371681416,0.636283653000176
Mediterranean,Mediterranean Vegetable Hash,Mediterranean,14.73,76.5,1.77,2022-10-16,16:43:41,0.19254901960784315,43.220338983050844
Mediterranean,Speedy Mediterranean gnocchi,Mediterranean,26.53,151.27,14.91,2022-10-16,16:43:47,0.17538176770013883,10.145539906103288
Mediterranean,Mediterranean Grain Salad,Mediterranean,14.02,48.13,16.24,2022-10-16,16:43:47,0.2912944109702888,2.963669950738917
Mediterranean,Mediterranean Beef Pitas,Mediterranean,111.97,137.91,140.62,2022-10-16,16:43:47,0.8119063157131463,0.9807282036694638
Mediterranean,Mediterranean Cauliflower Pizza,Italian,83.4,75.67,97.28,2022-10-16,16:43:47,1.1021540901281883,0.7778577302631579
Mediterranean,Mediterranean Grain Salad,Mediterranean,14.02,48.13,16.24,2022-10-16,16:43:47,0.2912944109702888,2.963669950738917
Mediterranean,Mediterranean sardine salad,Mediterranean,51.52,5.77,40.72,2022-10-16,16:43:47,8.928942807625651,0.14169941060903732
Mediterranean,Mediterranean stuffed peppers,Mediterranean,23.98,86.02,30.6,2022-10-16,16:43:47,0.27877237851662406,2.811111111111111
Mediterranean,Mediterranean Slaw Dogs,Mediterranean,13.54,16.4,72.72,2022-10-16,16:43:47,0.825609756097561,0.2255225522552255
Mediterranean,Mediterranean Mackerel Salad,Mediterranean,57.9,10.27,59.68,2022-10-16,16:43:47,5.63777994157741,0.17208445040214476
Mediterranean,Mediterranean Lamb Chops,Mediterranean,134.07,41.94,245.28,2022-10-16,16:43:47,3.196709585121602,0.17098825831702544
Mediterranean,Mediterranean Tuna Salad,Mediterranean,70.36,23.76,19.48,2022-10-16,16:43:47,2.961279461279461,1.219712525667351
Mediterranean,Mediterranean Fish Parcels,Mediterranean,69.49,52.45,11.42,2022-10-16,16:43:47,1.3248808388941848,4.592819614711034
Mediterranean,Mediterranean Fish Stew,Mediterranean,115.25,167.93,32.56,2022-10-16,16:43:47,0.68629786220449,5.157555282555283
Mediterranean,Mediterranean Shrimp Caesar,Mediterranean,9.52,6.4,82.52,2022-10-16,16:43:47,1.4874999999999998,0.07755695588948135
Mediterranean,Mediterranean potato salad,Mediterranean,33.04,183.28,22.2,2022-10-16,16:43:47,0.1802706241815801,8.255855855855856
Mediterranean,Mediterranean Tuna Wrap,Mediterranean,115.43,130.82,40.33,2022-10-16,16:43:47,0.8823574377006574,3.243739151996033
Mediterranean,Mediterranean Quesadillas recipes,Mexican,35.9,36.23,36.47,2022-10-16,16:43:47,0.9908915263593707,0.9934192486975596
Mediterranean,Mediterranean Tuna Sandwiches,Mediterranean,45.57,66.57,20.23,2022-10-16,16:43:47,0.6845425867507887,3.2906574394463664
Mediterranean,Mediterranean Marinated Vegetables,Mediterranean,34.59,147.52,142.69,2022-10-16,16:43:47,0.23447668112798264,1.033849604036723
Mediterranean,Mediterranean Tuna Salad,Mediterranean,164.46,115.51,125.52,2022-10-16,16:43:47,1.4237728335209072,0.9202517527087317
Mediterranean,Mediterranean potato salad,Mediterranean,9.92,75.91,17.29,2022-10-16,16:43:54,0.13068106968778817,4.390399074609601
Mediterranean,Mediterranean Pasta Shells,Mediterranean,38.58,168.61,42.05,2022-10-16,16:43:54,0.22881205147974612,4.009750297265161
Mediterranean,Mediterranean Quinoa Salad,Mediterranean,84.71,273.79,171.33,2022-10-16,16:43:54,0.3093977135760984,1.5980271989727426
Mediterranean,Mediterranean Chicken Meatballs,Mediterranean,131.67,60.02,68.43,2022-10-16,16:43:54,2.1937687437520825,0.8771006868332603
Mediterranean,Mediterranean Chicken Couscous,Mediterranean,171.8,202.28,75.79,2022-10-16,16:43:54,0.8493177773383429,2.6689536878216122
Mediterranean,Mediterranean Fish Stew,Mediterranean,130.32,52.35,38.71,2022-10-16,16:43:54,2.489398280802292,1.3523637303022475
Mediterranean,Romaine Hearts Mediterranean,Mediterranean,20.78,69.35,76.67,2022-10-16,16:43:54,0.2996395097332372,0.9045258901786878
Mediterranean,Mediterranean Chicken Stew,Mediterranean,90.89,185.11,22.93,2022-10-16,16:43:54,0.49100534817135755,8.072830353249019
Mediterranean,Mediterranean Shrimp Wraps,Mediterranean,37.18,159.12,37.76,2022-10-16,16:43:54,0.23366013071895425,4.213983050847458
Mediterranean,Mediterranean Lima Beans,Mediterranean,25.08,106.65,31.38,2022-10-16,16:43:54,0.23516174402250348,3.3986615678776295
Mediterranean,Mediterranean Chicken Stew,Mediterranean,236.11,198.49,272.65,2022-10-16,16:43:54,1.1895309587384755,0.7280029341646801
Mediterranean,Mediterranean Salsa Couscous,Mediterranean,43.46,157.3,54.19,2022-10-16,16:43:54,0.2762873490146217,2.902749584794243
Mediterranean,Mediterranean Olive Bread,Mediterranean,52.1,227.41,82.75,2022-10-16,16:43:54,0.22910162261993758,2.748157099697885
Mediterranean,Roasted Mediterranean Chicken,Mediterranean,166.33,154.45,133.42,2022-10-16,16:43:54,1.07691809647135,1.1576225453455253
Mediterranean,Mediterranean Deviled Eggs,Mediterranean,18.06,4.74,18.24,2022-10-16,16:43:54,3.8101265822784804,0.25986842105263164
Mediterranean,Mediterranean Olive Relish,Mediterranean,3.88,23.5,65.63,2022-10-16,16:43:54,0.1651063829787234,0.3580679567271065
Mediterranean,Mediterranean Potato Topper,Mediterranean,16.57,93.13,28.15,2022-10-16,16:43:54,0.17792333297541074,3.308348134991119
Mediterranean,Mediterranean Style Linguini,Italian,92.57,283.83,44.19,2022-10-16,16:43:54,0.3261459324243385,6.422946367956551
Mediterranean,Mediterranean Spiced Burgers,Mediterranean,103.26,124.01,106.03,2022-10-16,16:43:54,0.8326747842915894,1.1695746486843346
Mediterranean,Warm Mediterranean Olives,Mediterranean,5.16,63.53,100.92,2022-10-16,16:44:03,0.08122147017157248,0.6295085216012684
Mediterranean,Mediterranean Chopped Salad,Mediterranean,54.74,145.83,77.87,2022-10-16,16:44:03,0.3753685798532538,1.8727366123025555
Mediterranean,Mediterranean Eggs (Shakshuka),Mediterranean,46.56,120.71,99.2,2022-10-16,16:44:03,0.3857178361361942,1.2168346774193548
Mediterranean,Mediterranean Chickpea Salad,Mediterranean,74.82,139.48,108.53,2022-10-16,16:44:03,0.5364209922569544,1.2851746060996958
Mediterranean,Mediterranean Chicken Soup,Mediterranean,291.3,388.61,204.18,2022-10-16,16:44:03,0.7495947093487043,1.9032716230776765
Mediterranean,Mediterranean Tuna Melt,Mediterranean,202.42,228.61,64.46,2022-10-16,16:44:03,0.8854380823236078,3.5465404902264974
Mediterranean,Mediterranean Chicken recipes,Mediterranean,201.51,56.78,217.33,2022-10-16,16:44:03,3.54896090172596,0.2612616757925735
Mediterranean,Mediterranean Chopped Salad,Mediterranean,4.17,19.13,31.41,2022-10-16,16:44:03,0.21798222686879248,0.6090417064629099
Mediterranean,Mediterranean Mixed Grill,Mediterranean,254.79,121.16,217.51,2022-10-16,16:44:03,2.102921756355233,0.5570318606041101
Mediterranean,Mediterranean Garbanzo Salad,Mediterranean,19.9,103.46,8.1,2022-10-16,16:44:03,0.19234486758167407,12.77283950617284
Mediterranean,Eggplant Mediterranean Style,Mediterranean,7.39,38.84,29.79,2022-10-16,16:44:03,0.1902677651905252,1.3037932192010744
Mediterranean,Mediterranean Chuck Roast,Mediterranean,193.16,58.12,46.71,2022-10-16,16:44:03,3.323468685478321,1.244273174909013
Mediterranean,Mediterranean Marinated Shrimp,Mediterranean,197.38,37.84,129.9,2022-10-16,16:44:03,5.216173361522198,0.29130100076982296
Mediterranean,Mediterranean Tofu Salad,Asian,79.91,31.75,68.77,2022-10-16,16:44:03,2.5168503937007873,0.46168387378217246
Mediterranean,Mediterranean Catfish Spaghetti,Mediterranean,342.11,1796.28,42.97,2022-10-16,16:44:03,0.19045471752733428,41.80311845473586
Mediterranean,Mediterranean-Style Tuna,Mediterranean,107.1,28.0,51.06,2022-10-16,16:44:03,3.8249999999999997,0.5483744614179397
Mediterranean,Mediterranean Pepper Soup,Mediterranean,108.38,99.73,120.17,2022-10-16,16:44:03,1.0867341822921888,0.8299076308562869
Mediterranean,Mini Mediterranean Pizzas,Italian,31.3,117.03,38.37,2022-10-16,16:44:03,0.267452789882936,3.050039093041439
Mediterranean,Mediterranean Deviled Eggs,Mediterranean,77.75,15.51,91.47,2022-10-16,16:44:03,5.012894906511928,0.1695637914070187
Mediterranean,Mediterranean Orzo Salad,Mediterranean,57.29,204.87,200.13,2022-10-16,16:44:03,0.2796407477912823,1.0236846050067456
Mediterranean,Chopped Mediterranean Salad,Mediterranean,46.21,149.64,49.47,2022-10-16,16:44:10,0.3088078053996258,3.02486355366889
Mediterranean,Mediterranean Breakfast Sandwiches,Mediterranean,50.25,111.92,52.68,2022-10-16,16:44:10,0.44898141529664043,2.1245254365983297
Mediterranean,Mediterranean Beef Ragout,Mediterranean,215.1,87.94,80.07,2022-10-16,16:44:10,2.445985899476916,1.0982889971275136
Mediterranean,Mediterranean Chicken Pizza,Italian,132.19,188.73,117.34,2022-10-16,16:44:10,0.7004185873999894,1.6084029316516106
Mediterranean,Mediterranean Hummus Trifle,Mediterranean,158.51,400.73,182.47,2022-10-16,16:44:10,0.3955531155640955,2.196141831533951
Mediterranean,Mediterranean Tuna Wrap,Mediterranean,48.73,54.13,13.12,2022-10-16,16:44:10,0.9002401625715868,4.125762195121951
Mediterranean,Mediterranean Bean Salad,Mediterranean,51.53,121.44,71.63,2022-10-16,16:44:10,0.4243247694334651,1.6953790311322072
Mediterranean,Mediterranean Shrimp Salad,Mediterranean,122.76,142.57,38.35,2022-10-16,16:44:10,0.8610507119309814,3.7176010430247715
Mediterranean,Mediterranean Steak Salad,Mediterranean,82.5,46.84,121.42,2022-10-16,16:44:10,1.7613151152860802,0.3857684071816834
Mediterranean,Mediterranean Tuna Panini,Italian,161.8,120.49,36.58,2022-10-16,16:44:10,1.3428500290480538,3.2938764352104974
Mediterranean,Mediterranean Chickpea Salad,Mediterranean,34.42,122.29,21.7,2022-10-16,16:44:10,0.28146209829094776,5.635483870967742
Mediterranean,Mediterranean Salad-Wraps,Mediterranean,39.99,123.57,30.42,2022-10-16,16:44:10,0.32362223840738047,4.062130177514793
Mediterranean,Mediterranean Salmon Spread,Nordic,42.54,28.04,12.41,2022-10-16,16:44:10,1.5171184022824538,2.2594681708299755
Mediterranean,Mediterranean Portobello Burger,Mediterranean,50.92,214.43,46.68,2022-10-16,16:44:10,0.23746677237326866,4.593616109682948
Mediterranean,Mediterranean Deviled Eggs,Mediterranean,77.75,15.51,91.47,2022-10-16,16:44:10,5.012894906511928,0.1695637914070187
Mediterranean,Spicy Mediterranean Vinaigrette,Mediterranean,3.6,35.43,55.33,2022-10-16,16:44:10,0.10160880609652836,0.6403397795047895
Mediterranean,Mediterranean Salad Tarts,Mediterranean,62.33,231.79,162.89,2022-10-16,16:44:10,0.268907200483196,1.4229848363926576
Mediterranean,Mediterranean Artichoke Dip,Mediterranean,199.98,127.87,391.13,2022-10-16,16:44:10,1.5639321185579103,0.32692455193925296
Mediterranean,Mediterranean Tuna Salad,Mediterranean,115.89,185.04,90.82,2022-10-16,16:44:10,0.6262970168612192,2.037436687954195
Mediterranean,Mediterranean Chopped Salad,Mediterranean,137.13,149.69,36.17,2022-10-16,16:44:10,0.9160932594027656,4.138512579485761
Mediterranean,Mediterranean Beef Stew,Mediterranean,98.1,168.47,129.44,2022-10-16,16:44:16,0.5822995192022318,1.3015296662546354
Mediterranean,Mediterranean Chickpea Salad,Mediterranean,75.79,228.21,155.77,2022-10-16,16:44:16,0.33210639323430174,1.4650446170636193
Mediterranean,Mediterranean snack wrap,Mediterranean,12.48,17.54,35.05,2022-10-16,16:44:16,0.7115165336374003,0.5004279600570614
Mediterranean,Mediterranean Chickpea Burgers,Mediterranean,116.19,238.09,58.18,2022-10-16,16:44:16,0.4880087361921962,4.092299759367481
Mediterranean,Mediterranean Fish Tacos,Mediterranean,246.13,356.22,122.85,2022-10-16,16:44:16,0.6909494132839256,2.8996336996337
Mediterranean,Mediterranean Orzo Salad,Mediterranean,115.71,449.14,160.0,2022-10-16,16:44:16,0.2576256846417598,2.807125
Mediterranean,Mediterranean Orzo Salad,Mediterranean,66.87,264.16,108.36,2022-10-16,16:44:16,0.2531420351302241,2.4377999261720196
Mediterranean,Mediterranean Grilled Eggplant,Mediterranean,34.38,112.75,162.01,2022-10-16,16:44:16,0.30492239467849225,0.6959446947719277
Mediterranean,Mediterranean Tuna Melts,Mediterranean,157.43,142.85,80.43,2022-10-16,16:44:16,1.102065103255163,1.776078577645157
Mediterranean,Mediterranean Bison Sliders,American,304.97,668.16,248.16,2022-10-16,16:44:16,0.4564325909961686,2.692456479690522
Mediterranean,Mediterranean Pasta Salad,Mediterranean,73.89,371.77,176.18,2022-10-16,16:44:16,0.1987519165075181,2.110171415597684
Mediterranean,Mediterranean Baked Penne,Mediterranean,186.1,469.49,137.13,2022-10-16,16:44:16,0.39638756949029796,3.4236855538540074
Mediterranean,Mediterranean Turkey Burgers,American,104.48,26.48,135.66,2022-10-16,16:44:16,3.9456193353474323,0.1951938670204924
Mediterranean,Mediterranean Roast Turkey,American,369.58,69.97,124.59,2022-10-16,16:44:16,5.281977990567386,0.5616020547395457
Mediterranean,Mediterranean Vegetables recipes,Mediterranean,16.19,88.02,29.36,2022-10-16,16:44:16,0.18393546921154286,2.9979564032697548
Mediterranean,Mediterranean Tuna Wrap,Mediterranean,85.78,114.06,62.98,2022-10-16,16:44:16,0.7520603191302823,1.8110511273420136
Mediterranean,Mediterranean Orzo Pilaf,Mediterranean,39.38,194.4,53.3,2022-10-16,16:44:16,0.20257201646090536,3.6472795497185744
Mediterranean,Mediterranean-Style Frittata,Italian,58.32,28.12,39.16,2022-10-16,16:44:16,2.073968705547653,0.718079673135853
Mediterranean,Roasted Mediterranean Vegetables,Mediterranean,26.17,162.14,73.21,2022-10-16,16:44:16,0.16140372517577406,2.2147247643764514
Mediterranean,Mediterranean Chicken Salad,Mediterranean,126.39,137.7,59.16,2022-10-16,16:44:16,0.9178649237472768,2.3275862068965516
Mediterranean,Mediterranean fish gratins,French,276.13,118.02,84.93,2022-10-16,16:44:23,2.339688188442637,1.389614977039915
Mediterranean,Mediterranean Turkey Burgers,American,148.73,79.54,113.29,2022-10-16,16:44:23,1.8698767915514205,0.7020919763438962
Mediterranean,Mediterranean Vegetable Salad,Mediterranean,28.89,120.63,97.89,2022-10-16,16:44:23,0.2394926635165382,1.2323015629788538
Mediterranean,Mediterranean Summer Salad,Mediterranean,55.89,205.66,72.34,2022-10-16,16:44:23,0.2717592142370904,2.8429637821398948
Mediterranean,Mediterranean Cornish Hens,Indian,201.99,305.31,155.22,2022-10-16,16:44:23,0.6615898594870787,1.966950135291844
Mediterranean,Mediterranean Lamb Salad,Mediterranean,127.34,143.93,91.39,2022-10-16,16:44:23,0.8847356353783089,1.5748987854251013
Mediterranean,Mediterranean Farro Salad,Mediterranean,85.01,216.9,97.87,2022-10-16,16:44:23,0.39193176579068695,2.2162051701236334
Mediterranean,Mediterranean mac and cheese,American,92.93,346.28,85.18,2022-10-16,16:44:23,0.26836663971352664,4.065273538389293
Mediterranean,Tapas Night Shrimp,Mediterranean,63.46,12.11,207.31,2022-10-16,16:44:23,5.240297274979357,0.0584149341565771
Mediterranean,Stuffed Mediterranean Baked Potato,Mediterranean,38.87,199.05,9.32,2022-10-16,16:44:23,0.19527756845013813,21.357296137339056
Mediterranean,Mediterranean Fish Stew,Mediterranean,157.38,149.14,33.65,2022-10-16,16:44:23,1.0552501005766395,4.432095096582466
Mediterranean,Mediterranean Lettuce Wraps,Mediterranean,83.08,245.78,128.92,2022-10-16,16:44:23,0.3380258768003906,1.906453614644741
Mediterranean,Mediterranean Deviled Eggs,Mediterranean,63.16,15.43,92.25,2022-10-16,16:44:23,4.093324692158133,0.16726287262872627
Mediterranean,Mediterranean Pasta Salad,Mediterranean,55.96,176.21,24.88,2022-10-16,16:44:23,0.31757561999886497,7.082395498392284
Mediterranean,Mediterranean Cod Packets,Mediterranean,135.89,107.54,73.46,2022-10-16,16:44:23,1.2636228380137622,1.4639259460931122
Mediterranean,Helen’s Mediterranean pie,Mediterranean,118.05,472.46,69.56,2022-10-16,16:44:23,0.24986242221563731,6.7921219091431855
Mediterranean,Mediterranean-Style Chicken,Mediterranean,192.56,246.8,76.6,2022-10-16,16:44:23,0.7802269043760129,3.221932114882507
Mediterranean,Mediterranean Cabbage Soup,Mediterranean,47.06,183.94,31.28,2022-10-16,16:44:23,0.255844297053387,5.880434782608695
Mediterranean,Mediterranean Fish Stew,French,219.81,241.58,69.68,2022-10-16,16:44:30,0.909884924248696,3.46699196326062
Mediterranean,Mediterranean Potato Salad,Mediterranean,51.53,385.4,94.8,2022-10-16,16:44:30,0.13370524130773223,4.065400843881856
Mediterranean,5 Layer Mediterranean Dip,Mediterranean,14.33,17.24,21.07,2022-10-16,16:44:30,0.8312064965197217,0.8182249644043663
Mediterranean,Mediterranean Bulgar Salad,Mediterranean,87.67,300.32,166.03,2022-10-16,16:44:30,0.29192194992008524,1.8088297295669458
Mediterranean,Mediterranean Halibut Sandwiches,Mediterranean,108.97,205.46,131.17,2022-10-16,16:44:30,0.5303708751095103,1.5663642601204546
Mediterranean,Savory Beet and Brussels Sprout Tart,American,79.92,157.36,256.33,2022-10-16,16:44:30,0.5078800203355364,0.613896149494792
Mediterranean,Mediterranean Whole Roasted Cauliflower,Mediterranean,21.09,45.43,96.95,2022-10-16,16:44:30,0.4642306845696676,0.46859205776173285
Mediterranean,Mediterranean Madness Salad,Mediterranean,68.41,261.92,74.05,2022-10-16,16:44:30,0.26118662186927305,3.537069547602971
Mediterranean,Mediterranean Vegetable Salad,Mediterranean,46.25,214.54,100.01,2022-10-16,16:44:30,0.2155775146825767,2.1451854814518545
Mediterranean,Mediterranean Mac and Cheese,American,114.32,399.02,98.32,2022-10-16,16:44:30,0.28650192972783317,4.058380797396257
Mediterranean,Mediterranean vegetables with lamb,Mediterranean,66.63,61.59,29.73,2022-10-16,16:44:30,1.0818314661471016,2.0716448032290615
Mediterranean,Mediterranean Spinach Strata,American,193.5,358.13,119.93,2022-10-16,16:44:30,0.5403065925781141,2.9861585925122984
Mediterranean,Easy Mediterranean Grilled Chicken,French,226.5,25.46,235.68,2022-10-16,16:44:30,8.896307934014139,0.10802783435166327
Mediterranean,Mediterranean Chicken Salad,Mediterranean,122.02,103.08,133.39,2022-10-16,16:44:30,1.1837407838571983,0.7727715720818653
Mediterranean,Mediterranean Pasta With Broccoli,Mediterranean,91.7,315.68,111.15,2022-10-16,16:44:30,0.2904840344652813,2.8401259559154295
Mediterranean,Penne Rigate with Mixed Greens and Pine Nuts,Italian,98.21,362.25,126.16,2022-10-16,16:44:30,0.2711111111111111,2.8713538363982245
Mediterranean,Mediterranean Shrimp and Bulgur,Mediterranean,119.32,113.6,44.36,2022-10-16,16:44:30,1.0503521126760564,2.5608656447249776
Mediterranean,Mediterranean Penne with Sausage,Mediterranean,114.96,295.14,44.41,2022-10-16,16:44:30,0.3895100630209392,6.645800495383923
Mediterranean,Mediterranean Mostaccioli with Feta,Mediterranean,94.74,204.03,43.24,2022-10-16,16:44:30,0.4643434789001617,4.71854764107308
Mediterranean,Mediterranean Roasted Broccoli & Tomatoes,Mediterranean,12.75,37.15,18.78,2022-10-16,16:44:30,0.3432032301480485,1.9781682641107559
Mediterranean,Mediterranean Olive Hummus recipes,Mediterranean,22.48,72.94,28.65,2022-10-16,16:44:36,0.308198519330957,2.5458987783595113
Mediterranean,Mediterranean Tuna Cold Plate,Mediterranean,19.93,38.85,28.8,2022-10-16,16:44:36,0.512998712998713,1.3489583333333333
Mediterranean,Stuffed Mediterranean Baked Potato,Mediterranean,45.76,218.21,22.86,2022-10-16,16:44:36,0.2097062462765226,9.545494313210849
Mediterranean,Mediterranean Chile Chicken Wings,Mediterranean,119.97,72.43,99.75,2022-10-16,16:44:36,1.6563578627640478,0.7261152882205515
Mediterranean,Grilled Mediterranean Chicken Salad,Mediterranean,156.63,146.77,89.22,2022-10-16,16:44:36,1.0671799414049192,1.6450347455727417
Mediterranean,Mediterranean Broccoli Pasta Salad,Mediterranean,46.8,214.62,146.55,2022-10-16,16:44:36,0.21805982667039417,1.4644831115660184
Mediterranean,Mediterranean Chicken Wrap recipes,Mediterranean,27.28,54.43,11.69,2022-10-16,16:44:36,0.5011941943781003,4.65611633875107
Mediterranean,Mediterranean Shrimp and Pasta,Mediterranean,75.5,124.6,46.83,2022-10-16,16:44:36,0.6059390048154093,2.6606875934230194
Mediterranean,Mediterranean Stuffed Chicken Breasts,Mediterranean,216.89,14.55,57.17,2022-10-16,16:44:36,14.906529209621992,0.25450411054748995
Mediterranean,Mediterranean chicken tray bake,Mediterranean,168.78,35.86,101.78,2022-10-16,16:44:36,4.706636921360848,0.35232855177834543
Mediterranean,Crowd-Pleasing Mediterranean Salad,Mediterranean,40.06,82.28,122.78,2022-10-16,16:44:36,0.48687408847836655,0.670141716892002
Mediterranean,Chicken-Arugula Focaccia Sandwiches,Italian,63.36,103.49,44.53,2022-10-16,16:44:36,0.6122330659967147,2.324051201437233
Mediterranean,Mediterranean Grilled Vegetable Soup,Mediterranean,13.42,66.73,7.59,2022-10-16,16:44:36,0.2011089465008242,8.79183135704875
Mediterranean,Mediterranean-style Grilled Sardines,Mediterranean,24.99,30.4,46.94,2022-10-16,16:44:36,0.8220394736842105,0.6476352790796762
Mediterranean,Mediterranean Chickpea Quinoa Bowl,Mediterranean,61.46,208.07,99.16,2022-10-16,16:44:36,0.29538136204162063,2.098325937878177
Mediterranean,Mediterranean-Style Bean Salad,Mediterranean,77.52,122.27,71.98,2022-10-16,16:44:36,0.6340067064692892,1.698666296193387
Mediterranean,Mediterranean Shrimp and Pasta,Mediterranean,135.8,196.97,49.74,2022-10-16,16:44:36,0.6894450931613952,3.959991958182549
Mediterranean,Six Layer Mediterranean Dip,Mediterranean,29.4,77.5,73.15,2022-10-16,16:44:36,0.3793548387096774,1.059466848940533
Mediterranean,Stuffed Roasted Bell Peppers (Poivrons Farcis),Middle Eastern,33.96,33.52,63.65,2022-10-16,16:44:36,1.013126491646778,0.5266300078554597
Mediterranean,Mediterranean Grilled Veggie Wraps,Mediterranean,35.34,131.79,38.0,2022-10-16,16:44:36,0.268153881174596,3.468157894736842
Mediterranean,Mediterranean Lentil & Kale Salad,Mediterranean,76.31,187.12,35.35,2022-10-16,16:44:43,0.4078131680205216,5.293352192362093
Mediterranean,Mediterranean Hummus Flat Bread,Mediterranean,383.71,1117.03,407.58,2022-10-16,16:44:43,0.34350912688110435,2.7406398743804896
Mediterranean,Mediterranean Tuna Salad recipes,Mediterranean,70.89,16.12,7.68,2022-10-16,16:44:43,4.397642679900744,2.0989583333333335
Mediterranean,"Grilled Whole Fish, Greek-Style",Mediterranean,314.63,10.1,196.5,2022-10-16,16:44:43,31.15148514851485,0.051399491094147584
Mediterranean,Mediterranean Chicken Packets recipes,Mediterranean,207.97,77.55,52.58,2022-10-16,16:44:43,2.681753707285622,1.4748953974895398
Mediterranean,Mediterranean Lamb Burgers recipes,Mediterranean,133.6,104.57,186.81,2022-10-16,16:44:43,1.277613082145931,0.5597666077833092
Mediterranean,Mediterranean fig & mozzarella salad,Italian,39.62,102.71,97.15,2022-10-16,16:44:43,0.3857462759225002,1.0572310859495624
Mediterranean,Mediterranean Grilled Cheese Skewers,Mediterranean,68.59,38.41,161.2,2022-10-16,16:44:43,1.7857328820619633,0.23827543424317618
Mediterranean,Mediterranean Tuna-Noodle Casserole,Asian,343.82,471.09,209.11,2022-10-16,16:44:43,0.7298393088369526,2.252833436947061
Mediterranean,Mediterranean Stuffed Pork Chops,Mediterranean,174.71,9.39,98.21,2022-10-16,16:44:43,18.605963791267307,0.09561144486304858
Mediterranean,Mediterranean Orzo Salad recipes,Mediterranean,112.64,444.14,118.56,2022-10-16,16:44:43,0.2536137254019003,3.746120107962213
Mediterranean,Mediterranean Crescent Pinwheels recipes,Mediterranean,109.67,127.98,86.41,2022-10-16,16:44:43,0.8569307704328801,1.4810785788681866
Mediterranean,Mediterranean Lemon Hummus Wrap,Mediterranean,21.45,76.91,12.84,2022-10-16,16:44:43,0.2788974125601352,5.989875389408099
Mediterranean,Mediterranean Tuna-Spinach Salad,Mediterranean,71.64,25.0,23.37,2022-10-16,16:44:43,2.8656,1.0697475395806588
Mediterranean,Mediterranean Yogurt Dip recipes,Mediterranean,46.18,57.38,32.25,2022-10-16,16:44:43,0.8048100383408853,1.7792248062015505
Mediterranean,Mediterranean Chicken Bake recipes,Mediterranean,457.76,209.37,413.59,2022-10-16,16:44:43,2.18636862969862,0.5062259725815421
Mediterranean,Mediterranean fig & mozzarella salad,Italian,42.51,103.0,100.06,2022-10-16,16:44:43,0.41271844660194174,1.0293823705776535
Mediterranean,Mediterranean Chopped Salad recipes,Mediterranean,52.77,140.38,77.39,2022-10-16,16:44:43,0.3759082490383246,1.8139294482491277
Mediterranean,Mediterranean Mezze Platter recipes,Mediterranean,68.83,266.19,132.63,2022-10-16,16:44:43,0.2585747022803261,2.0070119882379553
Mediterranean,Mediterranean Mashed Broccoli And Potatoes,Mediterranean,33.22,134.41,57.05,2022-10-16,16:44:50,0.2471542295960122,2.356003505696757
Mediterranean,Greek Barley Salad,Mediterranean,35.38,106.67,55.96,2022-10-16,16:44:50,0.33167713508952845,1.9061829878484633
Mediterranean,Mediterranean Chicken Salad Pitas,Mediterranean,188.74,286.48,72.65,2022-10-16,16:44:50,0.6588243507400168,3.943289745354439
Mediterranean,Slow-Cooker Mediterranean Stew,American,46.14,170.31,56.55,2022-10-16,16:44:50,0.27091773824202925,3.0116710875331565
Mediterranean,Mediterranean Jalapeño Poppers recipes,Mediterranean,21.35,26.15,87.65,2022-10-16,16:44:50,0.8164435946462716,0.29834569309754705
Mediterranean,Mediterranean Quinoa Salad recipes,Mediterranean,62.71,225.97,74.79,2022-10-16,16:44:50,0.2775147143426119,3.021393234389624
Mediterranean,Grilled Mediterranean Potato Salad,Mediterranean,28.22,185.36,98.99,2022-10-16,16:44:50,0.15224428139835994,1.8725123749873727
Mediterranean,Mediterranean White Bean Salad,Mediterranean,198.07,241.66,110.27,2022-10-16,16:44:50,0.8196226102789043,2.1915298812006894
Mediterranean,Mixed Mediterranean Vegetable Bake,Mediterranean,29.25,177.06,30.37,2022-10-16,16:44:50,0.16519823788546256,5.830095488969378
Mediterranean,Mediterranean Grilled Chicken Kebabs,Mediterranean,157.09,84.48,169.12,2022-10-16,16:44:50,1.859493371212121,0.49952696310312206
Mediterranean,Mediterranean Lamb Burger recipes,Mediterranean,149.82,145.23,290.32,2022-10-16,16:44:50,1.0316050402809338,0.5002411132543401
Mediterranean,Mediterranean Chicken Stew recipes,Mediterranean,165.83,183.79,32.66,2022-10-16,16:44:50,0.9022797758311117,5.627372933251684
Mediterranean,Mediterranean Turkey Meat Loaf,American,120.07,72.86,57.3,2022-10-16,16:44:50,1.6479549821575623,1.2715532286212916
Mediterranean,Mediterranean Roast Beef Pita,Mediterranean,82.54,173.17,66.01,2022-10-16,16:44:50,0.47664145059767865,2.6233903953946367
Mediterranean,Cold Provençal White Bean Salad,American,78.35,213.41,126.95,2022-10-16,16:44:50,0.3671336863314746,1.681055533674675
Mediterranean,Mediterranean Braised Chard recipes,Mediterranean,26.24,67.75,62.97,2022-10-16,16:44:50,0.3873062730627306,1.0759091630935367
Mediterranean,Mediterranean Couscous Salad with Chickpeas,Mediterranean,62.92,261.21,46.11,2022-10-16,16:44:50,0.24087898625626894,5.6649316851008455
Mediterranean,Mediterranean Grilled Steak Wraps,Mediterranean,107.46,145.52,115.87,2022-10-16,16:44:50,0.738455195162177,1.2558902218002934
Mediterranean,Mediterranean Grilled Chicken Salad,Mediterranean,169.19,99.96,176.9,2022-10-16,16:44:50,1.692577030812325,0.5650650084793668
Mediterranean,Mediterranean inspired fish tacos,Mediterranean,201.82,263.9,82.54,2022-10-16,16:44:50,0.764759378552482,3.1972377029319112
Mediterranean,Mediterranean Turkey Sliders recipes,American,171.62,276.81,100.32,2022-10-16,16:44:56,0.6199920523102489,2.75927033492823
Mediterranean,Mediterranean Udon Salad recipes,Mediterranean,28.69,131.26,44.41,2022-10-16,16:44:56,0.21857382294682312,2.955640621481648
Mediterranean,Zesty Mediterranean Quinoa Salad,Mediterranean,44.57,175.14,114.78,2022-10-16,16:44:56,0.254482128582848,1.525875588081547
Mediterranean,Mediterranean Lamb Burger recipes,Mediterranean,150.52,112.82,298.33,2022-10-16,16:44:56,1.334160609820954,0.378171823148862
Mediterranean,Mediterranean Roast Vegetables Pasta,Mediterranean,20.46,67.02,37.55,2022-10-16,16:44:56,0.30528200537153094,1.784820239680426
Mediterranean,Mediterranean Chicken Salad Sandwiches,Mediterranean,65.28,133.12,65.89,2022-10-16,16:44:56,0.49038461538461536,2.0203369251783276
Mediterranean,Mediterranean Beef Stew recipes,Mediterranean,98.1,168.47,129.44,2022-10-16,16:44:56,0.5822995192022318,1.3015296662546354
Mediterranean,Mediterranean Cucumber Salad recipes,Mediterranean,64.85,129.27,126.54,2022-10-16,16:44:56,0.5016631855805678,1.0215742057847321
Mediterranean,Beetroot Pasta with Mediterranean Flavors,Mediterranean,54.14,148.37,47.94,2022-10-16,16:44:56,0.3648985643998113,3.094910304547351
Mediterranean,Mediterranean Tuna Pasta recipes,Mediterranean,179.69,280.95,123.53,2022-10-16,16:44:56,0.6395799964406478,2.2743463126366064
Mediterranean,Mediterranean Fish En Papillote,American,65.75,17.32,9.5,2022-10-16,16:44:56,3.796189376443418,1.823157894736842
Mediterranean,Mediterranean Warm Partridge Salad,Mediterranean,65.74,134.05,43.7,2022-10-16,16:44:56,0.4904140246176799,3.0675057208237986
Mediterranean,Mediterranean Veggie Burgers recipes,Mediterranean,23.05,98.49,10.43,2022-10-16,16:44:56,0.23403391207229163,9.442953020134228
Mediterranean,Mediterranean Chicken and Mushroom Skillet,Mediterranean,139.15,41.59,47.86,2022-10-16,16:44:56,3.3457561913921614,0.8689928959465107
Mediterranean,Mediterranean Couscous Salad recipes,Mediterranean,125.93,479.51,173.01,2022-10-16,16:44:56,0.26262226022397867,2.7715738974625745
Mediterranean,Pan-Seared Mediterranean Chicken,Mediterranean,147.65,44.13,59.24,2022-10-16,16:44:56,3.3457965103104463,0.7449358541525997
Mediterranean,Seared Mediterranean Tuna Steaks,Mediterranean,169.63,19.19,32.74,2022-10-16,16:44:56,8.839499739447628,0.5861331704337203
Mediterranean,Mediterranean Shrimp Caesar Salad,Mediterranean,136.5,103.98,127.58,2022-10-16,16:44:56,1.3127524523946912,0.8150180279040602
Mediterranean,Mediterranean Vegetable-Cheese Pie,Mediterranean,71.89,108.28,34.5,2022-10-16,16:44:56,0.6639268562984854,3.1385507246376814
Mediterranean,Mediterranean Rice-Stuffed Escarole,Italian,89.29,219.85,159.32,2022-10-16,16:44:56,0.40614055037525587,1.3799271905598796
Mediterranean,Mediterranean White Bean Soup,Mediterranean,10.61,47.92,56.1,2022-10-16,16:45:04,0.22141068447412351,0.8541889483065954
Mediterranean,Mediterranean Chicken Quinoa Bowl,South American,133.61,112.72,99.29,2022-10-16,16:45:04,1.1853264726756567,1.1352603484741666
Mediterranean,Mediterranean Cod with Roasted Tomatoes,Mediterranean,86.61,29.54,30.67,2022-10-16,16:45:04,2.9319566689234935,0.9631561786762307
Mediterranean,Mediterranean Kale Soup Recipe,Mediterranean,36.8,99.83,4.21,2022-10-16,16:45:04,0.3686266653310628,23.712589073634206
Mediterranean,Mediterranean radicchio and farro salad,Mediterranean,65.64,201.94,81.84,2022-10-16,16:45:04,0.3250470436763395,2.4674975562072334
Mediterranean,Mediterranean Salmon en Papillote,Nordic,62.61,22.08,52.67,2022-10-16,16:45:04,2.8355978260869565,0.4192139737991266
Mediterranean,Mediterranean Chicken with Orzo Salad,Mediterranean,96.13,76.13,85.73,2022-10-16,16:45:04,1.2627085248916328,0.8880205295695788
Mediterranean,Silvana's Mediterranean & Basil Pasta,Mediterranean,68.45,353.45,40.49,2022-10-16,16:45:04,0.19366246993917105,8.729315880464311
Mediterranean,Mediterranean Tuna Antipasto Salad,Mediterranean,160.84,321.64,85.89,2022-10-16,16:45:04,0.5000621813207313,3.7447898474793337
Mediterranean,Mediterranean-Style Poached Eggs,Mediterranean,81.71,211.34,46.37,2022-10-16,16:45:04,0.38662818207627514,4.557688160448566
Mediterranean,Mediterranean Salmon Cooked in Parchment,Nordic,96.98,37.39,72.95,2022-10-16,16:45:04,2.5937416421503077,0.5125428375599725
Mediterranean,Zesty Mediterranean Couscous Salad,Mediterranean,101.57,285.16,136.31,2022-10-16,16:45:04,0.3561860008416327,2.0919961851661655
Mediterranean,Mediterranean Macaroni and Cheese recipes,Mediterranean,85.21,247.19,119.88,2022-10-16,16:45:04,0.34471459201424004,2.061978645311979
Mediterranean,Mediterranean Poached Eggs with Quinoa,Mediterranean,78.76,211.12,90.15,2022-10-16,16:45:04,0.3730579765062524,2.3418746533555184
Mediterranean,Mediterranean Flavors: Tzatziki Recipe,Mediterranean,46.45,44.94,31.28,2022-10-16,16:45:04,1.0336003560302627,1.4367007672634269
Mediterranean,Mediterranean Vegetable Soup with Couscous,Mediterranean,24.29,83.22,6.49,2022-10-16,16:45:04,0.29187695265561164,12.822804314329737
Mediterranean,Mediterranean Chicken and Couscous Salad,Mediterranean,114.91,154.47,63.75,2022-10-16,16:45:04,0.7438984916164951,2.423058823529412
Mediterranean,Vegan Mediterranean Pita Pockets,American,120.28,197.28,115.53,2022-10-16,16:45:04,0.6096918085969181,1.7076084133991172
Mediterranean,Mediterranean Vinaigrette for Pasta Salad,Mediterranean,23.57,49.84,180.53,2022-10-16,16:45:04,0.47291332263242375,0.27607599844901126
Mediterranean,Mediterranean Shrimp & Rice Soup,Mediterranean,181.55,156.15,34.61,2022-10-16,16:45:04,1.1626641050272175,4.511701820283156
Mediterranean,Mediterranean chicken with roasted vegetables,Mediterranean,80.43,95.36,59.9,2022-10-16,16:45:10,0.8434354026845639,1.5919866444073456
Mediterranean,Mediterranean Couscous Cabbage Rolls,Mediterranean,37.34,177.4,42.9,2022-10-16,16:45:10,0.21048478015783542,4.135198135198135
Mediterranean,Mediterranean Roasted Fish & Vegetables,Mediterranean,155.9,253.69,47.55,2022-10-16,16:45:10,0.61452954393157,5.335226077812829
Mediterranean,Silvana's Mediterranean & basil pasta,Mediterranean,68.54,353.53,40.51,2022-10-16,16:45:10,0.1938732215087829,8.726980992347569
Mediterranean,Mediterranean Pressed Picnic Sandwich,South East Asian,124.61,62.55,91.28,2022-10-16,16:45:10,1.9921662669864109,0.6852541630148992
Mediterranean,Mediterranean Salad With Chickpea Patties,Mediterranean,46.57,146.44,42.64,2022-10-16,16:45:10,0.3180142037694619,3.4343339587242023
Mediterranean,Marinated Shrimp With Mediterranean Salad,Mediterranean,186.72,110.23,84.7,2022-10-16,16:45:10,1.6939127279325046,1.3014167650531288
Mediterranean,Mediterranean Salad with Halloumi Croutons,Mediterranean,37.01,50.13,94.2,2022-10-16,16:45:10,0.7382804707759824,0.5321656050955414
Mediterranean,Mediterranean Salad with Feta Cheese,Mediterranean,38.3,93.48,77.28,2022-10-16,16:45:10,0.40971330765939235,1.2096273291925466
Mediterranean,Whole Branzino Roasted in Sea Salt with Aromatic Herbs,Mediterranean,188.47,29.81,32.72,2022-10-16,16:45:10,6.322375041932237,0.9110635696821516
Mediterranean,Mediterranean Tuna And Artichoke Pasta,Mediterranean,222.7,231.4,131.14,2022-10-16,16:45:10,0.9624027657735522,1.7645264602714659
Mediterranean,Ultimate Roast Chicken,American,175.44,20.12,155.5,2022-10-16,16:45:10,8.719681908548708,0.12938906752411578
Mediterranean,Grilled Salmon with Mediterranean Salsa,Nordic,101.94,9.54,100.76,2022-10-16,16:45:10,10.685534591194969,0.0946804287415641
Mediterranean,Mediterranean Beef and Bean Stew,Mediterranean,230.79,131.98,104.49,2022-10-16,16:45:10,1.7486740415214428,1.263087376782467
Mediterranean,Braised Mediterranean Chicken with Polenta,Mediterranean,276.26,137.25,298.42,2022-10-16,16:45:10,2.012823315118397,0.4599222572213658
Mediterranean,Mediterranean Chicken with Soft Polenta,Mediterranean,262.68,194.06,285.81,2022-10-16,16:45:10,1.3536019787694529,0.6789825408488156
Mediterranean,Sidekick Tomato Soup,American,12.97,66.16,51.97,2022-10-16,16:45:10,0.1960399032648126,1.2730421396959783
Mediterranean,Mediterranean Salad with Grilled Chicken,Mediterranean,140.06,67.18,154.02,2022-10-16,16:45:10,2.08484668055969,0.43617711985456437
Mediterranean,Lamb Meatballs with Mediterranean Dips,Mediterranean,143.24,331.15,362.73,2022-10-16,16:45:10,0.4325532236146762,0.9129379979599149
Mediterranean,Big Batch Mediterranean Herb Rub,American,9.75,31.85,4.29,2022-10-16,16:45:10,0.30612244897959184,7.424242424242425
Mediterranean,Slow-Cooker Mediterranean Chicken & Orzo,Mediterranean,121.95,84.05,21.39,2022-10-16,16:45:17,1.4509220701963117,3.9294062646096304
Mediterranean,Mediterranean Swordfish Wrapped in Prosciutto,American,443.89,121.59,250.79,2022-10-16,16:45:17,3.650711407188091,0.4848279436979146
Mediterranean,Mediterranean Ravioli with Artichokes & Olives,Mediterranean,108.1,351.54,63.13,2022-10-16,16:45:17,0.30750412470842575,5.56850942499604
Mediterranean,Mediterranean Tuna Salad with Croutons,Mediterranean,123.77,111.23,94.53,2022-10-16,16:45:17,1.1127393688753033,1.1766634930709827
Mediterranean,Mediterranean Chicken and Vegetables recipes,Mediterranean,276.3,157.66,291.99,2022-10-16,16:45:17,1.7525053913484716,0.5399499982876126
Mediterranean,Mediterranean Pasta with Feta And Olives,Mediterranean,89.7,373.02,45.09,2022-10-16,16:45:17,0.24046967990992443,8.272787757817698
Mediterranean,Fresh City Mediterranean Salmon Spaghetti,Nordic,161.71,368.53,79.63,2022-10-16,16:45:17,0.4387973842021003,4.628029637071456
Mediterranean,Dinner Tonight: Mediterranean Poached Eggs,Mediterranean,26.35,68.86,43.69,2022-10-16,16:45:17,0.3826604705198955,1.5761043717097736
Mediterranean,Mediterranean Pasta with Tomatoes and Arugula,Mediterranean,66.83,321.2,57.11,2022-10-16,16:45:17,0.20806351183063512,5.624233934512344
Mediterranean,Mediterranean Salad with Prosciutto and Pomegranate,Mediterranean,56.52,46.97,57.12,2022-10-16,16:45:17,1.2033212688950394,0.8223039215686274
Mediterranean,Herb-Crusted Mediterranean Sea Bass,Mediterranean,275.35,127.17,88.71,2022-10-16,16:45:17,2.1652119210505623,1.433547514372675
Mediterranean,Mediterranean Fish Stew with Chard,French,242.5,249.96,23.45,2022-10-16,16:45:17,0.9701552248359737,10.659275053304905
Mediterranean,Farmer's Fridge Mediterranean Salad,Mediterranean,11.95,46.81,35.36,2022-10-16,16:45:17,0.2552873317667165,1.3238122171945703
Mediterranean,Artichoke & Black Olive Tart,Mediterranean,102.45,237.63,78.35,2022-10-16,16:45:17,0.4311324327736397,3.032929164007658
Mediterranean,Eggplant Bruschetta with Pita Chips,Italian,145.7,594.59,261.44,2022-10-16,16:45:17,0.24504280260347464,2.2742885556915544
Mediterranean,Spiralized Mediterranean Cucumber Salad recipes,Mediterranean,15.43,30.89,74.44,2022-10-16,16:45:17,0.4995144059566202,0.4149650725416443
Mediterranean,Mediterranean Tuna-Noodle Casserole recipes,Asian,351.62,499.77,209.24,2022-10-16,16:45:17,0.7035636392740661,2.3885012425922385
Mediterranean,Mediterranean Herbed Pork Roast recipes,Mediterranean,342.31,24.32,147.2,2022-10-16,16:45:17,14.075246710526315,0.16521739130434784
Mediterranean,Mediterranean Bean and Bacon Soup,American,149.69,341.02,131.89,2022-10-16,16:45:17,0.43894786229546656,2.585639548108272
Mediterranean,Roasted Mediterranean Vegetables with Chickpeas,Mediterranean,56.91,237.33,42.09,2022-10-16,16:45:17,0.23979269371760836,5.638631503920171
Mediterranean,Mediterranean Chopped-Chicken Pita recipes,Mediterranean,125.96,175.09,74.4,2022-10-16,16:45:24,0.719401450682506,2.353360215053763
Mediterranean,Whole Roasted Mediterranean-Style Fish,Mediterranean,165.02,24.3,46.4,2022-10-16,16:45:24,6.790946502057613,0.5237068965517242
Mediterranean,Mediterranean Brown Rice Salad recipes,Mediterranean,46.05,193.53,129.0,2022-10-16,16:45:24,0.2379476050224771,1.5002325581395348
Mediterranean,Mediterranean fish stew with garlic toasts,French,369.38,291.68,149.5,2022-10-16,16:45:24,1.266387822270982,1.951036789297659
Mediterranean,"Mediterranean tuna, pepper & courgette tart",Mediterranean,115.09,250.06,196.55,2022-10-16,16:45:24,0.4602495401103735,1.2722462477741032
Mediterranean,Loaded Mediterranean Chicken-Quinoa Salad,South American,43.45,38.05,30.13,2022-10-16,16:45:24,1.1419185282522997,1.2628609359442415
Mediterranean,Mediterranean Vegetable Stew with Olives,Mediterranean,56.65,227.36,53.62,2022-10-16,16:45:24,0.2491643209007741,4.240208877284596
Mediterranean,Mediterranean Chicken and Bulgur Skillet,Mediterranean,143.33,85.48,83.26,2022-10-16,16:45:24,1.67676649508657,1.0266634638481864
Mediterranean,Grilled Mediterranean Veg With Bean Mash,Mediterranean,41.97,143.05,31.75,2022-10-16,16:45:24,0.2933939182104159,4.505511811023623
Mediterranean,Mediterranean Grilled Shrimp Lettuce Wraps,Mediterranean,102.42,26.37,132.34,2022-10-16,16:45:24,3.8839590443686007,0.1992594831494635
Mediterranean,Roasted Guinea Hen Mediterranean Style,Mediterranean,293.92,92.77,191.76,2022-10-16,16:45:24,3.168265603104452,0.48378181059657904
Mediterranean,Mediterranean Tortellini Pasta Salad recipes,Italian,40.38,134.05,69.41,2022-10-16,16:45:24,0.301230883998508,1.9312779138452676
Mediterranean,"Chicken with Olives, Caramelized Onions, and Sage",Mediterranean,453.98,311.78,529.02,2022-10-16,16:45:24,1.456090833279877,0.5893538996635288
Mediterranean,Mediterranean Brown Rice Salad Recipe,Mediterranean,46.41,195.73,129.11,2022-10-16,16:45:24,0.23711234864353956,1.515994113546588
Mediterranean,Mediterranean Chicken and Couscous Bowls,Mediterranean,131.8,227.55,96.14,2022-10-16,16:45:24,0.5792133597011646,2.366860827959226
Mediterranean,Vegetable Couscous,Mediterranean,56.11,344.85,31.98,2022-10-16,16:45:24,0.1627084239524431,10.783302063789868
Mediterranean,Mediterranean Quiche with Sweet Potato Crust,French,65.86,73.77,68.32,2022-10-16,16:45:24,0.8927748407211604,1.0797716627634661
Mediterranean,Mediterranean Roasted Chickpea and Spinach Salad,Mediterranean,35.73,113.93,95.39,2022-10-16,16:45:24,0.31361362239971907,1.1943599958066884
Mediterranean,Slow-Cooker Mediterranean Quinoa with Arugula,Mediterranean,83.86,294.94,82.96,2022-10-16,16:45:24,0.2843290160710653,3.555207328833173
Mediterranean,Two -Acid Mediterranean Pasta Salad,Mediterranean,89.74,405.64,260.21,2022-10-16,16:45:24,0.22123064786510205,1.5588947388647632
Mediterranean,A Mediterranean Twist to your BBQ,American,28.74,191.58,28.33,2022-10-16,16:45:30,0.15001565925461946,6.762442640310626
Mediterranean,Mediterranean Roast Vegetables With Bulgar Wheat,Mediterranean,34.76,223.52,32.97,2022-10-16,16:45:30,0.15551181102362202,6.779496511980589
Mediterranean,Eat-Your-Veggies Mediterranean Meatballs,Mediterranean,140.09,134.08,76.19,2022-10-16,16:45:30,1.0448239856801909,1.759810998818743
Mediterranean,Mediterranean Sardines with Lemon and Garlic,Mediterranean,41.21,39.23,284.62,2022-10-16,16:45:30,1.050471577874076,0.1378329000070269
Mediterranean,Mediterranean Salmon Cooked in Parchment recipes,Nordic,99.21,50.53,75.7,2022-10-16,16:45:30,1.9633880862853748,0.6675033025099075
Mediterranean,Braised Mediterranean Chicken with Polenta recipes,Mediterranean,276.26,137.25,298.42,2022-10-16,16:45:30,2.012823315118397,0.4599222572213658
Mediterranean,Spaghetti Puttanesca,Italian,83.5,410.36,65.98,2022-10-16,16:45:30,0.20347987133248854,6.219460442558351
Mediterranean,Mediterranean Potato Salad with Haricots Verts,Mediterranean,30.37,249.23,84.95,2022-10-16,16:45:30,0.12185531436825424,2.9338434373160682
Mediterranean,"Mediterranean Pasta with Artichokes, Olives, and Tomatoes",Mediterranean,72.52,299.04,47.31,2022-10-16,16:45:30,0.24250936329588013,6.3208623969562465
Mediterranean,Spinach Salad with Grilled Mediterranean Vegetables,Mediterranean,28.79,59.5,75.02,2022-10-16,16:45:30,0.4838655462184874,0.7931218341775527
Mediterranean,Mediterranean Mini Tuna Cakes With Pesto,American,106.3,28.87,87.74,2022-10-16,16:45:30,3.682022861101489,0.32904034647823116
Mediterranean,Mediterranean Orzo and Chicken Salad recipes,Mediterranean,122.02,103.08,133.39,2022-10-16,16:45:30,1.1837407838571983,0.7727715720818653
Mediterranean,Mediterranean Grilled Chicken and Grape Skewers,Mediterranean,97.38,54.11,123.84,2022-10-16,16:45:30,1.7996673442986508,0.4369347545219638
Mediterranean,Mediterranean Feta Salad With Pomegranate Dressing,Mediterranean,51.84,175.52,195.42,2022-10-16,16:45:30,0.29535095715587967,0.8981680483062123
Mediterranean,Mediterranean Eggplant Dip with Sizzled Garlic,Mediterranean,19.61,35.1,65.1,2022-10-16,16:45:30,0.5586894586894586,0.5391705069124425
Mediterranean,Mediterranean feta salad with pomegranate dressing,Mediterranean,51.84,175.52,195.42,2022-10-16,16:45:30,0.29535095715587967,0.8981680483062123
Mediterranean,Mediterranean Flavors: Baba Ghanoush Recipe,Mediterranean,13.49,58.44,51.42,2022-10-16,16:45:30,0.2308350444900753,1.1365227537922986
Mediterranean,Mediterranean Chopped Salad With Shrimp Recipe,Mediterranean,182.05,381.92,101.23,2022-10-16,16:45:30,0.4766705069124424,3.7727946260989826
Mediterranean,Mediterranean Salad with Lemon-Herb Vinaigrette,Mediterranean,36.81,91.24,164.3,2022-10-16,16:45:30,0.4034414730381412,0.5553256238587948
Mediterranean,Weekday Vegetarian Roast and Mediterranean Salada,Mediterranean,17.79,144.7,49.16,2022-10-16,16:45:37,0.12294402211472011,2.9434499593165175
Mediterranean,Zesty Roasted Chicken with Mediterranean Potatoes,Mediterranean,100.23,182.1,145.95,2022-10-16,16:45:37,0.5504118616144976,1.2476875642343268
Mediterranean,Mediterranean-Style Chicken And Bean Stew,Mediterranean,265.63,145.05,270.15,2022-10-16,16:45:37,1.8312995518786623,0.5369239311493615
Mediterranean,Mediterranean Salad with Smoked Paprika Vinaigrette,Mediterranean,46.76,251.61,129.47,2022-10-16,16:45:37,0.18584316998529468,1.9433845678535568
Mediterranean,Mediterranean Slow-Cooker Chicken Noodle Soup,Asian,178.92,194.05,41.63,2022-10-16,16:45:37,0.9220304045349136,4.661301945712227
Mediterranean,Swordfish Baked in Foil with Mediterranean Flavors,Mediterranean,161.94,89.31,38.95,2022-10-16,16:45:37,1.8132348001343634,2.2929396662387673
Mediterranean,Mediterranean Mackerel With A Tomato Panzanella Salad,Mediterranean,106.42,110.37,109.31,2022-10-16,16:45:37,0.9642112892996285,1.0096971914737902
Mediterranean,Mediterranean Tuna Antipasto Salad for Two,Mediterranean,54.84,82.03,35.4,2022-10-16,16:45:37,0.6685359014994514,2.3172316384180793
Mediterranean,Slow-Cooker Mediterranean Chicken Thigh Stew,Mediterranean,286.36,66.04,73.74,2022-10-16,16:45:37,4.336159903089037,0.8955790615676703
Mediterranean,Four-Cheese Baked Penne,Italian,189.69,441.86,86.94,2022-10-16,16:45:37,0.429298872946182,5.082355647573039
Mediterranean,Mediterranean Salad with Chickpeas and Arugula recipes,Mediterranean,89.1,144.34,118.55,2022-10-16,16:45:37,0.6172925038104475,1.2175453395191902
Mediterranean,Mini Mediterranean Chicken Meatloaf with Chimichurri,Mediterranean,105.07,49.59,82.15,2022-10-16,16:45:37,2.118773946360153,0.6036518563603165
Mediterranean,Dutch Baby Takes a Mediterranean Holiday,American,46.03,103.49,99.18,2022-10-16,16:45:37,0.4447772731664896,1.0434563420044363
Mediterranean,Mediterranean Fish Soup With Garlicky Rouille,Mediterranean,443.98,276.18,385.16,2022-10-16,16:45:37,1.6075747700774856,0.7170526534427251
Mediterranean,Mediterranean Flavors: Spinach and Artichoke Dip Recipe,Mediterranean,24.03,32.4,97.42,2022-10-16,16:45:37,0.7416666666666667,0.3325805789365633
Mediterranean,Hummus-and-Rice Fritters with Mediterranean Salad,Mediterranean,58.16,290.41,73.18,2022-10-16,16:45:37,0.20026858579250023,3.9684339983602075
Mediterranean,Mediterranean Tuna Salad with Roasted Potato Wedges,Mediterranean,127.99,303.53,44.31,2022-10-16,16:45:37,0.4216716634270089,6.850146693748589
Mediterranean,Mediterranean Potato Salad with Haricots Verts recipes,Mediterranean,30.37,249.23,84.95,2022-10-16,16:45:44,0.12185531436825424,2.9338434373160682
Mediterranean,Chicken Chopped Mediterranean Salad with Feta Vinaigrette,Mediterranean,92.17,48.22,126.85,2022-10-16,16:45:44,1.9114475321443385,0.3801340165549862
Mediterranean,Mediterranean Rice Salad with Roasted Red Peppers,Mediterranean,60.67,519.99,83.21,2022-10-16,16:45:44,0.11667532067924383,6.249128710491528
Mediterranean,Marinated Mediterranean Chicken Pita & Slaw Recipe,Mediterranean,183.83,243.83,101.02,2022-10-16,16:45:44,0.7539269162941393,2.413680459314987
Mediterranean,Mediterranean Chicken Stew with Prunes and Pumpkin,Mediterranean,199.71,260.08,201.94,2022-10-16,16:45:44,0.7678791141187328,1.2879072991977814
Mediterranean,Mediterranean Chicken Kebabs with Lemon-Tahini Sauce,Mediterranean,117.97,40.32,54.52,2022-10-16,16:45:44,2.925843253968254,0.739545121056493
Mediterranean,Four-Cheese Baked Penne,Italian,189.69,441.8,117.57,2022-10-16,16:45:44,0.42935717519239475,3.7577613336735567
Mediterranean,Slow-Cooker Mediterranean Chicken & Chickpea Soup,Mediterranean,235.11,284.52,177.74,2022-10-16,16:45:44,0.826339097427246,1.6007651625970516
Mediterranean,Lamb Loin Chops With Mediterranean Stuffing recipes,Mediterranean,182.21,134.25,289.28,2022-10-16,16:45:44,1.357243947858473,0.4640832411504425
Mediterranean,Mediterranean Salad With Creamy Herb Dressing recipes,Mediterranean,80.8,394.49,66.59,2022-10-16,16:45:44,0.20482141499150802,5.924162787205286
Mediterranean,Baked Red Snapper in a Mediterranean Tomato Sauce,Mediterranean,440.58,109.18,39.36,2022-10-16,16:45:44,4.035354460523905,2.7738821138211383
Mediterranean,Mediterranean Salad with Green Beans and Feta recipes,Mediterranean,71.48,180.63,67.65,2022-10-16,16:45:44,0.3957260698665781,2.6700665188470065
Mediterranean,Seared Fresh Sardines and Tomato Soup,South East Asian,50.03,136.55,157.33,2022-10-16,16:45:44,0.3663859392164042,0.8679209305281892
Mediterranean,Shredded Mediterranean Chicken A La Crock Pot,Mediterranean,93.37,99.32,56.08,2022-10-16,16:45:44,0.9400926298832059,1.7710413694721825
Mediterranean,Mediterranean zucchini ribbon sauté with balsamic reduction,Mediterranean,6.01,46.96,28.11,2022-10-16,16:45:44,0.12798126064735946,1.6705798648167913
Mediterranean,Grilled Peppered Pork Chops with Mediterranean Relish,Mediterranean,246.45,27.14,97.85,2022-10-16,16:45:44,9.08069270449521,0.27736331119059787
Mediterranean,"Mediterranean Bean, Potato and Vegetable Salad Platter",Mediterranean,42.14,238.2,19.21,2022-10-16,16:45:44,0.1769101595298069,12.399791775117125
Mediterranean,Mediterranean Country Pasta Salad with fresh Herbs,Mediterranean,111.04,399.52,172.24,2022-10-16,16:45:44,0.27793352022426915,2.3195541105434274
Mediterranean,Mediterranean Salad with Olive-Bread Croutons recipes,Mediterranean,36.17,88.18,126.69,2022-10-16,16:45:44,0.41018371512814694,0.6960296787433894
Mediterranean,BEST Ever Mediterranean Grilled Lamb Chops,Mediterranean,280.74,59.41,495.9,2022-10-16,16:45:44,4.725467093081973,0.11980237951199839
Mediterranean,"Sheet-Pan Mediterranean Chicken, Brussels Sprouts & Gnocchi",Mediterranean,191.74,204.42,91.57,2022-10-16,16:45:50,0.9379708443400843,2.2323905209129626
Mediterranean,"Mediterranean chicken with Dijon mustard, tomato and lemon",Mediterranean,45.15,39.74,59.25,2022-10-16,16:45:50,1.1361348766985404,0.6707172995780591
Mediterranean,Mediterranean Grilled Chicken Salad with Hummus recipes,Mediterranean,263.07,130.94,148.11,2022-10-16,16:45:50,2.0090881319688405,0.8840726487070419
Mediterranean,Mayo-Free Mediterranean Tuna Salad Sandwiches Recipe,Mediterranean,193.1,128.94,195.48,2022-10-16,16:45:50,1.497595780983403,0.6596071209330878
Mediterranean,Mediterranean Portobello Mushroom Pizzas with Arugula Salad,Italian,71.58,105.74,76.67,2022-10-16,16:45:50,0.6769434461887649,1.3791574279379157
Mediterranean,A Healthy Mediterranean Dip for Super Bowl Sunday,Mediterranean,92.93,183.79,136.57,2022-10-16,16:45:50,0.5056314271723162,1.3457567547777696
Mediterranean,Mediterranean Egg and Tomato Skillet with Pita (Shakshouka),Mediterranean,59.22,131.34,53.08,2022-10-16,16:45:50,0.45089081772498857,2.474378296910324
Mediterranean,Pistou: Mediterranean Vegetable Soup with Basil Sauce,French,131.9,263.82,194.07,2022-10-16,16:45:50,0.499962095368054,1.3594063997526666
Mediterranean,Mediterranean Mussel And Chickpea Soup With Fennel And Lemon,Mediterranean,126.24,181.78,55.14,2022-10-16,16:45:50,0.6944658378259434,3.2966993108451215
Mediterranean,Mediterranean Spinach Salad with Tomatoes and Lemon Dressing,Mediterranean,30.9,57.09,92.21,2022-10-16,16:45:50,0.5412506568575932,0.6191302461772042
Mediterranean,"Mediterranean ""Salad Pasta"" (not to be confused with ""Pasta Salad"")",Mediterranean,76.7,349.79,58.29,2022-10-16,16:45:50,0.2192744217959347,6.000857780065192
Mediterranean,"Mediterranean Sausage, Fennel, Canellini Bean And Tomato Gratin",French,55.88,152.46,41.88,2022-10-16,16:45:50,0.3665223665223665,3.640401146131805
Mediterranean,The Ultimate Greek Salad Recipe,Mediterranean,22.26,37.87,138.39,2022-10-16,16:45:50,0.5878003696857672,0.2736469398077896
Mediterranean,Mediterranean Farro Bowl With Lemon-Tahini-Yogurt Dressing,Mediterranean,199.7,837.65,117.79,2022-10-16,16:45:50,0.2384050617799797,7.111384667628831
Mediterranean,"Mediterranean Chopped Salad With Tomatoes, Peppers, Feta, and Basil Recipe",Mediterranean,23.0,39.76,66.29,2022-10-16,16:45:50,0.5784708249496983,0.5997888067581837
Mediterranean,Mediterranean Sweet & Spicy Salad with Greek Vinaigrette Dressing,Mediterranean,33.21,97.68,93.28,2022-10-16,16:45:50,0.33998771498771496,1.0471698113207548
Mediterranean,"Cranberry Sauce with Red Wine, Pomegranate Molasses, and Mediterranean Herbs",American,2.01,361.31,0.63,2022-10-16,16:45:50,0.005563089867426862,573.5079365079365
Mediterranean,Mark Bittman's Grilled Mediterranean Chicken Thighs Recipe,Mediterranean,257.37,20.68,280.46,2022-10-16,16:45:57,12.445357833655706,0.07373600513442202
Mediterranean,Pan-Seared Mediterranean Chicken Burgers with Whipped Feta,Mediterranean,186.01,44.61,155.54,2022-10-16,16:45:57,4.169692893969962,0.28680725215378683
Mediterranean,My Favorite Falafel Sandwich,American,166.85,609.84,248.82,2022-10-16,16:45:57,0.2735963531418077,2.450928381962865
Mediterranean,Grilled Greek-Style Meatloaf with Herbed Potatoes and Grilled Lemon Recipe,Mediterranean,199.9,261.85,240.23,2022-10-16,16:45:57,0.7634141684170326,1.0899970861257962
Mediterranean,Gigante Beans,Caribbean,60.36,137.21,69.17,2022-10-16,16:45:57,0.4399096275781648,1.983663437906607
Mediterranean,Mediterranean chicken and fennel bake with preserved lemon and harissa,Mediterranean,197.25,41.64,247.52,2022-10-16,16:45:57,4.737031700288185,0.16822882999353586
Mediterranean,Mediterranean Vegetable Sandwich with Sundried Tomato Pesto and Fresh Mozzarella,Italian,74.43,233.24,103.37,2022-10-16,16:45:57,0.3191133596295661,2.256360646222308
Mediterranean,Zucchini Pastitsio (Mediterranean Baked Beef and Pasta Casserole) Recipe,Italian,320.52,358.1,388.93,2022-10-16,16:45:57,0.8950572465791677,0.9207312369835189
Mediterranean,Mediterranean Veggie Burgers with Mint-Yogurt Sauce and Carrot Salad,Mediterranean,73.73,218.66,62.93,2022-10-16,16:45:57,0.33719015823653165,3.474654377880184
Mediterranean,"Mediterranean Salad with Artichokes, Penne, and Sun-Dried Tomatoes recipes",Mediterranean,88.87,246.89,65.12,2022-10-16,16:45:57,0.35995787597715584,3.791308353808353
Mediterranean,Mediterranean Flavors: White Bean Spread with Za'atar Recipe,Mediterranean,37.49,123.55,165.87,2022-10-16,16:45:57,0.30343990287333067,0.7448604328691143
Mediterranean,"Mediterranean Chicken, Feta, and Herb Wrap With Stewed Potatoes Recipe",Mediterranean,372.14,112.53,106.82,2022-10-16,16:45:57,3.3070292366480047,1.0534544092866505
Mediterranean,Mediterranean Grilled Tuna Steaks And Sicilian-Style Potato Salad,Mediterranean,192.74,181.7,97.7,2022-10-16,16:45:57,1.0607594936708862,1.8597748208802454
Mediterranean,"Chicken Sausage, Pepper And Onion Stoup With Tomato-Basil Gobble-'Ums",Italian,107.95,347.26,143.44,2022-10-16,16:45:57,0.3108621781950124,2.4209425543781373
Mediterranean,Mediterranean Grilled Whole Snapper with Fennel and a Pernod Butter Sauce,Mediterranean,289.65,60.75,116.53,2022-10-16,16:45:57,4.767901234567901,0.5213249806916673
Mediterranean,"Mediterranean Rotisserie Leg of Lamb with Potatoes, Fennel, and Olives recipes",Mediterranean,269.85,179.15,243.65,2022-10-16,16:45:57,1.506279653921295,0.7352760106710445
Mediterranean,Mediterranean Veggie Burgers with Mint-Yogurt Sauce and Carrot Salad recipes,Mediterranean,78.62,229.63,63.14,2022-10-16,16:45:57,0.34237686713408527,3.636838770985112
Mediterranean,"Mediterranean Squid (calamari) filled with Shellfish, Saffron Risotto and Ink Sauce",Italian,283.8,82.89,71.18,2022-10-16,16:45:57,3.4238146941730006,1.1645125035122224
Mediterranean,"Mediterranean Farro and Green Lentil Bowl with Feta, Olives&Sundried Tomatoes",Mediterranean,95.21,285.36,88.55,2022-10-16,16:45:57,0.33364872441827864,3.2225861095426316
Mediterranean,Bouillabaisse,American,312.48,248.86,205.87,2022-10-16,16:45:57,1.2556457445953548,1.2088211006946132
Mediterranean,"Mediterranean White Beans with Sun Dried Tomatoes, Mushrooms, Garlic and Thyme (vegan, gluten free)",American,96.57,251.63,30.86,2022-10-16,16:46:04,0.383777768946469,8.153920933246921
Mediterranean,Mediterranean Grilled Chicken and Roasted Red Pepper Pizza with Feta and Balsamic Glaze recipes,Mediterranean,133.53,164.18,137.67,2022-10-16,16:46:04,0.8133146546473382,1.1925619234401106
Mediterranean,Mediterranean Citrus Olive Oil Cake With Sweet Basil Drizzle And Candied Olives (Gluten Free),American,22.02,713.9,160.83,2022-10-16,16:46:04,0.030844656114301722,4.4388484735434925
Mediterranean,Tomato and Black Olive Orzo Salad,Mediterranean,100.69,314.24,375.24,2022-10-16,16:46:04,0.3204238798370672,0.8374373734143482
Mediterranean,Chard Stalk Hummus,Mediterranean,30.55,47.32,86.47,2022-10-16,16:46:04,0.6456043956043956,0.5472418179715508
Mediterranean,Minted courgette salad,French,6.54,24.63,28.59,2022-10-16,16:46:04,0.26552984165651644,0.8614900314795383
Mediterranean,Tuscan White Beans,Italian,108.6,291.91,76.37,2022-10-16,16:46:04,0.37203247576307763,3.8223124263454236
Mediterranean,Grilled Lamb and Onion Kabobs with Olive Aioli,Mediterranean,173.7,49.02,219.77,2022-10-16,16:46:04,3.5434516523867803,0.22305137188879284
Mediterranean,Crispy garlic & rosemary slices,French,30.25,260.19,41.96,2022-10-16,16:46:04,0.11626119374303394,6.200905624404195
Mediterranean,Fig & Honey Yogurt,Mediterranean,10.03,47.06,2.83,2022-10-16,16:46:04,0.21313217169570758,16.62897526501767
Mediterranean,"Pork, fennel & chilli meatballs",American,88.07,23.33,134.21,2022-10-16,16:46:04,3.7749678525503643,0.17383205424334994
Mediterranean,Rosemary Pork Chops,American,106.38,3.92,86.73,2022-10-16,16:46:04,27.137755102040817,0.04519774011299435
Mediterranean,"Warm chickpea, chorizo & pepper salad",Mediterranean,104.19,257.47,110.55,2022-10-16,16:46:04,0.4046685050685516,2.3289914066033472
Mediterranean,Tangy roasted peppers,Mediterranean,4.83,23.97,68.51,2022-10-16,16:46:04,0.20150187734668337,0.3498759305210918
Mediterranean,Tortellini with pesto & broccoli,Italian,20.87,51.53,38.62,2022-10-16,16:46:04,0.40500679215990687,1.3342827550491974
Mediterranean,Sticky lemon chicken,American,95.55,33.1,42.2,2022-10-16,16:46:04,2.8867069486404833,0.7843601895734597
Mediterranean,Italian butter beans,Italian,60.18,190.28,21.48,2022-10-16,16:46:04,0.3162707588816481,8.858472998137803
Mediterranean,"Red Potatoes with Olive, Feta, and Mint",Mediterranean,50.1,156.78,113.96,2022-10-16,16:46:04,0.31955606582472257,1.3757458757458758
Mediterranean,Olive-Garlic Deviled Eggs,Italian,51.2,6.31,100.89,2022-10-16,16:46:11,8.114104595879557,0.06254336405986718
Mediterranean,Roasted Chicken Souvlaki,Mediterranean,137.05,4.98,43.18,2022-10-16,16:46:11,27.52008032128514,0.11533117183881428
Mediterranean,Courgette & quinoa-stuffed peppers,Mediterranean,89.99,359.55,50.55,2022-10-16,16:46:11,0.25028507857043525,7.112759643916915
Mediterranean,Chicken & chorizo traybake,Mediterranean,278.51,183.35,259.41,2022-10-16,16:46:11,1.519007362967003,0.7067961913573108
Mediterranean,Gin Mare's Red Tonic,World,0.17,19.3,0.06,2022-10-16,16:46:11,0.008808290155440416,321.6666666666667
Mediterranean,Deli pasta salad,American,77.67,269.73,40.34,2022-10-16,16:46:11,0.2879546212879546,6.6864154685176
Mediterranean,"Flash-fried prawns with chilli, lemon & parsley",Mediterranean,42.29,11.62,30.6,2022-10-16,16:46:11,3.6394148020654047,0.37973856209150325
Mediterranean,Lemon & parsley butter beans,American,58.54,184.62,21.07,2022-10-16,16:46:11,0.3170837395731773,8.762221167536783
Mediterranean,Fig & Ricotta Toast,Mediterranean,11.72,30.74,10.4,2022-10-16,16:46:11,0.3812621990891347,2.9557692307692305
Mediterranean,Baked Hummus,Mediterranean,59.63,73.86,114.77,2022-10-16,16:46:11,0.8073382074194422,0.6435479654962099
Mediterranean,School of Tapas: Catalan cod brandada,Italian,75.66,6.74,405.28,2022-10-16,16:46:11,11.225519287833826,0.01663047769443348
Mediterranean,Spice Route Chicken,Mediterranean,264.82,80.26,249.16,2022-10-16,16:46:11,3.299526538749065,0.32212233103226845
Mediterranean,Roasted Veggie & Hummus Pita Pockets,Mediterranean,13.19,41.15,10.48,2022-10-16,16:46:11,0.32053462940461724,3.926526717557252
Mediterranean,Deli couscous,Mediterranean,85.79,357.52,114.03,2022-10-16,16:46:11,0.23995860371447755,3.135315267911953
Mediterranean,Rosemary roast lamb chops,Mediterranean,147.94,195.26,245.52,2022-10-16,16:46:11,0.7576564580559254,0.7952916259367871
Mediterranean,Endive and Fennel with Tarragon Avgolemono Sauce,Mediterranean,21.32,43.53,24.99,2022-10-16,16:46:11,0.4897771651734436,1.7418967587034815
Mediterranean,Grilled Eggplant with Rosemary,American,7.14,42.74,41.91,2022-10-16,16:46:11,0.16705662143191388,1.0198043426389884
Mediterranean,Honey yogurt cheesecake,American,106.14,420.12,409.12,2022-10-16,16:46:11,0.25264210225649814,1.0268869769260853
Mediterranean,Grilled Fennel-Cumin Lamb Chops,Indian,83.69,3.61,196.71,2022-10-16,16:46:17,23.182825484764543,0.01835188856692593
Mediterranean,Spanish rice & prawn one-pot,Mediterranean,63.01,235.56,37.66,2022-10-16,16:46:17,0.26749023603328237,6.254912373871482
Mediterranean,Tostones with Herbed Salt,Mediterranean,5.0,115.96,433.39,2022-10-16,16:46:17,0.04311831666091756,0.26756501072936617
Mediterranean,Rosemary-Roasted Leg of Lamb,Mediterranean,392.94,4.74,306.31,2022-10-16,16:46:17,82.89873417721519,0.015474519277855767
Mediterranean,Rouille,South American,3.67,20.16,41.82,2022-10-16,16:46:17,0.18204365079365079,0.48206599713055953
Mediterranean,Piedmontese peppers,Mediterranean,46.08,59.35,88.77,2022-10-16,16:46:17,0.7764111204717775,0.668581728061282
Mediterranean,Herbed lamb cutlets with roasted vegetables,French,135.21,68.9,217.87,2022-10-16,16:46:17,1.9624092888243831,0.3162436315233855
Mediterranean,Orange & Black Olive Salad,Mediterranean,7.88,93.25,16.75,2022-10-16,16:46:17,0.08450402144772118,5.567164179104478
Mediterranean,Salmon Steaks with White-Bean and Olive Saute,Mediterranean,243.73,174.96,158.3,2022-10-16,16:46:17,1.3930612711476908,1.105243209096652
Mediterranean,Olive-Topped Orange Slices,American,4.07,47.79,9.58,2022-10-16,16:46:17,0.08516426030550325,4.988517745302714
Mediterranean,Italian-style chicken burger & chips,Nordic,164.68,503.04,109.98,2022-10-16,16:46:17,0.3273695928753181,4.57392253136934
Mediterranean,Vegan Bistro Lunch Box,American,8.25,28.23,8.52,2022-10-16,16:46:17,0.2922422954303932,3.313380281690141
Mediterranean,Roasted pepper salad with capers & pine nuts,South East Asian,8.51,39.76,53.35,2022-10-16,16:46:17,0.21403420523138833,0.7452671040299905
Mediterranean,Cook the Book: Turkish Yogurt Soup with Mint,Middle Eastern,105.69,131.7,55.13,2022-10-16,16:46:17,0.8025056947608201,2.388898966080174
Mediterranean,Garlic-Mint Yogurt Spread Recipe,American,12.97,11.85,8.16,2022-10-16,16:46:17,1.0945147679324896,1.4522058823529411
Mediterranean,Garlicky Escarole,Italian,38.37,116.47,15.47,2022-10-16,16:46:17,0.3294410577831201,7.528765352294764
Mediterranean,"Aubergine, chilli & bacon pasta",Italian,75.33,300.22,104.05,2022-10-16,16:46:17,0.25091599493704614,2.885343584814993
Mediterranean,Lamb Chops with Pistachio Sauce and Vegetable Saute,Mediterranean,177.96,70.81,308.26,2022-10-16,16:46:17,2.513204349668126,0.22970868747161488
Mediterranean,Lamb Chops with Asparagus and Farro,Italian,329.78,282.19,732.29,2022-10-16,16:46:17,1.168645239023353,0.38535279738901257
Mediterranean,Panzanella (Tuscan tomato and bread salad),Italian,6.78,38.12,95.71,2022-10-16,16:46:17,0.17785939139559287,0.39828649043987047
Mediterranean,Cold Pudding with Bulgur Grain,British,49.03,116.12,148.69,2022-10-16,16:46:24,0.4222356183258698,0.7809536619813034
Mediterranean,The Corsican Cocktail Recipe,World,1.75,155.39,0.99,2022-10-16,16:46:24,0.011261985970783192,156.95959595959596
Mediterranean,Roasted Red Pepper and Feta Dip,Mediterranean,33.94,19.35,58.05,2022-10-16,16:46:24,1.7540051679586561,0.33333333333333337
Mediterranean,Spanikopi-taters,American,47.11,182.6,39.28,2022-10-16,16:46:24,0.25799561883899236,4.64867617107943
Mediterranean,"Eggplant, Pepper and Feta-Stuffed Phyllo Boreks",Mediterranean,41.25,170.46,236.04,2022-10-16,16:46:24,0.24199225624780005,0.7221657346212507
Mediterranean,Zucchini Babaghanouj,Mediterranean,18.73,43.96,73.73,2022-10-16,16:46:24,0.42606915377616017,0.5962294859622949
Mediterranean,Pomegranate Martini Recipe,World,0.13,8.42,0.2,2022-10-16,16:46:24,0.015439429928741094,42.099999999999994
Mediterranean,Baked Ham with Rosemary and Sweet Vermouth,American,450.55,176.05,315.42,2022-10-16,16:46:24,2.559216131780744,0.558144695960941
Mediterranean,Vegan Seafood Spelt Pasta,American,54.91,264.71,49.65,2022-10-16,16:46:24,0.20743455101809527,5.33152064451158
Mediterranean,Lemony Orzo with Tuna,Mediterranean,238.42,358.03,140.01,2022-10-16,16:46:24,0.6659218501242913,2.5571744875366047
Mediterranean,Eggplant Dip (Baba Ghanoush),Middle Eastern,29.02,110.85,79.73,2022-10-16,16:46:24,0.2617952187640956,1.3903173209582338
Mediterranean,Slow-Baked Salmon with Lemon and Thyme,Nordic,325.06,11.85,233.29,2022-10-16,16:46:24,27.431223628691985,0.05079514767028162
Mediterranean,Sardine beccafico,Mediterranean,41.45,146.5,53.19,2022-10-16,16:46:24,0.28293515358361776,2.754277119759353
Mediterranean,Crudités with Feta Pistachio Dip,Mediterranean,51.97,44.78,128.17,2022-10-16,16:46:24,1.1605627512282268,0.3493797300460327
Mediterranean,Broccoli with Red Pepper Flakes and Toasted Garlic,British,13.32,25.55,10.61,2022-10-16,16:46:24,0.5213307240704501,2.4081055607917063
Mediterranean,"Tilapia with Arugula, Capers, and Tomatoes",American,48.26,7.99,18.59,2022-10-16,16:46:24,6.0400500625782225,0.42980096826250674
Mediterranean,Tuna with Warm Cucumber and Fennel Salad,Mediterranean,171.33,62.31,88.67,2022-10-16,16:46:24,2.749638902262879,0.7027179429344762
Mediterranean,Spicy Red-Pepper and Eggplant Confit,French,21.97,121.53,221.82,2022-10-16,16:46:31,0.18077840862338515,0.5478766567487152
Mediterranean,Classic Cookbooks: Elizabeth David's Ratatouille Recipe,French,24.77,141.96,38.07,2022-10-16,16:46:31,0.1744857706396168,3.7289204097714737
Mediterranean,Tomato and Cucumber Couscous,Middle Eastern,24.2,112.28,10.19,2022-10-16,16:46:31,0.21553259707873174,11.018645731108931
Mediterranean,Mini Mezze Bento Box,Mediterranean,15.02,35.93,17.64,2022-10-16,16:46:31,0.4180350681881436,2.0368480725623583
Mediterranean,Zucchini Tapenade,Mediterranean,6.94,17.34,55.8,2022-10-16,16:46:31,0.40023068050749716,0.31075268817204305
Mediterranean,Black Olive Tapenade,French,8.37,14.68,92.56,2022-10-16,16:46:31,0.5701634877384196,0.15859982713915297
Mediterranean,Warm Quinoa Salad,Mexican,73.78,249.0,37.79,2022-10-16,16:46:31,0.2963052208835341,6.5890447208256155
Mediterranean,Greek lamb & macaroni bake,Mediterranean,264.91,358.69,202.33,2022-10-16,16:46:31,0.7385486074326021,1.7727969159294221
Mediterranean,Orzo & mozzarella salad,Italian,128.71,282.28,165.42,2022-10-16,16:46:31,0.45596570780785045,1.7064442026357152
Mediterranean,Baked Shrimp with Tomatoes and Feta,Mediterranean,136.89,107.9,60.69,2022-10-16,16:46:31,1.2686746987951805,1.7778876256384908
Mediterranean,"Chicken with ham, spinach & pine nuts",British,530.63,75.37,212.81,2022-10-16,16:46:31,7.040334350537349,0.35416568770264556
Mediterranean,"Mahimahi with Onion, Capers, and Lemon",Mediterranean,129.0,19.34,80.39,2022-10-16,16:46:31,6.670113753877973,0.24057718621719118
Mediterranean,Coney Island Skewered Shrimp,Mediterranean,247.98,23.15,45.62,2022-10-16,16:46:31,10.711879049676027,0.5074528715475669
Mediterranean,Spinach Tabbouleh,Middle Eastern,24.7,97.07,57.77,2022-10-16,16:46:31,0.2544555475430102,1.6802838843690495
Mediterranean,Garbanzo Bean Stew with Escarole,South East Asian,45.16,133.63,14.41,2022-10-16,16:46:31,0.33794806555414203,9.273421235253297
Mediterranean,Greek Kale Salad with Quinoa & Chicken,Mediterranean,63.71,48.83,49.45,2022-10-16,16:46:31,1.3047306983411837,0.9874620829120323
Mediterranean,"Zucchini, Lamb, and Summer Squash with Buttermilk Dill Marinade",American,148.79,57.98,132.77,2022-10-16,16:46:31,2.5662297343911695,0.4366950365293364
Mediterranean,Eggplant & Chickpea Baked Pasta,Italian,59.71,220.29,52.11,2022-10-16,16:46:31,0.271051795360661,4.227403569372481
Mediterranean,"Tomato, Onion, Black Olive, and Feta Fish Packets",Mediterranean,132.3,22.39,74.82,2022-10-16,16:46:37,5.908887896382314,0.2992515370221866
Mediterranean,Mini Lamb Burgers with Pineapple Salsa,Nordic,124.59,154.6,157.35,2022-10-16,16:46:37,0.8058861578266495,0.9825230378137909
Mediterranean,Birds Eye® Greek Veggie & Hummus Wrap,Mediterranean,147.3,594.51,227.82,2022-10-16,16:46:37,0.24776706867840745,2.609560179088754
Mediterranean,White Bean Soup (Fassoulatha),American,114.77,335.39,32.6,2022-10-16,16:46:37,0.34219863442559406,10.28803680981595
Mediterranean,Spanish meatball & butter bean stew,Mediterranean,99.28,150.74,90.43,2022-10-16,16:46:37,0.6586174870638185,1.6669246931328099
Mediterranean,Radicchio and Haricot Vert Salad with Candied Walnuts,American,7.65,76.77,66.46,2022-10-16,16:46:37,0.0996483001172333,1.1551309058080048
Mediterranean,Orange and Cumin Leg of Lamb with Roasted Tomatoes and Garlic Recipe,Mediterranean,607.03,109.27,489.93,2022-10-16,16:46:37,5.555321680241604,0.22303186169452777
Mediterranean,Grilled Radicchio Salad with Gorgonzola and Balsamic Vinaigrette Recipe,Mediterranean,28.47,18.27,87.46,2022-10-16,16:46:37,1.5582922824302134,0.20889549508346675
Mediterranean,Frozen Apricot Soufflé,French,34.52,256.36,177.34,2022-10-16,16:46:37,0.13465439226088313,1.4455847524529153
Mediterranean,Corn on the Cob with Mint-Feta Butter,Mediterranean,74.2,304.9,103.62,2022-10-16,16:46:37,0.24335847818957038,2.942482146303802
Mediterranean,White Bean Salad with Carrots and Tomatoes,South American,51.11,151.17,43.07,2022-10-16,16:46:37,0.33809618310511347,3.509867657302066
Mediterranean,Portobello “Pizza” Margherita,Italian,35.08,46.33,31.2,2022-10-16,16:46:37,0.7571767753075761,1.4849358974358975
Mediterranean,"Pan-Seared Rib-Eye Steaks with Goat Cheese, Caper and Sun-Dried Tomato Butter",American,140.37,3.65,176.65,2022-10-16,16:46:37,38.45753424657534,0.02066232663458817
Mediterranean,"Radicchio with Pine Nuts, Currants, and Aged Balsamic",Mediterranean,5.7,26.33,66.04,2022-10-16,16:46:37,0.21648309912647173,0.39869775893397935
Mediterranean,Roasted Vegetable and Prosciutto Lasagna with Alfredo Sauce,Italian,47.39,131.33,35.18,2022-10-16,16:46:37,0.3608467219980202,3.733086981239341
Mediterranean,Raw Artichoke Salad with Mint and Feta Vinaigrette,Mediterranean,60.95,186.23,85.08,2022-10-16,16:46:37,0.3272834666809859,2.1888810531264693
Mediterranean,Chickpea Spread,Mediterranean,145.6,489.97,274.51,2022-10-16,16:46:37,0.297161050676572,1.7848894393646864
Mediterranean,Tabbouleh With Edamame and Feta,Mediterranean,59.57,180.26,41.17,2022-10-16,16:46:37,0.33046710307333854,4.378430896283701
Mediterranean,Hake with stewed peppers,Eastern Europe,137.59,109.12,90.22,2022-10-16,16:46:37,1.2609054252199414,1.209487918421636
Mediterranean,"Balsamic-Glazed Salmon with Spinach, Olives, and Golden Raisins",Nordic,76.13,94.2,72.1,2022-10-16,16:46:37,0.8081740976645434,1.3065187239944522
Mediterranean,Panzanella,Mediterranean,43.1,237.81,221.51,2022-10-16,16:46:44,0.18123712207224255,1.073585842625615
Mediterranean,"Tabouli Salad with Cucumber, Tomato, Feta, and Olives",Mediterranean,34.78,137.31,79.1,2022-10-16,16:46:44,0.2532954628213531,1.73590391908976
Mediterranean,Tuna Salad,American,82.73,40.17,21.91,2022-10-16,16:46:44,2.0594971371670403,1.833409402099498
Mediterranean,Roasted Fish Catalan,Mediterranean,96.52,32.82,20.63,2022-10-16,16:46:44,2.9408897014015842,1.590887057682986
Mediterranean,Grilled Peaches with Franklin's Teleme,Mediterranean,30.57,69.51,46.1,2022-10-16,16:46:44,0.4397928355632283,1.5078091106290674
Mediterranean,Lemon and Mint Seafood Skewers with Tabbouleh,Middle Eastern,132.09,144.52,19.92,2022-10-16,16:46:44,0.9139911430943813,7.255020080321285
Mediterranean,Easy Shrimp Skillet,Mediterranean,63.81,178.34,52.16,2022-10-16,16:46:44,0.35779970842211506,3.41909509202454
Mediterranean,Chicken with Cherry Tomato and Olive Topping,American,155.25,10.07,31.41,2022-10-16,16:46:44,15.41708043694141,0.32059853549824896
Mediterranean,PointsPlus Bulgur Pilaf with Pistachios and Raisins,Mediterranean,29.87,171.54,36.44,2022-10-16,16:46:44,0.17412848315261747,4.707464324917673
Mediterranean,Greek Layer Dip,Mediterranean,86.52,207.99,53.49,2022-10-16,16:46:44,0.4159815375739218,3.8883903533370723
Mediterranean,Niçoise toasts,French,50.13,177.58,60.1,2022-10-16,16:46:44,0.28229530352517174,2.9547420965058238
Mediterranean,Cat Cora's Olive Oil Chocolate Cake,American,72.74,336.95,148.19,2022-10-16,16:46:44,0.2158777266656774,2.27377015992982
Mediterranean,Lentil Stew with Spinach and Potatoes,Middle Eastern,60.81,189.87,30.64,2022-10-16,16:46:44,0.32027176489176806,6.1968015665796345
Mediterranean,Skewered Greek Meatballs,Mediterranean,176.19,29.61,218.5,2022-10-16,16:46:44,5.950354609929078,0.13551487414187643
Mediterranean,Fava Beans and Orzo Salad,Mediterranean,94.19,276.06,53.22,2022-10-16,16:46:44,0.3411939433456495,5.187147688838783
Mediterranean,"Braised Chicken With Artichokes, Olives, and Lemon",Mediterranean,241.76,159.0,214.7,2022-10-16,16:46:44,1.520503144654088,0.7405682347461575
Mediterranean,Pan-Fried Tomatoes with a Cornmeal Crust,American,12.46,92.77,74.97,2022-10-16,16:46:51,0.13431066077395712,1.2374283046551955
Mediterranean,Spicy Brussels Sprouts with Fried Capers,Italian,36.59,89.88,76.79,2022-10-16,16:46:51,0.40709835336003564,1.170464904284412
Mediterranean,Grilled Lamb Meatballs,Middle Eastern,84.91,25.57,138.48,2022-10-16,16:46:51,3.320688306609308,0.1846476025418833
Mediterranean,Honey-Glazed Doughnuts with Raisins and Pine Nuts,American,55.5,750.0,46.32,2022-10-16,16:46:51,0.074,16.191709844559586
Mediterranean,"Onion, Pepper & Feta Quiche",Mediterranean,60.01,160.48,149.63,2022-10-16,16:46:51,0.3739406779661017,1.0725121967519882
Mediterranean,Greek Vegetarian Stuffed Zucchini,Mediterranean,32.34,92.2,39.11,2022-10-16,16:46:51,0.35075921908893715,2.357453336742521
Mediterranean,Cook the Book: Pita Bread,Mediterranean,44.66,319.61,58.39,2022-10-16,16:46:51,0.13973279934920682,5.4737112519267
Mediterranean,Salmon with salsa verde,Nordic,357.97,189.46,315.0,2022-10-16,16:46:51,1.8894225694077906,0.6014603174603175
Mediterranean,Moutabal,Mediterranean,34.92,112.17,24.8,2022-10-16,16:46:51,0.3113131853436748,4.5229838709677415
Mediterranean,Sea bass & seafood Italian one-pot,American,163.9,50.07,45.18,2022-10-16,16:46:51,3.273417215897743,1.1082337317397077
Mediterranean,Fattoush with Yogurt-Tahini Dressing,Mediterranean,22.88,49.4,26.34,2022-10-16,16:46:51,0.4631578947368421,1.8754745634016705
Mediterranean,"Roasted Red Pepper, Spinach & Feta Penne Pasta",Mediterranean,79.14,306.42,84.84,2022-10-16,16:46:51,0.258272958684159,3.6117397454031117
Mediterranean,Grilled Chicken with Rustic Mustard Cream,American,154.38,6.93,54.97,2022-10-16,16:46:51,22.27705627705628,0.12606876478078952
Mediterranean,Orzo Olive Salad,Mediterranean,35.83,141.46,70.35,2022-10-16,16:46:51,0.25328714831047644,2.010803127221038
Mediterranean,Moroccan Ratatouille,Middle Eastern,28.14,151.73,41.51,2022-10-16,16:46:51,0.1854610162789165,3.655263791857384
Mediterranean,Vegetarian Mezze Lunch to Go,Mediterranean,31.83,50.32,56.31,2022-10-16,16:46:51,0.6325516693163752,0.8936245782276683
Mediterranean,Tuna and Olive Salad Sandwich,Mediterranean,132.98,167.73,110.4,2022-10-16,16:46:51,0.7928217969355512,1.5192934782608694
Mediterranean,Hamburger Imbottiti (Stuffed Hamburgers),American,146.05,23.09,175.75,2022-10-16,16:46:51,6.325249025552187,0.13137980085348505
Mediterranean,Grilled Squid With Olive Oil and Lemon Recipe,Mediterranean,71.04,15.83,20.36,2022-10-16,16:46:57,4.487681617182565,0.7775049115913556
Mediterranean,Corn and Fregola with Grilled Halloumi Cheese,Italian,74.43,272.88,137.59,2022-10-16,16:46:57,0.2727572559366755,1.9832836688712843
Mediterranean,Greek Roasted Fish with Vegetables,Mediterranean,146.81,132.48,117.38,2022-10-16,16:46:57,1.108167270531401,1.1286420173794514
Mediterranean,Spiced Silverbeet and Pumpkin Hash,American,20.99,88.57,107.25,2022-10-16,16:46:57,0.23698769334989275,0.8258275058275057
Mediterranean,Greek Chicken Sheet Pan Dinner with Green Beans and Feta,Mediterranean,247.52,176.44,55.68,2022-10-16,16:46:57,1.4028564951258218,3.1688218390804597
Mediterranean,Mykonos Pork Roast with Tzatziki Sauce,Mediterranean,347.08,35.21,183.42,2022-10-16,16:46:57,9.857426867367225,0.19196379893141427
Mediterranean,Salmon with Roasted Red Pepper Quinoa Salad,Nordic,139.98,98.53,138.01,2022-10-16,16:46:57,1.4206840556175784,0.7139337729150063
Mediterranean,Greek Stuffed Portobello Mushrooms,Mediterranean,17.61,26.48,54.76,2022-10-16,16:46:57,0.6650302114803625,0.4835646457268079
Mediterranean,Ratatouille,French,10.97,56.46,56.84,2022-10-16,16:46:57,0.1942968473255402,0.9933145672061928
Mediterranean,Cheesy Greek-Style Baked Quinoa,Mediterranean,73.56,143.19,89.34,2022-10-16,16:46:57,0.5137230253509324,1.6027535258562793
Mediterranean,Branzino al Forno,Italian,431.11,70.42,122.31,2022-10-16,16:46:57,6.121982391366089,0.5757501430790614
Mediterranean,"Zucchini Noodle ""Pasta"" Salad",Asian,111.27,362.9,123.01,2022-10-16,16:46:57,0.30661339211904104,2.9501666531176323
Mediterranean,Vegetable Saute,American,56.93,186.48,32.98,2022-10-16,16:46:57,0.30528743028743033,5.6543359611885995
Mediterranean,Lamb Chops with Mint Gremolata,American,65.75,11.65,218.95,2022-10-16,16:46:57,5.643776824034335,0.05320849509020325
Mediterranean,Fresh ATHENOS® Salsa,Mexican,41.67,55.89,91.17,2022-10-16,16:46:57,0.7455716586151369,0.613030602171767
Mediterranean,Almond-Apricot Chicken with Mint Pesto,Italian,199.63,84.21,194.66,2022-10-16,16:46:57,2.370621066381665,0.4326004315216274
Mediterranean,Greek Burgers with Herb-Feta Sauce,Mediterranean,122.62,83.43,118.48,2022-10-16,16:46:57,1.4697351072755602,0.7041694800810264
Mediterranean,Lamb & Eggplant Ragu,Italian,63.04,198.15,41.35,2022-10-16,16:46:57,0.3181428210951299,4.792019347037485
Mediterranean,Shepherd's Salad,American,14.98,32.93,40.38,2022-10-16,16:46:57,0.454904342544792,0.8155027241208519
Mediterranean,Tomatoes Stuffed with Puréed Cauliflower and Feta,Mediterranean,44.16,57.12,80.85,2022-10-16,16:46:57,0.773109243697479,0.7064935064935065
Mediterranean,"Pork Roast Stuffed with Roasted Red Peppers, Feta, and Spinach",Mediterranean,308.94,55.85,222.81,2022-10-16,16:47:04,5.531602506714413,0.25066199901261166
Mediterranean,Pita Bread,Middle Eastern,89.23,583.51,83.38,2022-10-16,16:47:04,0.15291940155267264,6.998201007435836
Mediterranean,North African Vegetable Stew with Poached Eggs,Mexican,80.33,196.54,47.17,2022-10-16,16:47:04,0.4087208710695024,4.166631333474665
Mediterranean,Slow-Cooked Lamb with Lemons & Pomegranate,Mediterranean,193.76,128.33,232.77,2022-10-16,16:47:04,1.5098573988934776,0.5513167504403489
Mediterranean,Gluten-Free Greek Halva Recipe,Mediterranean,36.4,550.77,134.86,2022-10-16,16:47:04,0.06608929317137825,4.084013050570962
Mediterranean,Spanish Clam Soup,Mediterranean,304.84,226.63,109.62,2022-10-16,16:47:04,1.3450999426377797,2.06741470534574
Mediterranean,Wilted Dandelion Greens with Toasted Matzo Crumbles,Eastern Europe,10.35,122.36,55.72,2022-10-16,16:47:04,0.08458646616541353,2.1959798994974875
Mediterranean,Tilapia & Summer Vegetable Packets,Mediterranean,97.34,33.28,25.89,2022-10-16,16:47:04,2.9248798076923075,1.2854383932020086
Mediterranean,Holly Clegg’s Eight Layered Greek Dip,Mediterranean,30.48,67.11,49.64,2022-10-16,16:47:04,0.4541797049620027,1.3519339242546333
Mediterranean,Greek-Style Chicken Salad,Mediterranean,68.33,42.72,122.26,2022-10-16,16:47:04,1.5994850187265917,0.3494192704073286
Mediterranean,DIY Amaretto Recipe,World,13.6,299.79,19.72,2022-10-16,16:47:04,0.04536508889556022,15.202332657200813
Mediterranean,Pomegranate Molasses-Glazed Chicken and Carrots,American,117.65,112.5,141.64,2022-10-16,16:47:04,1.045777777777778,0.7942671561705733
Mediterranean,Raw Artichoke Salad,Mediterranean,17.84,92.7,136.41,2022-10-16,16:47:04,0.19244875943905068,0.6795689465581702
Mediterranean,"Warm black-eyed peas salad with collard greens, spinach, feta & sun-dried tomato",Mediterranean,35.35,90.7,73.71,2022-10-16,16:47:04,0.38974641675854466,1.230497897164564
Mediterranean,Lamb Chops with Moroccan Salad,Middle Eastern,193.58,121.61,339.61,2022-10-16,16:47:04,1.5918098840555877,0.3580872176908807
Mediterranean,"Cucumber, Tomato & Feta Salad",Mediterranean,11.2,27.29,50.67,2022-10-16,16:47:04,0.4104067423964822,0.5385829879613183
Mediterranean,Greek Cauliflower Rice Bowls with Grilled Chicken,Mediterranean,118.21,44.88,107.69,2022-10-16,16:47:04,2.6339126559714794,0.41675178753830444
Mediterranean,Herbed Lima Bean Hummus,Mediterranean,42.95,140.33,73.51,2022-10-16,16:47:04,0.30606427706121286,1.9089919738811048
Mediterranean,Sun-Dried-Tomato Relish With Cayenne Toasts,American,85.58,194.56,170.81,2022-10-16,16:47:04,0.4398643092105263,1.139043381535039
Mediterranean,Vegetarian Stuffed Grape Leaves,Mediterranean,57.9,363.37,98.45,2022-10-16,16:47:11,0.15934171780829456,3.690909090909091
Mediterranean,Turkish Meat Bread,Middle Eastern,59.02,186.01,62.86,2022-10-16,16:47:11,0.3172947690984356,2.9591154947502387
Mediterranean,ATHENOS Seven-Layer Dip,American,107.37,302.39,100.57,2022-10-16,16:47:11,0.3550712655841794,3.006761459679825
Mediterranean,Hummus with Slow-Roasted Vegetables,Mediterranean,59.16,153.47,119.03,2022-10-16,16:47:11,0.38548250472405027,1.2893388221456776
Mediterranean,"Baked Chicken Legs with Chickpeas, Olives, and Greens",Mediterranean,290.36,192.97,380.9,2022-10-16,16:47:11,1.504689848162927,0.5066159096875821
Mediterranean,Bistro Chicken-Pasta Salad,French,103.41,194.15,67.1,2022-10-16,16:47:11,0.5326294102498068,2.89344262295082
Mediterranean,Orzo Salad with Chickpeas & Artichoke Hearts,Mediterranean,43.47,137.98,24.82,2022-10-16,16:47:11,0.31504565879112917,5.559226430298146
Mediterranean,Greek-Style Shrimp and Feta Tacos Recipe,Mediterranean,112.06,150.51,98.17,2022-10-16,16:47:11,0.7445352468274534,1.533156768870327
Mediterranean,Hazelnut Panna Cotta with Berry Compote,Italian,34.69,212.32,265.0,2022-10-16,16:47:11,0.16338545591559908,0.8012075471698112
Mediterranean,"Greek Turkey Burgers with Spinach, Feta & Tzatziki",Mediterranean,120.5,84.5,76.57,2022-10-16,16:47:11,1.4260355029585798,1.103565365025467
Mediterranean,Vegetarian casserole,French,41.67,149.77,19.93,2022-10-16,16:47:11,0.2782266141416839,7.5148018063221285
Mediterranean,"Marinated Olives with Lemon, Thyme & Rosemary",Mediterranean,7.05,50.56,113.5,2022-10-16,16:47:11,0.1394382911392405,0.4454625550660793
Mediterranean,Marinated Chickpeas,Mediterranean,65.86,202.86,47.13,2022-10-16,16:47:11,0.32465739919156067,4.30426479949077
Mediterranean,Grilled Portabella Burgers with Pesto Mayo,American,80.69,141.91,103.0,2022-10-16,16:47:11,0.5685998167852865,1.3777669902912622
Mediterranean,Tomato Dolma with Roasted Eggplant (Köz Patlicanli Domates Dolmasi),Middle Eastern,107.48,149.43,123.96,2022-10-16,16:47:11,0.7192665462089273,1.2054695062923524
Mediterranean,Baby-Artichoke Sandwich,Mediterranean,128.75,376.68,160.56,2022-10-16,16:47:11,0.3418020601040671,2.3460388639760836
Mediterranean,Pita Chip Nachos,Mexican,134.26,154.66,68.87,2022-10-16,16:47:11,0.8680977628346049,2.24568026717003
Mediterranean,Herb and Mustard-Crusted Rack of Lamb,Mediterranean,101.96,21.02,232.49,2022-10-16,16:47:11,4.850618458610847,0.09041249085982192
Mediterranean,Kale Salad with Preserved Lemon & Walnuts,Mediterranean,16.94,29.43,97.55,2022-10-16,16:47:11,0.5756031260618417,0.3016914402870323
Mediterranean,Chickpea-Farro Salad,Eastern Europe,53.42,184.36,41.09,2022-10-16,16:47:17,0.2897591668474723,4.486736432221952
Mediterranean,Mexican Roasted Corn Salad With Buttermilk Dressing,Mexican,40.09,145.0,37.25,2022-10-16,16:47:17,0.27648275862068966,3.8926174496644297
Mediterranean,Sumac Hummus,Mediterranean,29.36,76.22,66.49,2022-10-16,16:47:17,0.3852007347152978,1.1463377951571665
Mediterranean,Walnut-Date Torte,Mediterranean,54.68,383.6,112.39,2022-10-16,16:47:17,0.14254431699687173,3.413115045822582
Mediterranean,"Mussels with Tomatoes, Wine, and Anise",Italian,117.86,116.72,76.96,2022-10-16,16:47:17,1.0097669636737492,1.5166320166320166
Mediterranean,Sea bream with a courgette salad with fresh mint and rocket,Mediterranean,179.26,66.72,234.79,2022-10-16,16:47:17,2.6867505995203835,0.28416883172196433
Mediterranean,Caramelized Onion and Sour Cream Spread,American,78.92,277.84,151.23,2022-10-16,16:47:17,0.2840483731644112,1.8372016134364875
Mediterranean,Braised Lamb Shanks & Eggplant,Middle Eastern,224.43,78.02,183.6,2022-10-16,16:47:17,2.8765701102281467,0.4249455337690632
Mediterranean,Rouget and Shrimp with Lemon Sauce,American,175.91,50.03,138.15,2022-10-16,16:47:17,3.5160903457925246,0.3621425986246833
Mediterranean,Bacon Baklava,Mediterranean,163.49,823.99,554.46,2022-10-16,16:47:17,0.19841260209468561,1.4861126140749557
Mediterranean,Lemon-Avocado Spaghetti with Shrimp,Mediterranean,111.44,379.01,53.54,2022-10-16,16:47:17,0.2940291812880927,7.0790063503922305
Mediterranean,"Stuffed Peppers, Tomatoes, and Mushrooms",Italian,71.26,254.86,101.36,2022-10-16,16:47:17,0.27960448873891547,2.51440410418311
Mediterranean,Roman-Jewish Fried Artichokes (Carciofi alla Giudia) Recipe,Mediterranean,46.41,159.23,235.33,2022-10-16,16:47:17,0.2914651761602713,0.6766243147919941
Mediterranean,Yogurt-Marinated Lamb Kebabs,Middle Eastern,91.02,277.49,64.45,2022-10-16,16:47:17,0.3280118202457746,4.305508145849496
Mediterranean,Zaatar and Lemon Grilled Chicken,French,262.62,43.46,368.27,2022-10-16,16:47:17,6.042797975149563,0.11801124175197546
Mediterranean,Tzatziki,Mediterranean,50.78,68.75,32.66,2022-10-16,16:47:17,0.7386181818181818,2.1050214329454993
Mediterranean,Fish Niçoise,French,76.03,41.4,24.7,2022-10-16,16:47:17,1.836473429951691,1.6761133603238867
Mediterranean,Greek Salad Chicken Pita,Mediterranean,133.23,281.65,82.39,2022-10-16,16:47:17,0.4730339073317948,3.418497390460007
Mediterranean,Tomato & Artichoke Gnocchi,Mediterranean,65.29,296.05,47.01,2022-10-16,16:47:17,0.22053707144063503,6.29759625611572
Mediterranean,Couscous-Stuffed Chicken,Italian,166.03,46.07,64.46,2022-10-16,16:47:17,3.6038636856956803,0.7147067949115732
Mediterranean,One-Pot Greek Pasta,Mediterranean,138.67,512.17,98.42,2022-10-16,16:47:24,0.2707499463068903,5.203921967079861
Mediterranean,Roasted Garlic and Olive Salsa Recipe,Mediterranean,32.22,78.46,72.25,2022-10-16,16:47:24,0.41065511088452716,1.0859515570934255
Mediterranean,Warm Tuna Salad Niçoise,French,77.19,129.82,31.19,2022-10-16,16:47:24,0.594592512709906,4.162231484450144
Mediterranean,Acorn Squash Stuffed with Chard & White Beans,Italian,67.87,233.76,52.7,2022-10-16,16:47:24,0.2903405201916496,4.435673624288425
Mediterranean,"Peppers Stuffed with Lamb, Feta, Couscous, and Black Olives",Mediterranean,173.33,227.55,281.84,2022-10-16,16:47:24,0.7617226983080642,0.8073729775759297
Mediterranean,Mustard Aioli-Grilled Potatoes with Fines Herbes,American,25.75,206.27,91.42,2022-10-16,16:47:24,0.12483637950259369,2.2562896521548894
Mediterranean,Broiled Lamb Chops with Walnut and Mint Gremolata,American,178.2,14.66,343.4,2022-10-16,16:47:24,12.155525238744882,0.042690739662201514
Mediterranean,Our paella,Mediterranean,436.65,283.86,388.51,2022-10-16,16:47:24,1.5382582963432676,0.730637564026666
Mediterranean,Cod Baked with Tomatoes and Feta,Mediterranean,107.81,69.5,59.74,2022-10-16,16:47:24,1.5512230215827338,1.1633746233679276
Mediterranean,Tangy-Sweet Lemon Chicken,American,235.01,289.66,164.76,2022-10-16,16:47:24,0.8113305254436235,1.7580723476571987
Mediterranean,Whipped Salt-Cod Spread (Brandade de Morue) Recipe,Mediterranean,297.98,79.44,304.11,2022-10-16,16:47:24,3.7510070493454184,0.26122126861990724
Mediterranean,Grilled Lamb and Pistachio Burgers,American,100.79,14.53,160.58,2022-10-16,16:47:24,6.936682725395734,0.09048449371030015
Mediterranean,Fish Soup with Saffron and Fennel,Mediterranean,329.4,106.49,93.1,2022-10-16,16:47:24,3.0932481923185273,1.1438238453276048
Mediterranean,Bacon Swiss Burgers with Tomato and Avocado,American,174.59,97.06,164.78,2022-10-16,16:47:24,1.7987842571605193,0.5890277946352713
Mediterranean,Orgeat Recipe,Mediterranean,60.49,361.57,142.8,2022-10-16,16:47:24,0.16729817186160356,2.532002801120448
Mediterranean,Provençal Baked Fish with Roasted Potatoes & Mushrooms,Mediterranean,98.38,104.75,34.74,2022-10-16,16:47:24,0.9391885441527446,3.015256188831318
Mediterranean,Roasted Kale and Eggplant Tapenade,Mediterranean,18.29,68.88,30.22,2022-10-16,16:47:24,0.265534262485482,2.2792852415618796
Mediterranean,"Chickpea, Chorizo & Spinach Soup",Mediterranean,87.97,182.05,76.83,2022-10-16,16:47:24,0.4832188959077176,2.3695171157100092
Mediterranean,Skordalia Trio,Mediterranean,31.51,144.29,90.4,2022-10-16,16:47:31,0.2183796520895419,1.5961283185840707
Mediterranean,Labneh Stuffed Grape Leaves Preserved in Oil,Mediterranean,95.12,34.35,784.56,2022-10-16,16:47:31,2.7691411935953423,0.0437825022942796
Mediterranean,Acorn Squash Stuffed with Chard & White Beans for Two,French,34.18,115.22,27.23,2022-10-16,16:47:31,0.2966498871723659,4.231362467866324
Mediterranean,Dinner Tonight: Red Snapper with Tomatoes and Olives Baked in Foil Recipe,American,73.25,19.56,35.43,2022-10-16,16:47:31,3.7448875255623726,0.5520745131244708
Mediterranean,Greek-Style Chicken Breasts,Mediterranean,163.25,36.27,61.89,2022-10-16,16:47:31,4.500964984835952,0.5860397479398934
Mediterranean,Spring Lamb with Grilled Baby Artichokes – Mr. Bean,Mediterranean,247.58,224.63,259.78,2022-10-16,16:47:31,1.1021680096158128,0.8646932019401032
Mediterranean,"Skillet Cod with Bulgur, Zucchini, and Tomatoes",Italian,205.84,145.35,50.36,2022-10-16,16:47:31,1.4161678706570349,2.8862192216044478
Mediterranean,Eggs Baked Over a Spicy Vegetable Ragout,South American,46.52,78.19,41.24,2022-10-16,16:47:31,0.5949609924542781,1.8959747817652763
Mediterranean,Instant Pot Chicken Breast,French,102.22,1.1,25.48,2022-10-16,16:47:31,92.92727272727272,0.043171114599686033
Mediterranean,Baccalà in Zimino (Salted Cod with Greens),American,297.23,43.93,53.0,2022-10-16,16:47:31,6.765991349874802,0.8288679245283019
Mediterranean,Chicken-Garbanzo Salad,Mediterranean,97.63,143.47,37.37,2022-10-16,16:47:31,0.6804906949187983,3.8391758094728394
Mediterranean,Spicy Lamb Burgers with Grilled Eggplant,South East Asian,251.96,152.38,325.38,2022-10-16,16:47:31,1.6534978343614648,0.4683139713565677
Mediterranean,Spiced Braised Lamb with Carrots and Spinach,Mediterranean,294.18,100.24,375.0,2022-10-16,16:47:31,2.9347565841979253,0.26730666666666664
Mediterranean,Cook the Book: Piedmontese Peppers,French,14.67,55.62,67.77,2022-10-16,16:47:31,0.2637540453074434,0.8207171314741036
Mediterranean,Greek Meatball Mezze Bowls,Mediterranean,129.23,118.99,93.66,2022-10-16,16:47:31,1.0860576519035212,1.2704462951099722
Mediterranean,Dinner Tonight: Zucchini Galette,American,48.52,37.77,40.98,2022-10-16,16:47:31,1.2846174212337833,0.9216691068814057
Mediterranean,Vasilopita,French,103.98,798.0,274.18,2022-10-16,16:47:31,0.13030075187969925,2.910496753957254
Mediterranean,Yellow Tomato Gazpacho,Mediterranean,20.33,90.1,22.66,2022-10-16,16:47:31,0.22563817980022197,3.9761694616063545
Mediterranean,Lamb Meatballs With Dilled Carrots,Mediterranean,143.68,100.92,181.74,2022-10-16,16:47:31,1.4237019421323822,0.5552987784747441
Mediterranean,Ratatouille & Tabouleh,French,30.7,197.55,113.49,2022-10-16,16:47:37,0.155403695267021,1.7406819984139574
Mediterranean,Sweet Orange Couscous with Dried Fruit,Mediterranean,18.2,288.56,1.71,2022-10-16,16:47:37,0.06307180482395341,168.7485380116959
Mediterranean,Provençal Turkey Kebabs with Grilled Lemon,American,127.42,27.02,58.44,2022-10-16,16:47:37,4.715766099185789,0.4623545516769336
Mediterranean,Whole-Grain Orzo & Grilled Vegetable Salad,Mediterranean,82.67,149.58,128.16,2022-10-16,16:47:37,0.5526808396844498,1.1671348314606742
Mediterranean,Persian Spinach and Yogurt Dip (Borani Esfanaj),American,17.38,27.36,16.82,2022-10-16,16:47:37,0.6352339181286549,1.6266349583828774
Mediterranean,Sheet-Pan Chicken & Vegetables with Romesco Sauce,Mediterranean,130.42,169.05,169.26,2022-10-16,16:47:37,0.7714877255249925,0.9987593052109183
Mediterranean,Shrimp Prepared in the Scampi Style,South East Asian,220.9,37.84,136.03,2022-10-16,16:47:37,5.837737843551797,0.27817393222083364
Mediterranean,Slow-Cooker Turkish Lamb & Vegetable Stew,Middle Eastern,152.35,165.11,122.58,2022-10-16,16:47:37,0.92271818787475,1.3469570892478382
Mediterranean,Grilled Merguez with Ratatouille,French,99.76,107.78,307.18,2022-10-16,16:47:37,0.925589163110039,0.35086919721336024
Mediterranean,Fava Bean Salad with Mountain Ham and Mint,American,970.31,823.34,322.84,2022-10-16,16:47:37,1.1785046274928948,2.550303555941024
Mediterranean,Golden Panko Latkes with Sour Cream and Chives,American,48.52,268.05,278.23,2022-10-16,16:47:37,0.18101100540943854,0.9634115659705998
Mediterranean,Roasted Black Sea Bass with Tomato and Olive Salad,French,103.41,42.09,97.54,2022-10-16,16:47:37,2.45687811831789,0.4315152757842936
Mediterranean,Veal Meatballs with Braised Vegetables,Italian,113.91,113.69,164.46,2022-10-16,16:47:37,1.0019350866391064,0.691292715553934
Mediterranean,Escabeche,Mediterranean,218.54,308.96,147.28,2022-10-16,16:47:37,0.7073407560849301,2.097772949483976
Mediterranean,Kimchi-Sesame Hummus,Mediterranean,42.04,115.5,71.36,2022-10-16,16:47:37,0.36398268398268396,1.6185538116591929
Mediterranean,"Mussels with Spices, Ginger, Lemongrass and Coriander",Mediterranean,111.01,63.06,49.44,2022-10-16,16:47:37,1.7603869330796067,1.275485436893204
Mediterranean,Korean Hummus,Mediterranean,101.15,309.08,67.03,2022-10-16,16:47:37,0.3272615504076615,4.611069670296882
Mediterranean,Espinacas con Garbanzos/Spinach and Garbanzos,Mediterranean,46.05,128.0,51.71,2022-10-16,16:47:37,0.359765625,2.4753432604912007
Mediterranean,Quinoa Salad with Pistachios and Currants,Mediterranean,43.09,209.08,59.17,2022-10-16,16:47:37,0.20609336139276832,3.5335474057799563
Mediterranean,Chicken in Garlic-Vinegar Sauce,French,181.1,69.02,141.49,2022-10-16,16:47:44,2.6238771370617213,0.4878083256767262
Mediterranean,Ouzo Poached Shrimp with Tomatoes and Corn Salad,Mediterranean,66.88,66.05,73.57,2022-10-16,16:47:44,1.012566237698713,0.8977844229985049
Mediterranean,Greek Salmon Salad,Nordic,13.44,99.69,22.25,2022-10-16,16:47:44,0.13481793560036112,4.480449438202247
Mediterranean,"Dinner Tonight: Orzo with Cherry Tomatoes, Capers, and Lemon Recipe",Italian,35.82,115.03,31.12,2022-10-16,16:47:44,0.3113970268625576,3.69633676092545
Mediterranean,Cider Doughnuts with Maple-Tahini Glaze,American,39.26,347.85,83.29,2022-10-16,16:47:44,0.11286474054908724,4.176371713290911
Mediterranean,"Falafel, Feta, and Tomato Salad",Mediterranean,37.66,84.02,108.06,2022-10-16,16:47:44,0.4482266127112592,0.7775310012955765
Mediterranean,Seaside Salad,Mediterranean,227.93,51.62,184.65,2022-10-16,16:47:44,4.415536613715615,0.279555916598971
Mediterranean,Southeast Asian Carrot Salad with Mint and Roasted Peanuts,South East Asian,22.49,54.43,46.33,2022-10-16,16:47:44,0.413191254822708,1.1748327217785453
Mediterranean,Tunisian Leblebi,Mediterranean,98.69,215.1,32.2,2022-10-16,16:47:44,0.4588098558809856,6.680124223602483
Mediterranean,Stuffed Red Bell Peppers,Middle Eastern,127.0,151.18,150.93,2022-10-16,16:47:44,0.8400582087577722,1.0016563970052341
Mediterranean,"Whole Wheat Spaghetti Salad With Grilled Zucchini, Kalamata Olives, and Feta Recipe",Mediterranean,102.41,387.6,126.97,2022-10-16,16:47:44,0.26421568627450975,3.052689611719304
Mediterranean,Braised Leg of Lamb with Juniper,French,355.04,112.89,304.93,2022-10-16,16:47:44,3.145008415271503,0.37021611517397435
Mediterranean,"Swordfish with Olives, Capers & Tomatoes over Polenta",Italian,100.42,85.94,51.15,2022-10-16,16:47:44,1.1684896439376309,1.680156402737048
Mediterranean,Falafel Pizza,Italian,71.31,218.32,60.34,2022-10-16,16:47:44,0.32663063393184316,3.6181637388133905
Mediterranean,Spanakopita Grilled Cheese,Mediterranean,44.64,80.82,70.43,2022-10-16,16:47:44,0.5523385300668152,1.147522362629561
Mediterranean,Autumn Olive Medley,French,363.39,112.36,306.17,2022-10-16,16:47:44,3.2341580633677465,0.3669856615605709
Mediterranean,Greek Tomato and Cucumber Salad with Farro,Mediterranean,43.63,168.35,66.91,2022-10-16,16:47:44,0.25916245916245917,2.5160663577940516
Mediterranean,Ancient Arabic Coffee Shows Guests You Think They’re Worth It,Middle Eastern,1.64,10.27,0.2,2022-10-16,16:47:44,0.1596884128529698,51.349999999999994
Mediterranean,Lemon-Herb Salmon with Caponata & Farro,Nordic,152.24,158.87,79.49,2022-10-16,16:47:44,0.9582677660980676,1.9986161781356147
Mediterranean,Fried Squid Po' Boy with Avocado and Black Chile Oil Recipe,American,99.63,192.2,220.65,2022-10-16,16:47:51,0.518366285119667,0.8710627690913211
Mediterranean,Roasted Tomatoes and Sage Pesto,Italian,54.18,114.77,258.04,2022-10-16,16:47:51,0.4720745839505097,0.44477600372035336
Mediterranean,Sea Bass Crusted with Moroccan Spices,Middle Eastern,129.58,20.8,30.88,2022-10-16,16:47:51,6.229807692307693,0.6735751295336788
Mediterranean,"Rustic Rosemary, Grape and Feta Galette with Caramelized Onions",Mediterranean,38.36,154.91,79.92,2022-10-16,16:47:51,0.24762765476728424,1.9383133133133132
Mediterranean,Piled-High Greek Vegetable Pitas,Mediterranean,51.34,172.22,41.36,2022-10-16,16:47:51,0.29810707234932066,4.163926499032882
Mediterranean,Greek Chicken & Cucumber Pita Sandwiches with Yogurt Sauce,Mediterranean,104.99,164.17,98.54,2022-10-16,16:47:51,0.639520009745995,1.6660239496651104
Mediterranean,Honeyed Prawns & Polenta,Italian,96.31,318.46,47.83,2022-10-16,16:47:51,0.3024241663003203,6.658164332009199
Mediterranean,Pâtes aux Cêpes (Tagliatelle with Porcini Mushrooms and Crème Fraîche) Recipe,French,71.92,389.19,57.18,2022-10-16,16:47:51,0.1847940594568206,6.806400839454355
Mediterranean,Savory Lamb Shanks with Eggplant and Barley,American,377.68,241.99,275.44,2022-10-16,16:47:51,1.5607256498202404,0.8785579436537904
Mediterranean,Artichokes with Broad Beans and Almonds,Mediterranean,63.55,128.47,254.0,2022-10-16,16:47:51,0.49466801587919357,0.5057874015748032
Mediterranean,"Salad with Kale, Snap Peas and Lemony Feta Dressing",Mediterranean,35.42,78.76,93.12,2022-10-16,16:47:51,0.44972067039106145,0.8457903780068728
Mediterranean,Irish Pizza,Italian,110.38,202.45,185.25,2022-10-16,16:47:51,0.54522104223265,1.0928475033738192
Mediterranean,Chickpea Salad with Cumin Vinaigrette Recipe,American,66.72,205.83,159.5,2022-10-16,16:47:51,0.32415099839673517,1.2904702194357367
Mediterranean,Scrambled Eggs with Goat Cheese and Aleppo Pepper,Mediterranean,51.0,14.13,75.57,2022-10-16,16:47:51,3.609341825902335,0.18697895990472413
Mediterranean,Za'atar-Crusted Chicken Schnitzel,Central Europe,255.46,81.7,166.3,2022-10-16,16:47:51,3.1268053855569153,0.4912808177991581
Mediterranean,Pita Panzanella Salad with Meatballs,Italian,158.84,149.37,128.05,2022-10-16,16:47:51,1.0633996117024838,1.1664974619289339
Mediterranean,Chicken Hash Recipe,French,145.1,112.03,134.68,2022-10-16,16:47:51,1.2951887887173077,0.8318235818235817
Mediterranean,Hamachi Carpaccio with Piquillo peppers and Grilled lemon,Mediterranean,108.86,29.66,132.56,2022-10-16,16:47:51,3.670262980445044,0.22374773687386842
Mediterranean,Linguine with Shellfish Sauce,Italian,398.42,444.69,118.77,2022-10-16,16:47:51,0.8959499876318334,3.7441273048749686
Mediterranean,Braised Chicken with Fennel and Dried Figs,French,218.73,156.01,193.1,2022-10-16,16:47:58,1.4020255111851805,0.8079233557742103
Mediterranean,Garlic Croutons with Eggplant and Roasted Pepper Spread Topped with Grilled Shrimp,Mediterranean,43.83,78.64,72.47,2022-10-16,16:47:58,0.5573499491353001,1.0851386780736856
Mediterranean,Tabbouleh Tacos with Tahini-Garlic Dressing,Mediterranean,97.53,371.53,54.73,2022-10-16,16:47:58,0.262509084057815,6.788415859674767
Mediterranean,Fennel Braised with Artichokes,Mediterranean,28.54,114.37,58.47,2022-10-16,16:47:58,0.24954096353938968,1.9560458354711818
Mediterranean,Sweet Chile Pork over Cumin Beans and Cilantro Rice,Mexican,407.45,881.0,145.87,2022-10-16,16:47:58,0.46248581157775254,6.039624323027353
Mediterranean,Roasted Garlic Vegetable Soup,American,70.08,161.99,152.23,2022-10-16,16:47:58,0.43261929748749917,1.0641135124482692
Mediterranean,Spicy Shrimp Tortillitas with Mango Mayonnaise,Mediterranean,84.45,218.71,191.1,2022-10-16,16:47:58,0.3861277490741164,1.144479330193616
Mediterranean,Ripe's Radicchio Salad with Tahini Lemon Drizzle,Mediterranean,18.08,62.76,102.97,2022-10-16,16:47:58,0.28808158062460165,0.6094979120132077
Mediterranean,Beef and Vegetable Shish Kebabs Recipe,Middle Eastern,168.59,57.28,183.82,2022-10-16,16:47:58,2.9432611731843576,0.3116091828963116
Mediterranean,Watermelon Feta Tomato Salad with Basil Vinaigrette,Mediterranean,14.91,97.1,77.79,2022-10-16,16:47:58,0.15355303810504636,1.2482324206196167
Mediterranean,Eggplant Napoleon,Mediterranean,66.6,308.96,526.89,2022-10-16,16:47:58,0.2155618850336613,0.5863842547780371
Mediterranean,Sheep's-Milk Yogurt Cheesecakes with Grilled Figs and Pistachios,American,30.45,202.73,138.23,2022-10-16,16:47:58,0.1501997730972229,1.4666136149895104
Mediterranean,Greek Grilled Salmon Kebabs with Tzatziki & Green Beans,Mediterranean,141.41,99.83,114.17,2022-10-16,16:47:58,1.416508063708304,0.8743978278006481
Mediterranean,Salmon and Potatoes Roasted on Fig Leaves with Fresh Fig Salad,Nordic,175.17,163.48,189.39,2022-10-16,16:47:58,1.071507218008319,0.8631923544009715
Mediterranean,"Salad of Limas, Green Beans, and Chickpeas with Lemon and Parsley",American,30.56,113.35,31.73,2022-10-16,16:47:58,0.26960741067490074,3.5723290261582097
Mediterranean,Dinner Tonight: Curried Pork Noodles Recipe,Asian,97.73,201.04,127.89,2022-10-16,16:47:58,0.4861221647433347,1.571975916803503
Mediterranean,Lamb Dumplings with Cucumber Vinegar Dipping Sauce,Chinese,128.29,324.19,135.9,2022-10-16,16:47:58,0.3957247293253956,2.385504047093451
Mediterranean,Pulled Blackened Chicken with Toasted Couscous,American,216.24,210.88,260.79,2022-10-16,16:47:58,1.0254172989377845,0.808619962421872
Mediterranean,Beef Stew,American,168.43,101.65,50.5,2022-10-16,16:48:04,1.656960157402853,2.012871287128713
Mediterranean,"Lamb Meatballs with Yogurt, Eggs, and Mint",American,265.8,228.03,337.78,2022-10-16,16:48:04,1.1656361005130904,0.675084374444905
Mediterranean,"Cook the Book: Cumin Seed Roasted Cauliflower with Salted Yogurt, Mint, and Pomegranate Seeds",Mediterranean,23.51,99.19,35.13,2022-10-16,16:48:04,0.2370198608730719,2.8235126672359803
Mediterranean,Provencal Seafood Pie,Mediterranean,190.2,302.85,254.22,2022-10-16,16:48:04,0.6280336800396235,1.1912910077885297
Mediterranean,"Chicken, Sausage, and Red Pepper Paella",Mediterranean,247.13,394.06,303.66,2022-10-16,16:48:04,0.6271379992894482,1.2977013765395506
Mediterranean,Monkfish and Clam Bourride,American,146.42,197.86,56.9,2022-10-16,16:48:04,0.7400181946831091,3.477328646748682
Mediterranean,"Grilled Swordfish with Artichokes, Tomatoes, and Olives",Mediterranean,192.6,54.69,196.83,2022-10-16,16:48:04,3.521667580910587,0.2778539856729157
Mediterranean,"Sabich Sandwiches (Pitas With Eggplant, Eggs, Hummus, and Tahini) Recipe",Mediterranean,89.55,241.62,359.36,2022-10-16,16:48:04,0.370623292773777,0.6723619768477292
Mediterranean,Lamb Kofta With Pomegranate Glaze,American,55.89,62.62,46.94,2022-10-16,16:48:04,0.8925263494091346,1.334043459735833
Mediterranean,Healthy & Delicious: Irio Recipe,American,38.49,221.18,3.83,2022-10-16,16:48:04,0.17402115923682068,57.74934725848564
Mediterranean,"Meat, Bulgur, and Rice Dolmades",Mediterranean,59.78,108.31,72.74,2022-10-16,16:48:04,0.5519342627642877,1.489001924663184
Mediterranean,Cardoon Soup with Black Truffle Carpaccio Recipe,French,20.65,136.09,67.09,2022-10-16,16:48:04,0.15173782055992358,2.0284692204501416
Mediterranean,Must-Try Hummus and Tortilla Chips,Mediterranean,55.11,194.3,53.91,2022-10-16,16:48:04,0.2836335563561503,3.604155073270266
Mediterranean,Irish Soda Bread with Ancient Grains,American,62.34,282.4,54.59,2022-10-16,16:48:04,0.2207507082152975,5.1731086279538365
Mediterranean,Zuk’s Grilled Octopus Salad,South American,287.5,138.38,174.66,2022-10-16,16:48:04,2.077612371730019,0.7922821481735944
Mediterranean,Pork Chile Verde with Red Chile Salsa,Mexican,294.51,207.31,334.53,2022-10-16,16:48:04,1.420626115479234,0.6197052581233373
Mediterranean,"Slow-Cooker Pork Shoulder With Tomatoes, Fennel, and Pasta Recipe",Italian,502.47,659.32,429.03,2022-10-16,16:48:04,0.7621033792392161,1.536768990513484
Mediterranean,Cook the Book: Harissa Ravioli,Italian,63.35,183.09,112.59,2022-10-16,16:48:04,0.34600469714348137,1.6261657340794031
Mediterranean,Cook the Book: Stuffed Baby Eggplants and Zucchini in Pomegranate Sauce,Middle Eastern,148.0,503.8,1004.58,2022-10-16,16:48:04,0.2937673680031759,0.5015031157299568
Mediterranean,Pasta with Saffron,Mediterranean,74.99,263.03,102.01,2022-10-16,16:48:11,0.2851005588716116,2.5784726987550237
Mediterranean,Cooking from the Glossies: White Bean and Roasted Garlic Hummus Recipe,Mediterranean,110.67,340.66,85.54,2022-10-16,16:48:11,0.3248693712205718,3.982464344166472
Mediterranean,Butternut Squash Soup with Apple and Ginger,American,81.03,403.57,496.19,2022-10-16,16:48:11,0.2007830116212801,0.8133376327616437
Mediterranean,Lemony Chicken with Root Vegetables,Mediterranean,191.64,220.82,212.79,2022-10-16,16:48:11,0.8678561724481477,1.0377367357488605
Mediterranean,Cook the Book: Middle Eastern Lamb Pizza,Italian,94.42,262.65,113.23,2022-10-16,16:48:11,0.3594898153436132,2.3196149430362976
Mediterranean,Easy Provençal Lamb,French,446.71,234.62,448.83,2022-10-16,16:48:11,1.903972380871196,0.5227368937014014
Mediterranean,Dinner Recipe for Two: Duck Breast with Pomegranate-Citrus Glaze,French,66.43,23.5,14.25,2022-10-16,16:48:11,2.826808510638298,1.6491228070175439
Mediterranean,Cook the Book: Al Halabi Style Kebabs with Potato Moutabel,Middle Eastern,155.62,177.35,250.51,2022-10-16,16:48:11,0.8774739216239076,0.7079557702287333
Mediterranean,Capers: What's Not to Love? Recipe,Italian,82.98,25.84,105.67,2022-10-16,16:48:11,3.211300309597523,0.244534872716949
Mediterranean,Herby Lamb and Turkey Meatballs,American,174.42,19.0,148.2,2022-10-16,16:48:11,9.18,0.12820512820512822
Mediterranean,Chickpeas with Spinach,Indian,198.07,208.61,102.58,2022-10-16,16:48:11,0.9494750970710895,2.0336322869955157
Mediterranean,Meat Lite: Eggs Any Style Shaksouka Recipe,Mediterranean,34.97,15.12,39.65,2022-10-16,16:48:11,2.312830687830688,0.38133669609079446
Mediterranean,Sweet Potato Bisteeya,South American,88.12,518.34,245.25,2022-10-16,16:48:11,0.17000424431840105,2.1135168195718657
Mediterranean,Cook the Book: Fried Halloumi Salad,Asian,40.3,66.18,121.73,2022-10-16,16:48:11,0.6089453006950739,0.5436622032366714
Mediterranean,Eat for Eight Bucks: Sardine Linguine with Sundried Tomatoes and Olives Recipe,American,73.02,276.1,85.51,2022-10-16,16:48:11,0.26446939514668594,3.2288621213893114
Mediterranean,Italian Mixed Seafood Soup,Italian,309.78,107.85,55.37,2022-10-16,16:48:11,2.8723226703755214,1.9478056709409428
Mediterranean,Recipe: Spiced Oven Fries with Garlic Spread,American,4.45,22.53,15.58,2022-10-16,16:48:11,0.19751442521083,1.4460847240051349
Mediterranean,"Casserole of Lentils, Eggplant, and Mint",Middle Eastern,49.8,189.68,77.8,2022-10-16,16:48:11,0.26254744833403626,2.4380462724935734
Mediterranean,Red Snapper with Provencal Tomato Sauce,French,202.0,168.47,119.43,2022-10-16,16:48:11,1.1990265329138718,1.4106170978816042
Mediterranean,Egyptian Fried Fish Fillets,American,211.86,236.26,235.28,2022-10-16,16:48:18,0.8967239481926692,1.004165249914995
Mediterranean,Chicken Souvlaki With Tzatziki Sauce and Greek Salad Recipe,Mediterranean,288.73,236.89,176.56,2022-10-16,16:48:18,1.2188357465490314,1.3416968735840507
Mediterranean,Cook the Book: Pan-Roasted Striped Bass with Tunisian Chickpea Salad and Yogurt Sauce,American,236.43,225.35,203.05,2022-10-16,16:48:18,1.049167960949634,1.1098251662152179
Mediterranean,Meatballs Braised with Kale,Mediterranean,531.48,279.16,566.41,2022-10-16,16:48:18,1.9038544204040693,0.49285853004007707
Mediterranean,"Balsamic-Braised Pot Roast with Tomatoes, Lemons, Raisins, and Black Olive–Pine Nut Relish",American,280.68,268.31,211.91,2022-10-16,16:48:18,1.0461033878722374,1.2661507243641168
Mediterranean,Det Burgers,Japanese,211.09,119.36,144.07,2022-10-16,16:48:18,1.768515415549598,0.8284861525647255
Mediterranean,Poached Salt Cod with Vegetables and Garlic Mayonnaise,Mediterranean,656.65,315.52,73.73,2022-10-16,16:48:18,2.0811675963488843,4.279397802793977
Mediterranean,"Scooped: Rosemary, Olive Oil, and Pine Honey Ice Cream",Mediterranean,35.31,176.89,213.81,2022-10-16,16:48:18,0.19961558030414384,0.8273233244469388
Mediterranean,Crabby Falafel 'Sliders' Recipe,American,161.34,442.12,189.36,2022-10-16,16:48:18,0.3649235501673754,2.334811998310097
Mediterranean,Chicken Thighs Confit,Mediterranean,226.06,20.76,1092.92,2022-10-16,16:48:18,10.889210019267821,0.018994985909307177
Mediterranean,Meat Lite: Eggplant Lamb Lavash Wraps Recipe,American,119.73,253.72,95.35,2022-10-16,16:48:18,0.4718981554469494,2.66093340325118
Mediterranean,"Braised Chicken with Saffron Onions, Italian Couscous, and Dates",Italian,442.1,603.47,503.79,2022-10-16,16:48:18,0.7325964836694451,1.1978602195359178
Mediterranean,The Secret Ingredient: Preserved Lemons Recipe,American,326.24,283.27,390.59,2022-10-16,16:48:18,1.151692731316412,0.7252361811618321
Mediterranean,Mediterranean Dip,Mediterranean,21.71,40.46,32.12,2022-10-16,16:48:18,0.5365793376174,1.2596513075965132
Mediterranean,Mediterranean Dip,Mediterranean,21.71,40.46,32.12,2022-10-16,16:48:18,0.5365793376174,1.2596513075965132
Mediterranean,Mediterranean Pan Roasted Salmon,Nordic,97.73,52.22,84.28,2022-10-16,16:48:18,1.8715051704327845,0.6196013289036545
Mediterranean,Mediterranean Olive Spread,Mediterranean,2.2,5.02,11.12,2022-10-16,16:48:18,0.4382470119521913,0.4514388489208633
Mediterranean,Lamb with mediterranean couscous,Mediterranean,186.2,214.33,118.24,2022-10-16,16:48:18,0.8687537908832174,1.8126691474966172
Mediterranean,"Hummus Pizza, Mediterranean Style",Italian,54.84,188.68,89.59,2022-10-16,16:48:18,0.29065083739665043,2.106038620381739
Mediterranean,Mediterranean Antipasto Salad,Mediterranean,64.98,63.17,110.36,2022-10-16,16:48:24,1.028652841538705,0.5723994200797391
Mediterranean,Roasted Mediterranean Chick Pea’s recipes,Mediterranean,14.51,51.09,15.81,2022-10-16,16:48:24,0.28400861225288704,3.2314990512333965
Mediterranean,Mediterranean Elote,Mediterranean,16.26,70.2,21.02,2022-10-16,16:48:24,0.23162393162393163,3.339676498572788
Mediterranean,Mediterranean Pasta,Mediterranean,63.92,283.44,115.42,2022-10-16,16:48:24,0.22551510019757268,2.4557269104141395
Mediterranean,5 Ingredient Mediterranean Dip recipes,Mediterranean,22.95,13.03,52.44,2022-10-16,16:48:24,1.7613200306983883,0.2484744469870328
Mediterranean,Mediterranean Hummus,Mediterranean,36.11,111.87,52.67,2022-10-16,16:48:24,0.322785375882721,2.123979494968673
Mediterranean,Chunky Mediterranean Vegetable Soup Recipe,Mediterranean,53.71,128.07,19.18,2022-10-16,16:48:24,0.4193800265479816,6.677267987486966
Mediterranean,Mediterranean Feta and avo stack with balsamic tomatoes,Mediterranean,49.4,169.6,62.28,2022-10-16,16:48:24,0.29127358490566035,2.7231856133590235
Mediterranean,Mediterranean Mussels With Lemon Basil & Shallot,Mediterranean,120.08,118.34,48.7,2022-10-16,16:48:24,1.0147033969917187,2.4299794661190965
Mediterranean,Healthy Mediterranean Veggie Omelette recipes,French,17.82,10.57,19.72,2022-10-16,16:48:24,1.685903500473037,0.5360040567951319
Mediterranean,Mediterranean Chicken Soup,Mediterranean,133.84,83.83,32.43,2022-10-16,16:48:24,1.596564475724681,2.5849522047486895
Mediterranean,Mediterranean Vegetable Chip Crusted Chicken,Mediterranean,103.54,88.85,144.51,2022-10-16,16:48:24,1.1653348339898708,0.6148363435056398
Mediterranean,Mediterranean Stuffed Mushroom Appetizer recipes,Mediterranean,15.59,28.52,36.19,2022-10-16,16:48:24,0.5466339410939691,0.7880630008289583
Mediterranean,3-Minute Mediterranean Vegetable Lasagne recipes,Italian,107.91,287.32,75.99,2022-10-16,16:48:24,0.37557427258805515,3.7810238189235426
Mediterranean,Creamy Mediterranean Chicken Pasta Primavera,Italian,156.4,254.11,60.3,2022-10-16,16:48:24,0.6154814843965212,4.2140961857379775
Mediterranean,Mediterranean Flatbread Sandwiches,Mediterranean,36.69,156.32,46.86,2022-10-16,16:48:24,0.23471084953940635,3.3358941527955612
Mediterranean,Mediterranean Pasta Salad,Mediterranean,98.06,392.51,122.25,2022-10-16,16:48:24,0.24982802985911187,3.210715746421268
Mediterranean,Mediterranean White Bean Bruschetta,Mediterranean,66.11,256.88,90.16,2022-10-16,16:48:24,0.2573575210214886,2.8491570541259983
Mediterranean,Mediterranean Chicken Salad,Mediterranean,43.84,31.94,44.49,2022-10-16,16:48:24,1.3725735754539763,0.7179141380085412
Mediterranean,Easy Mediterranean Pot Roast,Mediterranean,263.44,73.29,102.77,2022-10-16,16:48:24,3.5944876517942417,0.7131458596866791
Mediterranean,Mediterranean Chickpea Burger Phyllo Bites,Mediterranean,127.39,473.44,96.86,2022-10-16,16:48:31,0.2690731666103413,4.88787941358662
Mediterranean,Mediterranean Chicken Salad recipes,Mediterranean,34.06,54.17,35.91,2022-10-16,16:48:31,0.6287613069964926,1.508493455861877
Mediterranean,Sheet Pan Mediterranean Cod,Mediterranean,88.21,40.02,12.85,2022-10-16,16:48:31,2.204147926036981,3.1143968871595336
Mediterranean,Roasted Mediterranean vegetables with fetta and olives,Mediterranean,37.88,106.66,56.81,2022-10-16,16:48:31,0.3551471966997938,1.877486358035557
Mediterranean,Mediterranean Pasta Salad,Mediterranean,98.06,392.51,122.25,2022-10-16,16:48:31,0.24982802985911187,3.210715746421268
Mediterranean,Mediterranean Quinoa with Cashew Tzatziki,Mediterranean,65.39,232.64,74.8,2022-10-16,16:48:31,0.281078060522696,3.1101604278074864
Mediterranean,Mediterranean Pasta Salad,Mediterranean,88.07,352.89,122.97,2022-10-16,16:48:31,0.24956785400549744,2.869724323005611
Mediterranean,Alouette Crumbled Feta Mediterranean Caponata,Mediterranean,37.35,64.48,107.8,2022-10-16,16:48:31,0.5792493796526055,0.5981447124304268
Mediterranean,Alouette Crumbled Feta Mediterranean Caponata Recipe,Mediterranean,37.35,64.48,107.8,2022-10-16,16:48:31,0.5792493796526055,0.5981447124304268
Mediterranean,Mediterranean Grilled Chicken,Mediterranean,78.2,12.18,44.72,2022-10-16,16:48:31,6.420361247947455,0.2723613595706619
Mediterranean,Mediterranean Couscous with Steamed Beets and Microgreens,Mediterranean,81.52,130.91,182.29,2022-10-16,16:48:31,0.6227178977923764,0.7181414230072961
Mediterranean,Sam's Mediterranean Rotini Pasta Salad,Italian,64.44,294.7,252.4,2022-10-16,16:48:31,0.2186630471666101,1.1675911251980982
Mediterranean,Mediterranean Chicken Lettuce Wrap Salad,Mediterranean,96.62,37.84,74.64,2022-10-16,16:48:31,2.55338266384778,0.5069667738478029
Mediterranean,Mediterranean Salad with Crispy Chickpeas,Mediterranean,51.99,192.73,36.48,2022-10-16,16:48:31,0.26975561666580194,5.283168859649123
Mediterranean,Mediterranean Stuffed Peppers Recipe,Mediterranean,246.19,479.71,243.89,2022-10-16,16:48:31,0.5132058952283671,1.9669113124769364
Mediterranean,Seared Chicken Thighs with Mediterranean Orzo Salad recipes,Mediterranean,301.35,303.15,79.53,2022-10-16,16:48:31,0.9940623453735776,3.811769143719351
Mediterranean,Cheesy Chicken Mediterranean Pasta Bake recipes,Mediterranean,222.04,249.55,218.59,2022-10-16,16:48:31,0.8897615708274894,1.1416350244750446
Mediterranean,Mediterranean mackerel and potato patties,Mediterranean,104.59,301.23,68.45,2022-10-16,16:48:31,0.3472097732629552,4.400730460189919
Mediterranean,Mediterranean Cauliflower White Bean Dip,Mediterranean,54.04,158.03,72.18,2022-10-16,16:48:38,0.3419603872682402,2.189387642006096
Mediterranean,Greek Chicken Roulade recipes,Mediterranean,212.92,20.97,131.37,2022-10-16,16:48:38,10.153552694325226,0.1596254852706097
Mediterranean,Provolone Tartare,Mediterranean,58.89,7.65,83.83,2022-10-16,16:48:38,7.698039215686274,0.09125611356316356
Mediterranean,Quick And Easy Grilled Potatoes (4 Pts),Mediterranean,15.79,133.36,27.59,2022-10-16,16:48:38,0.11840131973605277,4.833635375135919
Mediterranean,Mediterranean Tomato Stew with Braised Swo,Mediterranean,175.75,78.91,115.15,2022-10-16,16:48:38,2.2272208845520214,0.6852800694745983
Mediterranean,Mediterranean Shrimp ‘n Couscous Salad recipes,Mediterranean,160.22,230.34,93.64,2022-10-16,16:48:38,0.6955804462967786,2.4598462195642887
Mediterranean,Kalamata Basil Cream Cheese Spread,American,14.57,15.71,84.57,2022-10-16,16:48:38,0.9274347549331635,0.18576327302826065
Mediterranean,Mediterranean Pizza with Whole Wheat Crust,Italian,164.08,374.81,182.37,2022-10-16,16:48:38,0.437768469357808,2.0552174151450346
Mediterranean,Il Panino Toscano,Italian,100.19,74.38,101.21,2022-10-16,16:48:38,1.347001882226405,0.7349076178243257
Mediterranean,Almond Apricot Dips Recipe,British,13.63,100.74,49.17,2022-10-16,16:48:38,0.13529878896168357,2.048810250152532
Mediterranean,Mediterranean Salad with Hummus and Fried Halloumi,Mediterranean,85.27,189.55,257.96,2022-10-16,16:48:38,0.4498549195462938,0.7348038455574508
Mediterranean,Yogurt Cheese and Pistachio Spread,American,181.29,95.95,231.94,2022-10-16,16:48:38,1.889421573736321,0.4136845735966198
Mediterranean,Fresh Dates filled with Mascarpone Cheese,American,19.24,58.76,83.7,2022-10-16,16:48:38,0.3274336283185841,0.7020310633213859
Mediterranean,Za'atar and Lemon Roast Chickpeas,Mediterranean,32.76,108.11,26.86,2022-10-16,16:48:38,0.3030246970678013,4.024944154877141
Mediterranean,Italian Pork Chops,Italian,219.7,16.96,119.67,2022-10-16,16:48:38,12.954009433962263,0.14172307178073035
Mediterranean,Cucumber and Feta Appetizer Bites,Mediterranean,11.97,10.18,16.2,2022-10-16,16:48:38,1.175834970530452,0.6283950617283951
Mediterranean,Paprika Beyond Chicken - and Tofu!,Asian,3.79,26.17,0.77,2022-10-16,16:48:38,0.14482231562858233,33.98701298701299
Mediterranean,Italian Herb Seasoning,Italian,0.49,3.01,0.47,2022-10-16,16:48:38,0.16279069767441862,6.404255319148936
Mediterranean,Dijon Pork Medallions with Roasted Carrot and Zucchini Fries,French,78.18,59.79,14.87,2022-10-16,16:48:44,1.3075765178123433,4.020847343644923
Mediterranean,Fried Provolone Stuffed Olives,Italian,32.09,143.97,253.87,2022-10-16,16:48:44,0.2228936584010558,0.5671012723047228
Mediterranean,Prosciutto-Wrapped Apricots Recipe,American,37.97,45.47,66.82,2022-10-16,16:48:44,0.835056080932483,0.6804848847650404
Mediterranean,Tuscan Chicken And Artichokes With Toasted Pine Nut Couscous Recipe,Mediterranean,194.02,217.71,153.61,2022-10-16,16:48:44,0.8911855220247118,1.4172905409804049
Mediterranean,Lemon Garlic Olives,Mediterranean,5.56,42.09,48.92,2022-10-16,16:48:44,0.13209788548348775,0.8603843008994276
Mediterranean,Herb Braised Chicken With Mushrooms And Tomatoes,French,124.82,254.42,152.74,2022-10-16,16:48:44,0.4906060844273249,1.6657064292261357
Mediterranean,Holiday Bark w/Toasted Quinoa recipes,South American,123.91,368.32,94.37,2022-10-16,16:48:44,0.3364194178974804,3.9029352548479386
Mediterranean,Greek Salad,Mediterranean,14.99,66.76,35.63,2022-10-16,16:48:44,0.22453565008987417,1.873701936570306
Mediterranean,Spanish bruschetta (pan con tomate),Mediterranean,14.74,66.78,9.22,2022-10-16,16:48:44,0.2207247678945792,7.242950108459869
Mediterranean,Warm Pasta Salad,Italian,42.2,192.58,63.85,2022-10-16,16:48:44,0.2191297123273445,3.0161315583398594
Mediterranean,Spicy Feta Spread,Mediterranean,36.4,31.12,63.61,2022-10-16,16:48:44,1.1696658097686374,0.48923125294764974
Mediterranean,Baccala with Tomato and Olives,Mediterranean,153.5,161.76,99.42,2022-10-16,16:48:44,0.9489366963402572,1.6270368135184066
Mediterranean,Tzatziki,Mediterranean,20.31,40.51,16.6,2022-10-16,16:48:44,0.5013576894593927,2.4403614457831324
Mediterranean,Dijon Pork Medallions with Roasted Carrot and Zucchini Fries,French,78.27,60.43,14.94,2022-10-16,16:48:44,1.295217607148767,4.044846050870148
Mediterranean,Grilled Mackerel,American,299.3,17.94,246.42,2022-10-16,16:48:44,16.683389074693423,0.07280253226199174
Mediterranean,Israeli Couscous Salad with Mediterranean Roasted Vegetables recipes,Middle Eastern,55.29,259.84,175.55,2022-10-16,16:48:44,0.2127847906403941,1.4801481059527197
Mediterranean,Easy Lemon Parmesan Baked Salmon,Nordic,54.37,5.12,63.36,2022-10-16,16:48:44,10.619140625,0.08080808080808081
Mediterranean,Fava Bean and Farfalle Soup,American,196.11,424.6,56.58,2022-10-16,16:48:44,0.4618699952896844,7.504418522446095
Mediterranean,Baked Feta Cheese with Canned Sardines and Olives,Mediterranean,30.47,6.71,79.32,2022-10-16,16:48:44,4.5409836065573765,0.08459404942007061
Mediterranean,Feta Stuffed Lamb and Beef Burgers,Mediterranean,157.08,4.13,203.02,2022-10-16,16:48:44,38.03389830508475,0.020342823367155944
Mediterranean,Egg Casserole for Two,Italian,69.95,117.51,42.43,2022-10-16,16:48:51,0.5952684877882733,2.769502710346453
Mediterranean,Egg Casserole For Two,Italian,69.95,117.51,42.43,2022-10-16,16:48:51,0.5952684877882733,2.769502710346453
Mediterranean,Lemony Kale Salad,Mediterranean,12.42,16.03,47.0,2022-10-16,16:48:51,0.7747972551466,0.34106382978723404
Mediterranean,Marinated Olives,Mediterranean,9.33,66.12,151.73,2022-10-16,16:48:51,0.1411070780399274,0.43577407236538596
Mediterranean,Pickling Spice,American,8.17,24.54,9.86,2022-10-16,16:48:51,0.33292583537082315,2.4888438133874238
Mediterranean,Linguini with Coriander Pesto and Chilli Calamari,Italian,51.98,75.46,20.73,2022-10-16,16:48:51,0.6888417704744235,3.6401350699469366
Mediterranean,Best Ever Gluten Free Veggie Supreme Pizza recipes,Italian,202.68,347.95,223.18,2022-10-16,16:48:51,0.5824974852708723,1.5590554709203333
Mediterranean,Spinach & Watercress Keto Salad,Middle Eastern,32.9,26.88,103.77,2022-10-16,16:48:51,1.2239583333333333,0.2590344030066493
Mediterranean,Rustic New Potato and Bean Salad,American,25.91,173.42,1.76,2022-10-16,16:48:51,0.1494060661976704,98.5340909090909
Mediterranean,Stuffed baby capsicums,Mediterranean,28.99,275.69,22.43,2022-10-16,16:48:51,0.10515434001958722,12.291127953633527
Mediterranean,Easy Sausage Vegetable Bake,American,91.34,114.09,305.39,2022-10-16,16:48:51,0.8005960206854238,0.37358787124660275
Mediterranean,Easy Lemon Parmesan Baked Salmon,Nordic,54.37,5.12,63.36,2022-10-16,16:48:51,10.619140625,0.08080808080808081
Mediterranean,Roasted vegetable & ham pasta salad,Italian,73.61,211.5,34.84,2022-10-16,16:48:51,0.34803782505910164,6.07060849598163
Mediterranean,Mushroom Steaks,American,7.83,23.26,28.67,2022-10-16,16:48:51,0.33662940670679276,0.8113010115102895
Mediterranean,Mediterranean chicken,Mediterranean,78.14,54.23,110.34,2022-10-16,16:48:51,1.440899870920155,0.4914808772883813
Mediterranean,Italian Sausage & Vegetable Stew recipes,Italian,120.35,97.18,216.44,2022-10-16,16:48:51,1.238423543939082,0.4489927924598041
Mediterranean,Mediterranean Salad,Mediterranean,97.66,148.43,128.5,2022-10-16,16:48:51,0.6579532439533786,1.1550972762645915
Mediterranean,Easy Lemon Parmesan Baked Salmon recipes,Nordic,60.17,5.18,67.17,2022-10-16,16:48:51,11.615830115830116,0.07711776090516599
Mediterranean,Simple herb roasted carrots,American,9.61,97.15,56.73,2022-10-16,16:48:51,0.09891919711785897,1.7124977965802928
Mediterranean,Fugazza,Italian,93.01,295.81,63.97,2022-10-16,16:48:58,0.31442479970251175,4.624198843207754
Mediterranean,Mediterranean Tapenade,Mediterranean,4.91,17.12,52.21,2022-10-16,16:48:58,0.2867990654205607,0.3279065313158399
Mediterranean,Herbed Vegetable Ribbons,Mediterranean,17.04,79.11,58.81,2022-10-16,16:48:58,0.21539628365566932,1.3451793912599896
Mediterranean,Pasta with Olives and Tomatoes,Italian,48.11,194.24,58.47,2022-10-16,16:48:58,0.2476832784184514,3.322045493415427
Mediterranean,Mediterranean steak,Mediterranean,398.62,14.54,362.06,2022-10-16,16:48:58,27.415405777166438,0.04015908965364856
Mediterranean,Fetta fennel and dill salad,American,20.4,112.23,20.73,2022-10-16,16:48:58,0.18176958032611598,5.413892908827786
Mediterranean,Mediterranean smash,Mediterranean,1.33,6.1,76.91,2022-10-16,16:48:58,0.21803278688524594,0.07931348329215966
Mediterranean,Mediterranean Nachos,Mediterranean,171.56,558.02,137.66,2022-10-16,16:48:58,0.307444177628042,4.053610344326602
Mediterranean,Mediterranean Scramble,Mediterranean,16.06,3.49,26.79,2022-10-16,16:48:58,4.601719197707736,0.13027248973497574
Mediterranean,Mediterranean pizzas,Italian,126.18,271.03,129.4,2022-10-16,16:48:58,0.46555731837803943,2.0945131375579593
Mediterranean,Fugazza,French,93.01,295.81,63.97,2022-10-16,16:48:58,0.31442479970251175,4.624198843207754
Mediterranean,Mediterranean Wraps,Mediterranean,18.51,71.82,19.35,2022-10-16,16:48:58,0.25772765246449464,3.7116279069767435
Mediterranean,Mediterranean Lamburgers,Mediterranean,105.38,132.84,138.37,2022-10-16,16:48:58,0.793285155073773,0.9600346896003469
Mediterranean,Chipotle Roast Chicken,Mexican,305.15,255.9,216.68,2022-10-16,16:48:58,1.1924579914028917,1.1810042458925605
Mediterranean,Mediterranean Herbs,Mediterranean,0.78,4.29,0.58,2022-10-16,16:48:58,0.18181818181818182,7.3965517241379315
Mediterranean,Mediterranean fritters,Mediterranean,41.31,137.53,44.65,2022-10-16,16:48:58,0.3003708281829419,3.080179171332587
Mediterranean,Feta-Stuffed Romano peppers,Mediterranean,36.98,30.73,49.97,2022-10-16,16:48:58,1.203384315001627,0.6149689813888333
Mediterranean,Mediterranean mince,Mediterranean,86.6,141.45,46.35,2022-10-16,16:48:58,0.6122304701307882,3.0517799352750807
Mediterranean,"Aubergine, Pepper and Feta Parcels recipes",Mediterranean,72.02,234.74,114.23,2022-10-16,16:48:58,0.3068075317372412,2.0549768011905805
Mediterranean,Mediterranean Quinoa,Mediterranean,72.84,164.58,31.77,2022-10-16,16:48:58,0.44258111556689755,5.180358829084042
Mediterranean,Mediterranean sandwich,Mediterranean,38.53,66.3,37.83,2022-10-16,16:49:05,0.5811463046757165,1.7525773195876289
Mediterranean,Mediterranean quinoa,Mediterranean,37.62,128.86,37.84,2022-10-16,16:49:05,0.2919447462362253,3.4053911205073994
Mediterranean,Mediterranean Pinwheels,Mediterranean,9.34,20.65,24.42,2022-10-16,16:49:05,0.45230024213075065,0.8456183456183455
Mediterranean,Mediterranean Capriata,Mediterranean,117.79,341.13,117.64,2022-10-16,16:49:05,0.34529358309149005,2.899778986739204
Mediterranean,Mediterranean Marinade,Mediterranean,1.3,7.99,108.28,2022-10-16,16:49:05,0.16270337922403003,0.07379017362393794
Mediterranean,Mediterranean Eggs,Mediterranean,36.94,16.97,50.1,2022-10-16,16:49:05,2.1767825574543314,0.3387225548902195
Mediterranean,Mediterranean Peppers,Mediterranean,7.46,62.84,28.91,2022-10-16,16:49:05,0.11871419478039465,2.173642338291249
Mediterranean,Mediterranean Kebabs,Mediterranean,25.42,29.5,57.79,2022-10-16,16:49:05,0.8616949152542374,0.5104689392628482
Mediterranean,Asparagus And Brie Open Pastry,French,48.32,39.28,65.74,2022-10-16,16:49:05,1.230142566191446,0.5975053240036509
Mediterranean,Mediterranean Quinoa,Mediterranean,51.65,170.52,50.8,2022-10-16,16:49:05,0.3028970208773164,3.356692913385827
Mediterranean,Mediterranean Salmon,Nordic,71.42,18.31,153.77,2022-10-16,16:49:05,3.9006007646095036,0.11907394160109253
Mediterranean,Greek Edamame Salad,Mediterranean,83.46,103.01,76.1,2022-10-16,16:49:05,0.8102126007183768,1.3536136662286467
Mediterranean,Mediterranean meatloaf,Mediterranean,181.08,106.71,192.38,2022-10-16,16:49:05,1.696935619904414,0.5546834390269259
Mediterranean,Mediterranean platter,Mediterranean,112.56,256.94,174.63,2022-10-16,16:49:05,0.4380789289328248,1.4713394033098552
Mediterranean,Mediterranean Salsa,Mediterranean,24.3,86.45,29.49,2022-10-16,16:49:05,0.28108733371891265,2.931502204136996
Mediterranean,"Arugula, Feta, Artichoke & Tomato Flat",Mediterranean,92.69,133.64,134.27,2022-10-16,16:49:05,0.6935797665369651,0.9953079615699708
Mediterranean,Courgette Mediterranean,Mediterranean,11.39,34.69,29.76,2022-10-16,16:49:05,0.32833669645430963,1.1656586021505375
Mediterranean,Mediterranean Dip,Mediterranean,52.25,79.67,130.93,2022-10-16,16:49:05,0.6558302999874482,0.60849308790957
Mediterranean,Mediterranean Palmiers,French,56.22,241.15,243.69,2022-10-16,16:49:05,0.23313290483101803,0.9895769214986253
Mediterranean,Mediterranean Soup,Mediterranean,99.81,27.97,91.99,2022-10-16,16:49:05,3.5684662138005008,0.30405478856397433
Mediterranean,Mediterranean Mackerel,Mediterranean,170.71,23.08,195.12,2022-10-16,16:49:12,7.396447140381284,0.11828618286182861
Mediterranean,Mediterranean Kale,Mediterranean,7.54,20.8,15.11,2022-10-16,16:49:12,0.3625,1.3765718067504964
Mediterranean,Braised Herb Chicken with Shallots and Garlic,Mediterranean,142.2,56.24,162.61,2022-10-16,16:49:12,2.5284495021337126,0.34585818830330234
Mediterranean,Mediterranean Pasta,Mediterranean,77.45,363.81,112.54,2022-10-16,16:49:12,0.21288584700805366,3.2327172560867248
Mediterranean,Mediterranean Chard,Mediterranean,4.04,15.53,5.2,2022-10-16,16:49:12,0.2601416613007083,2.986538461538461
Mediterranean,Branzino Mediterranean,Mediterranean,67.5,27.99,33.7,2022-10-16,16:49:12,2.411575562700965,0.8305637982195845
Mediterranean,Vegan Basil Hummus Stuffed Mushrooms,American,9.35,21.07,1.7,2022-10-16,16:49:12,0.44375889890840053,12.394117647058824
Mediterranean,Mediterranean Pizza,Italian,43.65,124.89,46.1,2022-10-16,16:49:12,0.3495075666586596,2.709110629067245
Mediterranean,Mediterranean Salsa,Mediterranean,18.75,18.86,51.67,2022-10-16,16:49:12,0.9941675503711559,0.3650087091155409
Mediterranean,Mediterranean Chicken,Mediterranean,248.4,144.45,76.69,2022-10-16,16:49:12,1.7196261682242993,1.8835571782500977
Mediterranean,Mediterranean Salad,Mediterranean,38.93,110.67,28.15,2022-10-16,16:49:12,0.35176651305683565,3.9314387211367676
Mediterranean,mediterranean ribs,Mediterranean,348.41,13.85,368.92,2022-10-16,16:49:12,25.155956678700363,0.03754201452889515
Mediterranean,Mediterranean Salsa,Mediterranean,1.43,6.65,27.35,2022-10-16,16:49:12,0.2150375939849624,0.24314442413162707
Mediterranean,Mediterranean Tapanade,Mediterranean,2.07,9.93,34.55,2022-10-16,16:49:12,0.20845921450151056,0.2874095513748191
Mediterranean,Zucchini Mediterranean,Mediterranean,11.34,34.34,29.74,2022-10-16,16:49:12,0.3302271403610949,1.1546738399462007
Mediterranean,Mediterranean Pizzas,Italian,86.73,313.4,95.07,2022-10-16,16:49:12,0.2767389917038928,3.296518354896392
Mediterranean,Mediterranean Couscous,Mediterranean,171.66,241.69,38.67,2022-10-16,16:49:12,0.7102486656460756,6.250064649599172
Mediterranean,Mediterranean Chicken,Mediterranean,313.35,12.54,45.94,2022-10-16,16:49:12,24.988038277511965,0.27296473661297344
Mediterranean,Mediterranean Quesadillas,Mexican,130.34,128.61,162.46,2022-10-16,16:49:12,1.0134515200995255,0.7916410193278346
Mediterranean,Mediterranean Scallops,Mediterranean,88.05,54.15,42.11,2022-10-16,16:49:18,1.626038781163435,1.2859178342436475
Mediterranean,Mediterranean Quiche,French,125.65,66.02,208.96,2022-10-16,16:49:18,1.9032111481369285,0.31594563552833077
Mediterranean,Mediterranean Chicken,Mediterranean,276.21,92.24,51.21,2022-10-16,16:49:18,2.9944709453599305,1.801210701034954
Mediterranean,Mediterranean Pizza,Italian,222.58,269.66,378.06,2022-10-16,16:49:18,0.8254097752725654,0.7132730254456965
Mediterranean,Mediterranean Beans,Mediterranean,21.97,70.41,14.4,2022-10-16,16:49:18,0.312029541258344,4.889583333333333
Mediterranean,Mediterranean Salad,Mediterranean,55.19,211.54,29.4,2022-10-16,16:49:18,0.260896284390659,7.195238095238095
Mediterranean,Mediterranean Quinoa,Mediterranean,28.94,148.29,38.09,2022-10-16,16:49:18,0.19515813608469892,3.893147807823575
Mediterranean,Mediterranean Mushrooms,Mediterranean,19.64,64.67,2.54,2022-10-16,16:49:18,0.3036956857893923,25.460629921259844
Mediterranean,Mediterranean Flatbread,Mediterranean,105.38,276.44,109.64,2022-10-16,16:49:18,0.3812038778758501,2.5213425757022985
Mediterranean,Mediterranean Salad,Mediterranean,100.61,324.12,41.24,2022-10-16,16:49:18,0.31040972479328643,7.859359844810863
Mediterranean,Mediterranean frittata,Mediterranean,67.17,31.66,81.51,2022-10-16,16:49:18,2.1216045483259633,0.3884185989449147
Mediterranean,Mediterranean Chicken,Mediterranean,118.06,89.77,166.34,2022-10-16,16:49:18,1.3151386877576028,0.5396777684261151
Mediterranean,Mediterranean Chicken,Mediterranean,450.05,38.55,632.42,2022-10-16,16:49:18,11.674448767833983,0.0609563264918883
Mediterranean,Mediterranean Spread,Mediterranean,32.18,21.15,113.26,2022-10-16,16:49:18,1.5215130023640664,0.18673847783860142
Mediterranean,Mediterranean Quiche,French,86.6,146.39,142.78,2022-10-16,16:49:18,0.591570462463283,1.0252836531727132
Mediterranean,Mediterranean Frittata,Mediterranean,22.33,13.91,19.41,2022-10-16,16:49:18,1.6053199137311285,0.7166409067490984
Mediterranean,Mediterranean Shrimp,Mediterranean,83.34,33.39,29.8,2022-10-16,16:49:18,2.495956873315364,1.1204697986577181
Mediterranean,Mediterranean Halibut,Mediterranean,4.78,16.13,54.57,2022-10-16,16:49:18,0.29634221946683204,0.2955836540223566
Mediterranean,Mediterranean Omelet,Mediterranean,60.23,23.96,68.92,2022-10-16,16:49:18,2.5137729549248746,0.3476494486360998
Mediterranean,Garmugia (Spring Vegetable Soup),Italian,106.28,201.71,155.3,2022-10-16,16:49:25,0.5268950473451985,1.2988409529942047
Mediterranean,Mediterranean Lamb,Mediterranean,46.24,60.14,127.25,2022-10-16,16:49:25,0.7688726305287662,0.4726129666011788
Mediterranean,Mediterranean Pizza,Italian,131.06,333.39,111.16,2022-10-16,16:49:25,0.39311317076097063,2.999190356243253
Mediterranean,Mediterranean Eggs,Mediterranean,66.32,80.08,77.63,2022-10-16,16:49:25,0.8281718281718281,1.0315599639314699
Mediterranean,Mediterranean Sandwich,Mediterranean,81.46,159.34,72.98,2022-10-16,16:49:25,0.5112338395883017,2.183337900794738
Mediterranean,Mediterranean Quesadilla,Mexican,85.99,106.14,113.46,2022-10-16,16:49:25,0.8101563972112305,0.935483870967742
Mediterranean,Mediterranean Chicken,Mediterranean,263.29,58.47,292.73,2022-10-16,16:49:25,4.502992987857021,0.19974037508967307
Mediterranean,Salmon Mediterranean,Nordic,146.51,256.79,100.11,2022-10-16,16:49:25,0.5705440243000116,2.5650784137448808
Mediterranean,Mediterranean Vegetables,Mediterranean,8.74,34.9,48.95,2022-10-16,16:49:25,0.2504297994269341,0.7129724208375893
Mediterranean,Botanical Sandwich,American,39.09,100.57,13.04,2022-10-16,16:49:25,0.38868449835935176,7.712423312883436
Mediterranean,Mediterranean Salad,Mediterranean,38.46,117.26,32.69,2022-10-16,16:49:25,0.32798908408664507,3.587029672682778
Mediterranean,Mediterranean Chicken,Mediterranean,191.01,483.66,289.81,2022-10-16,16:49:25,0.3949261878178886,1.668886511852593
Mediterranean,Mediterranean Bruschetta,Italian,129.3,160.68,124.17,2022-10-16,16:49:25,0.80470500373413,1.2940323749697995
Mediterranean,Mediterranean Muffins,Mediterranean,72.87,259.08,135.85,2022-10-16,16:49:25,0.28126447429365453,1.9071034228928965
Mediterranean,Mediterranean Pasta,Mediterranean,73.23,334.02,63.35,2022-10-16,16:49:25,0.21923836895994253,5.2726124704025255
Mediterranean,Mediterranean Chicken,Mediterranean,230.45,36.8,261.35,2022-10-16,16:49:25,6.262228260869565,0.1408073464702506
Mediterranean,Miss Kitty's Oven-Roasted Potatoes,Mediterranean,10.79,86.97,28.13,2022-10-16,16:49:25,0.12406576980568011,3.091717028083896
Mediterranean,Mediterranean Eggs,Mediterranean,23.12,7.63,21.32,2022-10-16,16:49:25,3.0301441677588468,0.3578799249530957
Mediterranean,Mediterranean Burger,Mediterranean,106.2,125.7,188.29,2022-10-16,16:49:25,0.8448687350835322,0.6675872324605662
Mediterranean,Mediterranean Omelet,Mediterranean,107.91,139.13,133.72,2022-10-16,16:49:25,0.7756055487673399,1.0404576727490278
Mediterranean,Mediterranean Focaccia,Italian,307.22,816.17,401.13,2022-10-16,16:49:32,0.376416677897987,2.0346770373694314
Mediterranean,Mediterranean Spinach,Mediterranean,26.51,34.25,14.15,2022-10-16,16:49:32,0.774014598540146,2.420494699646643
Mediterranean,Mediterranean Pasta,Mediterranean,86.09,151.77,141.22,2022-10-16,16:49:32,0.5672399024840219,1.0747061322758817
Mediterranean,Mediterranean Meatloaf,Mediterranean,177.75,58.5,237.46,2022-10-16,16:49:32,3.0384615384615383,0.2463572812263118
Mediterranean,Mediterranean Pizzas,Italian,86.73,313.4,95.07,2022-10-16,16:49:32,0.2767389917038928,3.296518354896392
Mediterranean,Mediterranean Skillet,Mediterranean,93.0,143.27,99.0,2022-10-16,16:49:32,0.6491240315488238,1.4471717171717173
Mediterranean,Mediterranean Dip,Mediterranean,62.99,246.69,38.29,2022-10-16,16:49:32,0.25534071101382305,6.442674327500653
Mediterranean,Mediterranean Nachos,Mediterranean,22.75,62.92,44.78,2022-10-16,16:49:32,0.3615702479338843,1.4050915587315767
Mediterranean,Mediterranean muffins,Mediterranean,56.86,156.85,104.19,2022-10-16,16:49:32,0.36251195409627035,1.5054227852960937
Mediterranean,Mediterranean Pasta,Mediterranean,151.81,210.45,101.45,2022-10-16,16:49:32,0.7213589926348302,2.0744208969935927
Mediterranean,Mediterranean Muffins,Mediterranean,54.25,230.67,78.12,2022-10-16,16:49:32,0.23518446265227383,2.952764976958525
Mediterranean,Mediterranean Shrimp,Mediterranean,72.64,50.26,17.2,2022-10-16,16:49:32,1.4452845204934341,2.922093023255814
Mediterranean,Mediterranean Soup,Mediterranean,11.5,52.16,31.03,2022-10-16,16:49:32,0.2204754601226994,1.6809539155655815
Mediterranean,Mediterranean Couscous,Mediterranean,41.83,162.21,28.8,2022-10-16,16:49:32,0.25787559336662347,5.632291666666667
Mediterranean,Mediterranean Salsa,Mediterranean,24.3,86.45,29.49,2022-10-16,16:49:32,0.28108733371891265,2.931502204136996
Mediterranean,Mediterranean Carp,Mediterranean,171.12,57.68,106.51,2022-10-16,16:49:32,2.9667128987517337,0.5415453947986104
Mediterranean,Mediterranean Dip,Mediterranean,69.3,87.61,153.15,2022-10-16,16:49:32,0.7910055929688391,0.5720535422788116
Mediterranean,Mediterranean Chicken,Mediterranean,262.62,30.43,85.48,2022-10-16,16:49:32,8.6302990469931,0.3559897051941974
Mediterranean,Mediterranean Lamb,Mediterranean,398.81,81.23,296.25,2022-10-16,16:49:32,4.909639295826665,0.27419409282700424
Mediterranean,Mediterranean Pasta,Mediterranean,151.81,210.45,101.45,2022-10-16,16:49:39,0.7213589926348302,2.0744208969935927
Mediterranean,Mediterranean roast,Mediterranean,105.42,96.43,48.64,2022-10-16,16:49:39,1.093228248470393,1.9825246710526316
Mediterranean,Mediterranean Chicken,Mediterranean,122.07,21.35,70.87,2022-10-16,16:49:39,5.717564402810304,0.30125582051643857
Mediterranean,Mediterranean Chicken,Mediterranean,373.31,33.07,52.94,2022-10-16,16:49:39,11.28847898397339,0.6246694370986022
Mediterranean,Mediterranean Spinach,Mediterranean,26.51,34.25,14.15,2022-10-16,16:49:39,0.774014598540146,2.420494699646643
Mediterranean,Mediterranean Pesto,Mediterranean,36.6,30.78,238.38,2022-10-16,16:49:39,1.189083820662768,0.12912157060156054
Mediterranean,Mediterranean Scampi,Mediterranean,111.07,36.19,35.41,2022-10-16,16:49:39,3.069079856313899,1.0220276757977973
Mediterranean,Mediterranean Wrap,Mediterranean,14.19,36.47,40.3,2022-10-16,16:49:39,0.3890869207567864,0.9049627791563276
Mediterranean,Mediterranean Salad,Mediterranean,130.66,278.76,198.9,2022-10-16,16:49:39,0.46871861099153395,1.4015082956259426
Mediterranean,Mediterranean Halibut,Mediterranean,315.42,26.47,37.99,2022-10-16,16:49:39,11.916131469588214,0.6967623058699657
Mediterranean,Italian French Bread Pizza,Italian,85.6,204.82,132.69,2022-10-16,16:49:39,0.41792793672492917,1.5435978596729218
Mediterranean,Crock Pot Pull Apart Pizza Bread recipes,Italian,177.78,408.92,203.05,2022-10-16,16:49:39,0.43475496429619487,2.0138882048756463
Mediterranean,5-Ingredient Lemon Yogurt Marinated Grilled Chicken Breasts,American,129.13,8.13,73.69,2022-10-16,16:49:39,15.883148831488313,0.11032704573212106
Mediterranean,Greek Potatoes with Lemons and Oregano Recipe,Mediterranean,32.87,279.11,56.05,2022-10-16,16:49:39,0.11776718856364872,4.979661016949153
Mediterranean,Mediterranean Couscous,Mediterranean,58.03,270.82,27.04,2022-10-16,16:49:39,0.2142751643157817,10.015532544378699
Mediterranean,Mediterranean Nachos,Mediterranean,112.74,149.35,109.85,2022-10-16,16:49:39,0.7548711081352527,1.3595812471552118
Mediterranean,Mediterranean Vegetables,Mediterranean,10.66,46.93,19.96,2022-10-16,16:49:39,0.22714681440443213,2.351202404809619
Mediterranean,Mediterranean Salad,Mediterranean,13.18,30.07,12.17,2022-10-16,16:49:39,0.43831060857998005,2.4708299096138044
Mediterranean,Mediterranean Nachos,Mediterranean,108.18,116.48,78.68,2022-10-16,16:49:39,0.9287431318681318,1.480427046263345
Mediterranean,Mediterranean Pizza,Italian,628.29,3405.55,333.76,2022-10-16,16:49:45,0.1844900236378852,10.203589405560884
Mediterranean,Baked tomato and olive risotto,Italian,37.17,363.43,39.18,2022-10-16,16:49:45,0.10227554136972733,9.275906074527821
Mediterranean,Penne Mediterranean,Mediterranean,30.4,154.47,59.88,2022-10-16,16:49:45,0.1968019680196802,2.5796593186372743
Mediterranean,Mediterranean pasta,Mediterranean,135.89,414.04,52.52,2022-10-16,16:49:45,0.328205004347406,7.883472962680884
Mediterranean,Mediterranean Nachos,Mediterranean,22.94,63.2,43.04,2022-10-16,16:49:45,0.3629746835443038,1.4684014869888478
Mediterranean,Mediterranean Pizza,Italian,38.43,177.62,19.1,2022-10-16,16:49:45,0.2163607701835379,9.299476439790576
Mediterranean,Mediterranean chicken,Mediterranean,167.58,48.5,103.85,2022-10-16,16:49:45,3.455257731958763,0.4670197400096293
Mediterranean,Mediterranean Wrap,Mediterranean,15.61,49.44,14.73,2022-10-16,16:49:45,0.3157362459546926,3.356415478615071
Mediterranean,Mediterranean Quinoa,Mediterranean,27.8,134.01,24.77,2022-10-16,16:49:45,0.20744720543243045,5.410173597093258
Mediterranean,Mediterranean Orzo,Mediterranean,53.13,124.98,40.1,2022-10-16,16:49:45,0.42510801728276526,3.116708229426434
Mediterranean,Mediterranean Farfalle,Mediterranean,192.03,286.46,352.75,2022-10-16,16:49:45,0.670355372477833,0.8120765414599574
Mediterranean,Mediterranean Quesadillas,Mexican,122.02,292.21,123.83,2022-10-16,16:49:45,0.41757640053386264,2.359767423080029
Mediterranean,Mediterranean Couscous,Mediterranean,31.25,137.82,25.67,2022-10-16,16:49:45,0.22674502974894792,5.368913128165173
Mediterranean,Mediterranean Frittata,Mediterranean,60.57,26.31,71.94,2022-10-16,16:49:45,2.3021664766248575,0.365721434528774
Mediterranean,Mediterranean Dip,Mediterranean,60.4,88.3,63.35,2022-10-16,16:49:45,0.6840317100792752,1.3938437253354379
Mediterranean,Mediterranean Fish,Mediterranean,146.76,49.0,47.11,2022-10-16,16:49:45,2.9951020408163265,1.0401188707280833
Mediterranean,Mediterranean fish,Mediterranean,170.57,179.81,43.83,2022-10-16,16:49:45,0.9486124242255713,4.102441250285193
Mediterranean,Mediterranean Salad,Mediterranean,9.14,63.49,42.05,2022-10-16,16:49:45,0.14395967868955742,1.50986920332937
Mediterranean,Mediterranean Pizza,Italian,129.12,353.11,119.32,2022-10-16,16:49:45,0.3656650901985217,2.9593530003352333
Mediterranean,Mediterranean Chicken,Mediterranean,251.43,19.76,74.71,2022-10-16,16:49:45,12.724190283400809,0.2644893588542364
Mediterranean,Mediterranean Chicken,Mediterranean,350.83,55.57,398.14,2022-10-16,16:49:52,6.313298542378981,0.13957401918922993
Mediterranean,Mediterranean Fish,Mediterranean,146.76,49.0,47.11,2022-10-16,16:49:52,2.9951020408163265,1.0401188707280833
Mediterranean,Mediterranean Chicken,Mediterranean,96.92,26.12,71.46,2022-10-16,16:49:52,3.7105666156202144,0.36551917156451164
Mediterranean,Mediterranean Risotto,Italian,26.76,141.68,55.75,2022-10-16,16:49:52,0.18887634105025408,2.541345291479821
Mediterranean,Mediterranean fish,Mediterranean,11.84,53.35,15.66,2022-10-16,16:49:52,0.2219306466729147,3.4067688378033205
Mediterranean,Mediterranean Chicken,Mediterranean,135.33,315.5,59.15,2022-10-16,16:49:52,0.4289381933438986,5.333896872358411
Mediterranean,Mediterranean Salad,Mediterranean,79.11,261.67,111.74,2022-10-16,16:49:52,0.3023273588871479,2.3417755503848223
Mediterranean,Mediterranean Salad,Mediterranean,51.59,188.76,89.75,2022-10-16,16:49:52,0.27331002331002335,2.103175487465181
Mediterranean,Mediterranean Frittata,Mediterranean,95.4,32.96,137.63,2022-10-16,16:49:52,2.8944174757281553,0.23948267092930323
Mediterranean,Mediterranean Chicken,Mediterranean,180.78,688.83,83.05,2022-10-16,16:49:52,0.2624450154609991,8.29416014449127
Mediterranean,Mediterranean chicken,Mediterranean,141.96,222.05,61.19,2022-10-16,16:49:52,0.6393154694888539,3.6288609249877433
Mediterranean,Mediterranean Salsa,Mediterranean,11.56,29.91,43.57,2022-10-16,16:49:52,0.38649281176863926,0.6864815239843929
Mediterranean,Mediterranean Scones,Mediterranean,123.05,579.37,138.81,2022-10-16,16:49:52,0.21238586740770146,4.173834738131259
Mediterranean,Mediterranean Rice,Mediterranean,21.47,181.58,30.31,2022-10-16,16:49:52,0.11823989426148253,5.990762124711317
Mediterranean,Mediterranean Salad:,Mediterranean,6.45,18.39,18.8,2022-10-16,16:49:52,0.35073409461663946,0.9781914893617021
Mediterranean,Mediterranean Bruschetta,Mediterranean,71.5,244.12,92.82,2022-10-16,16:49:52,0.292888743241029,2.6300366300366305
Mediterranean,Mediterranean Chicken,Mediterranean,117.42,38.05,87.38,2022-10-16,16:49:52,3.0859395532194482,0.43545433737697414
Mediterranean,Mediterranean Nachos,Mediterranean,137.88,343.99,191.5,2022-10-16,16:49:52,0.40082560539550566,1.7962924281984334
Mediterranean,Mediterranean Chicken,Mediterranean,137.24,321.47,28.23,2022-10-16,16:49:52,0.42691386443525053,11.38753099539497
Mediterranean,Mediterranean Chicken,Mediterranean,344.68,336.25,91.18,2022-10-16,16:49:52,1.0250706319702603,3.6877604737881113
Mediterranean,Mediterranean Chicken,Mediterranean,197.84,63.17,58.21,2022-10-16,16:49:59,3.131866392274814,1.0852087270228483
Mediterranean,Mediterranean Grits,Mediterranean,64.69,138.02,127.42,2022-10-16,16:49:59,0.4687001883784958,1.0831894522053054
Mediterranean,Mediterranean fettuccine,Mediterranean,70.87,315.74,67.61,2022-10-16,16:49:59,0.22445683157027935,4.670019227924864
Mediterranean,Flounder Mediterranean,Mediterranean,71.77,29.34,52.22,2022-10-16,16:49:59,2.4461486025903203,0.5618536959019533
Mediterranean,Mediterranean Pasta,Mediterranean,42.14,198.46,26.02,2022-10-16,16:49:59,0.21233497934092513,7.627209838585704
Mediterranean,Mediterranean Potatoes,Mediterranean,50.06,240.54,66.9,2022-10-16,16:49:59,0.20811507441589758,3.595515695067264
Mediterranean,Mediterranean Strata,Mediterranean,440.81,1309.5,246.42,2022-10-16,16:49:59,0.33662466590301643,5.314097881665449
Mediterranean,Mediterranean muffins,Mediterranean,62.61,198.84,104.81,2022-10-16,16:49:59,0.3148762824381412,1.8971472187768343
Mediterranean,Mediterranean Chili,American,49.8,154.59,40.87,2022-10-16,16:49:59,0.3221424412963322,3.7824810374357725
Mediterranean,Mediterranean Panzanella,Mediterranean,41.93,166.85,37.79,2022-10-16,16:49:59,0.25130356607731497,4.415189203492988
Mediterranean,Mediterranean Chicken,Mediterranean,169.65,125.36,85.39,2022-10-16,16:49:59,1.3533024888321634,1.4680875980794004
Mediterranean,Mediterranean Salmon,Nordic,142.92,19.53,139.76,2022-10-16,16:49:59,7.317972350230414,0.13973955352032055
Mediterranean,Mediterranean Burgers,Mediterranean,215.8,222.47,259.02,2022-10-16,16:49:59,0.970018429451162,0.8588912053123311
Mediterranean,Calamari Mediterranean,Mediterranean,32.17,33.94,54.83,2022-10-16,16:49:59,0.9478491455509724,0.6190041947838775
Mediterranean,Rigatoni Mediterranean,Mediterranean,161.18,479.59,140.64,2022-10-16,16:49:59,0.3360787339185555,3.4100540386803186
Mediterranean,Mediterranean Scampi,Mediterranean,111.07,36.19,35.41,2022-10-16,16:49:59,3.069079856313899,1.0220276757977973
Mediterranean,Mediterranean Morsels,Mediterranean,44.28,204.34,48.32,2022-10-16,16:49:59,0.21669766076147598,4.228890728476821
Mediterranean,Mediterranean Chicken,Mediterranean,374.62,41.9,60.35,2022-10-16,16:49:59,8.940811455847255,0.6942833471416735
Mediterranean,Mediterranean Wontados,Mediterranean,340.89,1540.91,273.57,2022-10-16,16:49:59,0.2212264181555055,5.632598603648061
Mediterranean,Mediterranean Pizza,Italian,138.99,151.85,175.94,2022-10-16,16:50:05,0.915311162331248,0.8630783221552802
Mediterranean,Mediterranean Couscous,Mediterranean,25.63,145.44,9.52,2022-10-16,16:50:05,0.17622387238723872,15.277310924369749
Mediterranean,Mediterranean Salad,Mediterranean,12.42,67.18,418.9,2022-10-16,16:50:05,0.18487645132479902,0.16037240391501553
Mediterranean,Tapenade,Mediterranean,8.07,22.65,29.26,2022-10-16,16:50:05,0.3562913907284769,0.7740943267259056
Mediterranean,Mediterranean Salad,Mediterranean,78.98,223.25,33.87,2022-10-16,16:50:05,0.3537737961926092,6.5913788012990855
Mediterranean,MEDITERRANEAN NOODLES,Asian,145.88,322.04,150.4,2022-10-16,16:50:05,0.45298720655819147,2.141223404255319
Mediterranean,Mediterranean Flatbread,Mediterranean,91.64,294.27,161.8,2022-10-16,16:50:05,0.3114146871920345,1.8187268232385658
Mediterranean,Mediterranean Couscous,Mediterranean,35.8,164.42,16.26,2022-10-16,16:50:05,0.2177350687264323,10.11193111931119
Mediterranean,Shrimp Mediterranean,Mediterranean,40.69,120.6,37.82,2022-10-16,16:50:05,0.33739635157545605,3.1887890005288204
Mediterranean,Mediterranean Burgers,Mediterranean,27.77,112.44,21.51,2022-10-16,16:50:05,0.24697616506581288,5.227336122733612
Mediterranean,Mediterranean Cod,Mediterranean,64.47,68.21,52.51,2022-10-16,16:50:05,0.9451693300102625,1.2989906684441057
Mediterranean,Mediterranean Scallops,Mediterranean,99.04,259.03,21.87,2022-10-16,16:50:05,0.38234953480291867,11.84407864654778
Mediterranean,Mediterranean Penne,Mediterranean,71.0,411.54,22.85,2022-10-16,16:50:05,0.17252271954123535,18.01050328227571
Mediterranean,Mediterranean Swai,Mediterranean,24.77,27.31,31.06,2022-10-16,16:50:05,0.906993775173929,0.8792659368963297
Mediterranean,Mediterranean Pie,Mediterranean,281.54,435.21,505.95,2022-10-16,16:50:05,0.6469060913122402,0.8601838126297064
Mediterranean,Polenta Pizzas With Herbed Goat Cheese,Italian,80.19,552.52,56.64,2022-10-16,16:50:05,0.1451350177369145,9.754943502824858
Mediterranean,Mediterranean Salad,Mediterranean,105.56,143.68,113.1,2022-10-16,16:50:05,0.7346881959910913,1.2703801945181257
Mediterranean,Mediterranean pizza,Italian,63.3,180.81,48.55,2022-10-16,16:50:05,0.35009125601460095,3.724201853759012
Mediterranean,Mediterranean Pasta,Mediterranean,73.68,386.23,93.56,2022-10-16,16:50:05,0.19076715946456776,4.1281530568619065
Mediterranean,Pollo Mediterranean,Mediterranean,280.29,307.74,346.05,2022-10-16,16:50:05,0.9108013257945019,0.8892934547030776
Mediterranean,Mediterranean Chicken,Mediterranean,122.99,62.6,85.09,2022-10-16,16:50:12,1.9646964856230031,0.7356916206369726
Mediterranean,Mediterranean Flounder,Mediterranean,87.19,154.22,40.48,2022-10-16,16:50:12,0.5653611723511867,3.8097826086956523
Mediterranean,Mediterranean pizza,Italian,125.62,181.54,182.68,2022-10-16,16:50:12,0.6919687121295582,0.9937595795927304
Mediterranean,Mediterranean Pizza,Italian,140.17,273.14,161.53,2022-10-16,16:50:12,0.5131800541846672,1.6909552405125983
Mediterranean,Mediterranean Squash,Mediterranean,29.91,125.14,19.34,2022-10-16,16:50:12,0.23901230621703692,6.47052740434333
Mediterranean,Mediterranean Chicken,Mediterranean,162.47,39.46,196.29,2022-10-16,16:50:12,4.117334009123162,0.20102908961230834
Mediterranean,Mediterranean Torte,Mediterranean,245.46,399.69,192.34,2022-10-16,16:50:12,0.6141259476093973,2.0780388894665696
Mediterranean,Mediterranean Chicken,Mediterranean,108.94,183.42,32.29,2022-10-16,16:50:12,0.5939374114055174,5.680396407556519
Mediterranean,Mediterranean Salad,Mediterranean,57.87,207.63,63.58,2022-10-16,16:50:12,0.2787169484178587,3.2656495753381565
Mediterranean,Mediterranean Quinoa,Mediterranean,37.29,142.11,55.95,2022-10-16,16:50:12,0.26240236436563225,2.5399463806970513
Mediterranean,Mediterranean Burgers,Mediterranean,35.57,150.33,51.7,2022-10-16,16:50:12,0.2366127852058804,2.9077369439071568
Mediterranean,Mediterranean salad,Mediterranean,145.46,121.62,92.06,2022-10-16,16:50:12,1.1960203913829963,1.3210949380838584
Mediterranean,Mediterranean Salad,Mediterranean,15.91,41.88,129.32,2022-10-16,16:50:12,0.37989493791786055,0.3238478193628209
Mediterranean,Mediterranean Salad,Mediterranean,22.94,76.22,43.43,2022-10-16,16:50:12,0.3009708737864078,1.7550080589454293
Mediterranean,Homemade Greek Salad Dressing,Mediterranean,0.67,4.8,108.3,2022-10-16,16:50:12,0.13958333333333334,0.0443213296398892
Mediterranean,Mediterranean Stew,Mediterranean,267.95,94.63,56.41,2022-10-16,16:50:12,2.8315544753249497,1.6775394433611062
Mediterranean,Mediterranean Burgers,Mediterranean,118.23,110.53,78.84,2022-10-16,16:50:12,1.0696643445218492,1.4019533231861998
Mediterranean,Mediterranean Meatballs,Mediterranean,121.99,159.24,111.56,2022-10-16,16:50:12,0.7660763627229339,1.4273933309429905
Mediterranean,Pear and Apple Pork Chop Skillet,American,85.41,74.04,50.78,2022-10-16,16:50:12,1.1535656401944894,1.458054352107129
Mediterranean,Mediterranean Chicken,Mediterranean,269.54,74.79,244.14,2022-10-16,16:50:19,3.6039577483620806,0.3063406242319981
Mediterranean,Mediterranean Chicken,Mediterranean,197.51,99.69,41.37,2022-10-16,16:50:19,1.981241849734176,2.4097171863669327
Mediterranean,Mediterranean Chicken,Mediterranean,259.28,93.06,71.54,2022-10-16,16:50:19,2.7861594670105303,1.3008107352530052
Mediterranean,Mediterranean asparagus,Nordic,68.02,196.24,241.91,2022-10-16,16:50:19,0.3466163880962087,0.8112107808689183
Mediterranean,"Provence on a Plate - Roasted Eggplant, Tomato and Tapenade Pizza with Goat Cheese",Italian,50.08,160.41,50.8,2022-10-16,16:50:19,0.3121999875319494,3.1576771653543307
Mediterranean,Mediterranean Frittata,Mediterranean,43.94,30.83,33.21,2022-10-16,16:50:19,1.4252351605578981,0.9283348389039445
Mediterranean,Mediterranean risoni,Mediterranean,57.02,141.24,87.62,2022-10-16,16:50:19,0.4037099971679411,1.6119607395571787
Mediterranean,Mediterranean meatloaf,Mediterranean,98.79,114.26,56.14,2022-10-16,16:50:19,0.8646070365832312,2.035268970431065
Mediterranean,Mediterranean Flatbread,Mediterranean,59.97,175.09,58.73,2022-10-16,16:50:19,0.34250956650865266,2.9812702196492427
Mediterranean,Mediterranean Salad,Mediterranean,23.05,95.51,140.45,2022-10-16,16:50:19,0.24133598576065332,0.6800284798860805
Mediterranean,Mediterranean Lasagna,Italian,311.35,225.58,425.7,2022-10-16,16:50:19,1.3802198776487278,0.529903688043223
Mediterranean,Mediterranean Chicken,Mediterranean,527.57,132.31,314.72,2022-10-16,16:50:19,3.98737812712569,0.42040543975597355
Mediterranean,Mediterranean Rice,Mediterranean,60.32,413.17,46.16,2022-10-16,16:50:19,0.14599317472226928,8.950823223570191
Mediterranean,Mediterranean Chicken,Mediterranean,165.23,29.57,47.17,2022-10-16,16:50:19,5.58775786269868,0.6268814924740301
Mediterranean,Seafood in garlic butter,French,338.21,345.34,77.24,2022-10-16,16:50:19,0.9793536804308797,4.470999482133609
Mediterranean,Grilled Vegetables,American,45.74,95.12,113.15,2022-10-16,16:50:19,0.4808662741799832,0.8406539991162174
Mediterranean,STEAK AND PESTO SPAGHETTI,Italian,172.43,252.29,163.0,2022-10-16,16:50:19,0.6834595108803362,1.5477914110429447
Mediterranean,Mediterranean Ravioli,Italian,111.85,173.92,211.19,2022-10-16,16:50:19,0.6431117755289788,0.8235238410909607
Mediterranean,Mediterranean Wraps,Mediterranean,125.98,162.34,82.14,2022-10-16,16:50:19,0.7760256252309967,1.976381787192598
Mediterranean,Mediterranean Quiche,French,78.78,210.05,240.84,2022-10-16,16:50:25,0.3750535586765056,0.8721557880750707
Mediterranean,Mediterranean Pizza,Italian,153.2,363.39,176.94,2022-10-16,16:50:25,0.42158562426043644,2.053747032892506
Mediterranean,Mediterranean Orzo,Mediterranean,44.39,80.7,67.79,2022-10-16,16:50:25,0.5500619578686493,1.1904410680041304
Mediterranean,Mediterranean Salad,Mediterranean,175.76,66.7,182.1,2022-10-16,16:50:25,2.6350824587706145,0.36628226249313567
Mediterranean,Mediterranean Muffuletta,Italian,191.86,244.34,210.3,2022-10-16,16:50:25,0.785217320127691,1.1618640038040893
Mediterranean,Mediterranean Calzone,Mediterranean,109.85,244.76,73.04,2022-10-16,16:50:25,0.44880699460696194,3.3510405257393203
Mediterranean,Mediterranean Burgers,Mediterranean,163.65,153.36,267.38,2022-10-16,16:50:25,1.067097026604069,0.573565711721146
Mediterranean,Mediterranean tarts,Mediterranean,74.0,340.61,209.49,2022-10-16,16:50:25,0.21725727371480577,1.6259009976609862
Mediterranean,Mediterranean soup,American,14.05,77.71,3.07,2022-10-16,16:50:25,0.18080041178741477,25.31270358306189
Mediterranean,Mediterranean Pasta,Mediterranean,49.02,174.17,77.15,2022-10-16,16:50:25,0.2814491588677729,2.2575502268308485
Mediterranean,"Riso, cozze e patate Recipe",French,163.16,519.7,81.16,2022-10-16,16:50:25,0.3139503559746007,6.403400689995072
Mediterranean,Mediterranean Scampi,Mediterranean,140.82,94.66,111.77,2022-10-16,16:50:25,1.4876399746461018,0.8469177775789568
Mediterranean,Mediterranean Pasta,Mediterranean,51.1,214.62,79.52,2022-10-16,16:50:25,0.2380952380952381,2.698943661971831
Mediterranean,Tunisian Potato & Olive Salad,Mediterranean,11.0,91.99,47.62,2022-10-16,16:50:25,0.11957821502337211,1.9317513649727005
Mediterranean,Greek Turkey Burgers,American,124.68,105.99,56.89,2022-10-16,16:50:25,1.1763373903198415,1.8630690806820178
Mediterranean,Vanilla Shrimp Crostini,Italian,111.52,164.39,76.33,2022-10-16,16:50:25,0.6783867631851086,2.153674832962138
Mediterranean,Feta-Olive Bison Sliders recipes,Mediterranean,214.21,14.59,62.09,2022-10-16,16:50:25,14.681973954763537,0.23498147849895312
Mediterranean,the mediterranean [sandwich],Mediterranean,53.13,158.56,71.36,2022-10-16,16:50:25,0.3350782038345106,2.2219730941704037
Mediterranean,Melanzane ripiene,Italian,62.99,145.51,116.56,2022-10-16,16:50:32,0.43289121022610133,1.2483699382292381
Mediterranean,Mackerel Stuffed with Lime and Herbs,American,305.28,32.01,297.48,2022-10-16,16:50:32,9.537019681349578,0.10760387252924565
Mediterranean,Salad Lyonnaise,French,80.41,248.81,39.6,2022-10-16,16:50:32,0.3231783288453036,6.283080808080808
Mediterranean,Greek Salad Dressing,Mediterranean,20.54,17.46,133.1,2022-10-16,16:50:32,1.1764032073310422,0.1311795642374155
Mediterranean,Tomato Pickle Mix recipes,American,5.61,25.78,28.7,2022-10-16,16:50:32,0.21761055081458494,0.8982578397212544
Mediterranean,Creamy Mediterranean Bites,Mediterranean,64.35,42.01,164.34,2022-10-16,16:50:32,1.5317781480599857,0.2556285749056833
Mediterranean,Italian Hoagie Sandwich recipes,Italian,69.48,26.37,114.28,2022-10-16,16:50:32,2.63481228668942,0.2307490374518726
Mediterranean,Pasta with Olives and Tomatoes,Italian,48.11,194.24,58.47,2022-10-16,16:50:32,0.2476832784184514,3.322045493415427
Mediterranean,Mediterranean lemon rub,Mediterranean,6.47,40.12,2.25,2022-10-16,16:50:32,0.16126620139581258,17.83111111111111
Mediterranean,Mediterranean Pork Kabobs,Mediterranean,102.72,23.97,53.77,2022-10-16,16:50:32,4.2853566958698375,0.4457876139111028
Mediterranean,Mediterranean Veggie Sandwich,Mediterranean,15.45,45.81,9.41,2022-10-16,16:50:32,0.3372626064178127,4.868225292242296
Mediterranean,Mediterranean lamb salad,Mediterranean,171.67,35.61,247.09,2022-10-16,16:50:32,4.820836843583263,0.14411752802622527
Mediterranean,"Roasted Acorn Squash Stuffed with Fennel Sausage, Farro, Goat Cheese & Spinach recipes",Italian,64.53,133.6,130.47,2022-10-16,16:50:32,0.4830089820359282,1.0239901893155514
Mediterranean,Mediterranean Stuffed Chicken,Mediterranean,260.18,12.51,101.24,2022-10-16,16:50:32,20.797761790567545,0.12356775977874358
Mediterranean,Mediterranean Chicken & Pasta,Mediterranean,302.2,189.34,77.69,2022-10-16,16:50:32,1.596070560895743,2.437121894709744
Mediterranean,Mediterranean Zucchini Boats,Mediterranean,46.87,48.09,40.92,2022-10-16,16:50:32,0.9746309003950924,1.1752199413489737
Mediterranean,Squid ink fettuccine with crab and chilli,Italian,57.6,308.47,47.09,2022-10-16,16:50:32,0.18672804486659966,6.550647695901465
Mediterranean,Mediterranean Red Snapper,Mediterranean,188.31,13.38,53.22,2022-10-16,16:50:32,14.073991031390134,0.25140924464487036
Mediterranean,Brandade De Morue,South American,289.65,9.87,241.83,2022-10-16,16:50:32,29.346504559270517,0.04081379481453913
Mediterranean,Mediterranean Crescent Pinwheels,Mediterranean,104.44,124.69,71.82,2022-10-16,16:50:39,0.837597241158072,1.7361459203564469
Mediterranean,Oven Roasted Lechon Asado,American,237.99,38.81,245.99,2022-10-16,16:50:39,6.132182427209482,0.15777064108297087
Mediterranean,Mediterranean chopped salad,Mediterranean,20.38,50.79,33.34,2022-10-16,16:50:39,0.40126009056900963,1.5233953209358126
Mediterranean,Mediterranean potato salad,Mediterranean,44.04,201.55,184.53,2022-10-16,16:50:39,0.21850657405110394,1.0922343250419986
Mediterranean,Mediterranean BBQ Chicken,Mediterranean,148.98,296.25,65.78,2022-10-16,16:50:39,0.5028860759493671,4.503648525387656
Mediterranean,Mediterranean Marinated Cucumbers,Mediterranean,3.2,24.32,0.83,2022-10-16,16:50:39,0.13157894736842105,29.30120481927711
Mediterranean,Mediterranean lamb sub,Mediterranean,291.27,183.3,367.56,2022-10-16,16:50:39,1.5890343698854335,0.49869409076069215
Mediterranean,Mediterranean Tomato Salad,Mediterranean,13.35,13.37,16.76,2022-10-16,16:50:39,0.9985041136873598,0.7977326968973746
Mediterranean,Mediterranean Pita Pizza,Italian,107.03,106.72,136.32,2022-10-16,16:50:39,1.0029047976011993,0.7828638497652582
Mediterranean,Mediterranean Style Eggplant,Mediterranean,11.44,66.82,42.37,2022-10-16,16:50:39,0.17120622568093385,1.5770592400283219
Mediterranean,Mediterranean Ratatouille Chicken,French,166.18,378.9,57.98,2022-10-16,16:50:39,0.4385853787278966,6.535012073128665
Mediterranean,Mediterranean Chopped Salad,Mediterranean,107.24,295.63,94.26,2022-10-16,16:50:39,0.36275073571694344,3.1363250583492466
Mediterranean,Mediterranean Style Quesadilla,Mexican,1.8,6.98,0.31,2022-10-16,16:50:39,0.25787965616045844,22.516129032258068
Mediterranean,Mediterranean Pasta Salad,Mediterranean,17.35,106.17,27.99,2022-10-16,16:50:39,0.1634171611566356,3.7931404072883175
Mediterranean,Mediterranean Starter Sticks,Mediterranean,57.92,47.91,76.64,2022-10-16,16:50:39,1.2089334168232102,0.6251304801670146
Mediterranean,Mediterranean Breakfast Sandwich,Mediterranean,48.66,136.81,41.74,2022-10-16,16:50:39,0.3556757546962941,3.277671298514614
Mediterranean,Mediterranean Quinoa Salad,Mediterranean,30.65,62.27,59.26,2022-10-16,16:50:39,0.49221133772281994,1.0507931150860614
Mediterranean,Mediterranean Orzo Salad,Mediterranean,52.21,193.39,79.48,2022-10-16,16:50:39,0.26997259423961945,2.4331907398087567
Mediterranean,Mediterranean Kale recipes,Mediterranean,9.37,22.46,15.46,2022-10-16,16:50:39,0.4171861086375779,1.4527813712807245
Mediterranean,Mediterranean Pasta Salad,Mediterranean,42.77,197.96,47.92,2022-10-16,16:50:39,0.21605374823196605,4.131051752921536
Mediterranean,Quick Mediterranean Vegetables,Mediterranean,7.29,49.74,15.09,2022-10-16,16:50:46,0.14656212303980698,3.2962226640159047
Mediterranean,Mediterranean Salad Recipe,Mediterranean,5.6,27.96,14.45,2022-10-16,16:50:46,0.20028612303290413,1.9349480968858133
Mediterranean,Mediterranean antipasto tart,Mediterranean,14.2,47.61,65.84,2022-10-16,16:50:46,0.29825666876706575,0.7231166464155528
Mediterranean,Mediterranean roast vegetables,Mediterranean,47.73,339.45,30.88,2022-10-16,16:50:46,0.14060980998674324,10.992551813471502
Mediterranean,Mediterranean Stuffed Peppers,Mediterranean,37.51,49.78,58.73,2022-10-16,16:50:46,0.7535154680594616,0.8476076962370169
Mediterranean,Mediterranean baked sausages,Mediterranean,135.03,56.64,207.86,2022-10-16,16:50:46,2.3840042372881354,0.2724910997786972
Mediterranean,homemade Greek seasoning mix,Mediterranean,4.4,20.74,1.09,2022-10-16,16:50:46,0.21215043394406946,19.027522935779814
Mediterranean,Mediterranean Lemon Chicken,Mediterranean,339.33,13.64,343.03,2022-10-16,16:50:46,24.87756598240469,0.03976328600996998
Mediterranean,Mediterranean Kale Salad,Mediterranean,165.98,434.59,177.45,2022-10-16,16:50:46,0.3819231919740445,2.4490842490842493
Mediterranean,Mediterranean Spice Mix,Mediterranean,4.33,23.41,6.15,2022-10-16,16:50:46,0.18496369073045707,3.80650406504065
Mediterranean,Mediterranean Chickpea Salad,Mediterranean,43.04,110.04,52.15,2022-10-16,16:50:46,0.39113049800072697,2.11006711409396
Mediterranean,Mediterranean Jewel Cocktail,World,0.17,32.52,0.22,2022-10-16,16:50:46,0.005227552275522755,147.81818181818184
Mediterranean,Mediterranean chicken bake,Mediterranean,297.99,77.43,255.25,2022-10-16,16:50:46,3.8485083301046106,0.30334965719882473
Mediterranean,Chicken Yakitori,Japanese,425.71,41.07,356.44,2022-10-16,16:50:46,10.365473581689796,0.11522275838850858
Mediterranean,Mediterranean Chicken Pitas,Mediterranean,62.93,77.31,49.84,2022-10-16,16:50:46,0.8139956021213297,1.5511637239165328
Mediterranean,Mediterranean Greek Salad,Mediterranean,4.06,24.72,0.89,2022-10-16,16:50:46,0.16423948220064724,27.775280898876403
Mediterranean,Mediterranean Stuffed Chicken,Mediterranean,259.78,10.05,101.12,2022-10-16,16:50:46,25.848756218905468,0.0993868670886076
Mediterranean,Quick Mediterranean Pasta,Mediterranean,33.43,189.81,18.43,2022-10-16,16:50:52,0.17612349191296559,10.29896907216495
Mediterranean,Mediterranean Lamb Chops,Mediterranean,152.21,24.81,282.77,2022-10-16,16:50:52,6.135026199113262,0.08773915196095768
Mediterranean,Mediterranean Pork Chops,Mediterranean,93.4,8.0,167.2,2022-10-16,16:50:52,11.675,0.04784688995215311
Mediterranean,Mediterranean Carrot Dip,Mediterranean,4.95,70.02,41.6,2022-10-16,16:50:52,0.07069408740359898,1.6831730769230768
Mediterranean,Mediterranean Grilled Vegetables,Mediterranean,12.12,52.16,64.52,2022-10-16,16:50:52,0.23236196319018404,0.8084314941103534
Mediterranean,Mediterranean Flatbread recipes,Mediterranean,48.42,166.33,39.19,2022-10-16,16:50:52,0.2911080382372392,4.244194947690738
Mediterranean,Mediterranean Chicken Orzo,Mediterranean,270.66,361.56,73.83,2022-10-16,16:50:52,0.7485894457351477,4.897196261682243
Mediterranean,Ricotta Mediterranean Pita,Mediterranean,10.04,17.74,22.29,2022-10-16,16:50:52,0.5659526493799324,0.7958725886047554
Mediterranean,Mediterranean Turkey Bagelwiches,American,109.0,249.03,32.58,2022-10-16,16:50:52,0.43769826928482514,7.643646408839779
Mediterranean,Mediterranean Orzo Salad,Mediterranean,34.64,140.78,46.0,2022-10-16,16:50:52,0.24605767864753517,3.0604347826086955
Mediterranean,Mediterranean Tuna Salad,Mediterranean,20.66,6.6,16.35,2022-10-16,16:50:52,3.1303030303030304,0.40366972477064217
Mediterranean,Mediterranean London Broil,Mediterranean,103.07,8.12,40.11,2022-10-16,16:50:52,12.693349753694582,0.20244328097731237
Mediterranean,Mediterranean Summer Tomatoes,Mediterranean,45.36,240.07,116.79,2022-10-16,16:50:52,0.18894489107343693,2.0555698261837483
Mediterranean,Mediterranean Balsamic Mushrooms,Mediterranean,14.45,24.17,55.61,2022-10-16,16:50:52,0.5978485726106744,0.43463405862254995
Mediterranean,Chicken ala Mediterranean,Mediterranean,87.67,51.19,65.71,2022-10-16,16:50:52,1.7126391873412776,0.7790290671130726
Mediterranean,Mediterranean Chicken Bake,Mediterranean,221.49,36.3,110.78,2022-10-16,16:50:52,6.101652892561984,0.32767647589817656
Mediterranean,Mediterranean Quinoa Salad,Mediterranean,30.65,62.27,59.26,2022-10-16,16:50:52,0.49221133772281994,1.0507931150860614
Mediterranean,Mediterranean sausage bake,Mediterranean,110.91,41.82,171.06,2022-10-16,16:50:52,2.652080344332855,0.24447562258856542
Mediterranean,Mediterranean Polenta Rounds,Italian,45.14,415.71,64.81,2022-10-16,16:50:59,0.10858531187606746,6.41428791853109
Mediterranean,Mediterranean Sandwich Recipe,Mediterranean,24.15,41.64,25.66,2022-10-16,16:50:59,0.5799711815561959,1.622759158222915
Mediterranean,Mediterranean Turkey Bagelwiches,American,109.0,249.03,32.58,2022-10-16,16:50:59,0.43769826928482514,7.643646408839779
Mediterranean,Mediterranean Sandwich Recipe - How To Make Mediterranean Sandwich - How To Prepare Mediterranean Sandwich Recipe,Mediterranean,51.62,218.53,109.59,2022-10-16,16:50:59,0.23621470736283345,1.9940688018979833
Mediterranean,Warm Mediterranean salad,Mediterranean,55.8,277.97,91.88,2022-10-16,16:50:59,0.20074108716767994,3.025359164127123
Mediterranean,Mediterranean bread bake,Mediterranean,133.83,188.22,156.16,2022-10-16,16:50:59,0.7110296461587504,1.2053022540983607
Mediterranean,Mediterranean Baked Spinach,Mediterranean,68.38,37.24,94.82,2022-10-16,16:50:59,1.8361976369495163,0.39274414680447167
Mediterranean,Mediterranean Crushed Potatoes,Mediterranean,11.4,92.65,24.94,2022-10-16,16:50:59,0.12304371289800324,3.714915797914996
Mediterranean,Bouillabaisse with Rouille,American,240.19,255.96,259.63,2022-10-16,16:50:59,0.9383888107516799,0.9858644994800293
Mediterranean,Mediterranean chicken rolls,Mediterranean,111.25,26.36,62.11,2022-10-16,16:50:59,4.22040971168437,0.42440830784092737
Mediterranean,Mediterranean Tuna Bruschetta,Mediterranean,81.41,244.7,202.18,2022-10-16,16:50:59,0.33269309358398036,1.2103076466514986
Mediterranean,Mediterranean Pinwheel Appetizers,Mediterranean,44.21,133.17,51.31,2022-10-16,16:50:59,0.3319816775550049,2.595400506723835
Mediterranean,Mediterranean Pesto Pizza,Italian,77.34,272.43,86.57,2022-10-16,16:50:59,0.28388943948904305,3.146933117708213
Mediterranean,Mediterranean Ravioletti Salad,Mediterranean,159.23,36.33,322.68,2022-10-16,16:50:59,4.382879163225984,0.11258832279657864
Mediterranean,Whole30 Mediterranean Chicken,Mediterranean,105.78,27.81,60.87,2022-10-16,16:50:59,3.8036677454153183,0.45687530803351406
Mediterranean,Mediterranean Naan Pizza,Italian,99.1,104.32,144.97,2022-10-16,16:50:59,0.9499616564417178,0.7195971580326964
Mediterranean,Mediterranean Hummus Pizza,Italian,89.62,205.69,114.48,2022-10-16,16:50:59,0.4357042150809471,1.7967330538085253
Mediterranean,Mediterranean Stuffed Swordfish,Mediterranean,46.55,4.22,33.37,2022-10-16,16:50:59,11.030805687203792,0.12646089301768054
Mediterranean,Mediterranean Buttermilk Chicken,Mediterranean,120.69,31.78,18.44,2022-10-16,16:50:59,3.7976714915040906,1.7234273318872018
Mediterranean,Marinated Mediterranean Steaks,Mediterranean,471.11,39.21,195.93,2022-10-16,16:50:59,12.015047181841368,0.20012249272699434
Mediterranean,Mediterranean Halibut Bake,Mediterranean,322.35,102.48,25.62,2022-10-16,16:51:05,3.1454918032786887,4.0
Mediterranean,Mediterranean Style Cod,Mediterranean,175.38,47.96,36.52,2022-10-16,16:51:05,3.6567973311092574,1.3132530120481927
Mediterranean,Mediterranean Roast Lamb,Mediterranean,295.85,11.02,262.57,2022-10-16,16:51:05,26.84664246823957,0.041969760444833755
Mediterranean,Mediterranean Bento Box,Mediterranean,71.14,325.72,101.73,2022-10-16,16:51:05,0.21840844897457937,3.201808709328615
Mediterranean,Gyro Burgers with Tzatziki recipes,Mediterranean,137.89,60.12,161.56,2022-10-16,16:51:05,2.293579507651364,0.3721218123297846
Mediterranean,Mediterranean Tuna Wrap,Mediterranean,99.73,34.25,25.48,2022-10-16,16:51:05,2.9118248175182484,1.3441915227629513
Mediterranean,Mediterranean Chicken Recipe,Mediterranean,116.22,29.22,110.62,2022-10-16,16:51:05,3.97741273100616,0.26414753209184594
Mediterranean,Mediterranean Deviled Eggs,Mediterranean,32.72,4.22,71.58,2022-10-16,16:51:05,7.753554502369669,0.058955015367421065
Mediterranean,MEDITERRANEAN BARLEY SALAD,Mediterranean,7.58,44.38,17.9,2022-10-16,16:51:05,0.170797656602073,2.479329608938548
Mediterranean,Mediterranean Red Snapper,Mediterranean,47.97,20.25,3.55,2022-10-16,16:51:05,2.368888888888889,5.704225352112676
Mediterranean,Mediterranean Deviled Eggs,Mediterranean,30.93,5.0,85.77,2022-10-16,16:51:05,6.186,0.05829544129649062
Mediterranean,Mediterranean Tuna Capellini,Mediterranean,145.5,406.38,92.94,2022-10-16,16:51:05,0.35803927358629856,4.372498386055519
Mediterranean,Lorraine's Grilled Pork Chops,French,184.63,23.21,102.71,2022-10-16,16:51:05,7.954760878931495,0.22597604907019767
Mediterranean,Mediterranean Vegetable Soup,Mediterranean,64.16,191.01,30.18,2022-10-16,16:51:05,0.3358986440500497,6.329025844930417
Mediterranean,Mediterranean Broccoli Salad,Mediterranean,68.9,159.98,78.87,2022-10-16,16:51:05,0.4306788348543569,2.02840116647648
Mediterranean,Mediterranean Tuna Salad,Mediterranean,2.75,7.13,46.49,2022-10-16,16:51:05,0.3856942496493689,0.15336631533663153
Mediterranean,PHILLY Mediterranean Dip,American,21.86,15.11,67.9,2022-10-16,16:51:05,1.4467240238252812,0.22253313696612664
Mediterranean,Mediterranean Lentil Patties,Mediterranean,257.34,920.2,366.13,2022-10-16,16:51:05,0.2796565963920886,2.513314942779887
Mediterranean,Mediterranean Deviled Eggs,Mediterranean,38.09,3.39,73.23,2022-10-16,16:51:05,11.23598820058997,0.04629250307251127
Mediterranean,Skillet Mediterranean Chicken,Mediterranean,131.41,18.79,50.07,2022-10-16,16:51:05,6.993613624268228,0.3752746155382464
Mediterranean,Mediterranean Tuna Salad,Mediterranean,20.63,6.47,15.85,2022-10-16,16:51:12,3.1885625965996907,0.4082018927444795
Mediterranean,Mediterranean Casserole Recipe,Mediterranean,135.97,100.77,99.0,2022-10-16,16:51:12,1.349310310608316,1.0178787878787878
Mediterranean,Turkey & Mediterranean Melt,American,110.27,93.77,72.73,2022-10-16,16:51:12,1.1759624613415804,1.2892891516568128
Mediterranean,Nutty Mediterranean Buns,American,78.87,485.67,98.6,2022-10-16,16:51:12,0.1623942182963741,4.925659229208925
Mediterranean,Mediterranean Tuna Steaks,Mediterranean,229.34,58.14,94.59,2022-10-16,16:51:12,3.9446164430684556,0.6146527117031398
Mediterranean,Mediterranean Style Corn,Mediterranean,19.37,110.72,34.91,2022-10-16,16:51:12,0.17494580924855493,3.171584073331424
Mediterranean,Mediterranean Chicken Wrap,Mediterranean,41.38,55.18,45.58,2022-10-16,16:51:12,0.7499093874592244,1.2106186924089513
Mediterranean,Mediterranean Chicken Salad,Mediterranean,153.09,34.81,65.95,2022-10-16,16:51:12,4.397874174087906,0.5278241091736164
Mediterranean,Mediterranean Stuffed Swordfish,Mediterranean,57.45,5.76,43.23,2022-10-16,16:51:12,9.973958333333334,0.13324080499653018
Mediterranean,Mediterranean Chicken Meatballs,Mediterranean,101.91,38.31,54.92,2022-10-16,16:51:12,2.6601409553641346,0.6975600873998543
Mediterranean,Quick Mediterranean bolognaise,Mediterranean,178.37,460.01,88.99,2022-10-16,16:51:12,0.3877524401643443,5.169232498033487
Mediterranean,Mediterranean Tuna Salad,Mediterranean,1.91,3.77,28.61,2022-10-16,16:51:12,0.506631299734748,0.1317721076546662
Mediterranean,Frozen Mediterranean Delite,Mediterranean,63.72,323.17,55.77,2022-10-16,16:51:12,0.19717176718135965,5.794692487000179
Mediterranean,Mediterranean Lemon Chicken,Mediterranean,101.1,9.13,94.61,2022-10-16,16:51:12,11.073384446878421,0.09650142691047459
Mediterranean,Mediterranean Pasta Salad,Mediterranean,55.29,118.22,24.0,2022-10-16,16:51:12,0.46768736254440874,4.925833333333333
Mediterranean,Mediterranean Guacamole recipes,Mediterranean,15.88,54.24,84.01,2022-10-16,16:51:12,0.29277286135693215,0.6456374241161766
Mediterranean,Mediterranean prawn salad,Mediterranean,214.64,56.48,125.46,2022-10-16,16:51:12,3.80028328611898,0.45018332536266537
Mediterranean,Mediterranean Harvest Pasta,Mediterranean,75.73,402.65,44.31,2022-10-16,16:51:12,0.1880789767788402,9.087113518393139
Mediterranean,Mediterranean Pasta Salad,Mediterranean,0.69,3.69,34.64,2022-10-16,16:51:12,0.18699186991869918,0.10652424942263279
Mediterranean,Mediterranean Cod recipes,Mediterranean,167.58,14.49,37.43,2022-10-16,16:51:12,11.565217391304348,0.3871226289072936
Mediterranean,Mediterranean Farro Dish,Mediterranean,38.86,188.14,60.51,2022-10-16,16:51:19,0.20654831508451155,3.1092381424557924
Mediterranean,Lemony Sprouts and Shoots,Mediterranean,17.4,46.08,10.77,2022-10-16,16:51:19,0.37760416666666663,4.278551532033426
Mediterranean,Mediterranean scrambled eggs,Mediterranean,25.77,22.91,33.02,2022-10-16,16:51:19,1.1248363160192056,0.6938219261053906
Mediterranean,Mediterranean Spice Rub,Mediterranean,4.05,28.59,6.07,2022-10-16,16:51:19,0.1416579223504722,4.710049423393739
Mediterranean,Mediterranean Potato Salad,Mediterranean,36.46,179.52,96.0,2022-10-16,16:51:19,0.20309714795008912,1.87
Mediterranean,Mediterranean Pork Chops,Mediterranean,175.44,56.6,109.14,2022-10-16,16:51:19,3.0996466431095406,0.5185999633498259
Mediterranean,Mediterranean Chickpea Stew,Mediterranean,9.92,58.09,56.15,2022-10-16,16:51:19,0.17076949561025992,1.0345503116651826
Mediterranean,Mediterranean Mini Meatloaves,Mediterranean,168.62,376.92,54.76,2022-10-16,16:51:19,0.44736283561498463,6.883126369612857
Mediterranean,Mediterranean Carrot Salad,Mediterranean,2.59,25.3,27.67,2022-10-16,16:51:19,0.10237154150197628,0.9143476689555475
Mediterranean,Mediterranean Vegetable Skewers,Mediterranean,22.18,53.17,58.03,2022-10-16,16:51:19,0.41715252962196725,0.9162502154058246
Mediterranean,Mediterranean Meatless Pizza,Italian,27.54,177.77,57.07,2022-10-16,16:51:19,0.15491927771840017,3.1149465568599966
Mediterranean,Mediterranean-style Focaccia,Mediterranean,83.29,338.17,95.9,2022-10-16,16:51:19,0.24629624153532248,3.526277372262774
Mediterranean,Mediterranean Roast Vegetables,Mediterranean,54.35,453.4,85.29,2022-10-16,16:51:19,0.11987207763564182,5.31598077148552
Mediterranean,Mediterranean Pasta Salad,Mediterranean,20.38,89.0,26.82,2022-10-16,16:51:19,0.2289887640449438,3.3184190902311705
Mediterranean,Mediterranean Kale Salad,Mediterranean,13.53,14.72,47.75,2022-10-16,16:51:19,0.9191576086956521,0.3082722513089005
Mediterranean,Mediterranean Remix Pasta,Mediterranean,72.81,370.69,29.16,2022-10-16,16:51:19,0.1964174917046589,12.71227709190672
Mediterranean,Mediterranean Dip Recipe,Mediterranean,32.91,98.66,73.52,2022-10-16,16:51:19,0.33356983579971616,1.3419477693144723
Mediterranean,Mediterranean Stuffed Zucchini,Mediterranean,169.85,155.51,245.76,2022-10-16,16:51:19,1.0922127194392643,0.6327718098958334
Mediterranean,Mediterranean Chicken Patties,Mediterranean,121.53,59.26,57.06,2022-10-16,16:51:26,2.0507931150860617,1.0385559060637923
Mediterranean,Mediterranean Chicken Tostadas,South American,42.61,82.49,48.25,2022-10-16,16:51:26,0.516547460298218,1.7096373056994818
Mediterranean,Mediterranean Chicken Salad,Mediterranean,182.08,138.15,111.86,2022-10-16,16:51:26,1.3179876945349258,1.2350259252637226
Mediterranean,Mediterranean Herb Oil,Mediterranean,4.5,23.45,865.66,2022-10-16,16:51:26,0.19189765458422176,0.02708915740590994
Mediterranean,Mediterranean Pizza Pocket,Italian,69.57,257.77,77.07,2022-10-16,16:51:26,0.2698917639756372,3.344621772414688
Mediterranean,Mediterranean pasta salad,Mediterranean,143.32,280.48,98.52,2022-10-16,16:51:26,0.5109811751283514,2.8469346325619167
Mediterranean,Mediterranean Kale Salad,Mediterranean,36.2,12.31,13.9,2022-10-16,16:51:26,2.940698619008936,0.8856115107913669
Mediterranean,Mediterranean Quick Bread,Mediterranean,55.92,241.32,112.54,2022-10-16,16:51:26,0.23172550969666833,2.1443042473787095
Mediterranean,mediterranean couscous salad,Mediterranean,92.89,275.53,85.94,2022-10-16,16:51:26,0.33713207273255186,3.206074005119851
Mediterranean,Creamy Mediterranean Spread,Mediterranean,36.57,45.6,111.89,2022-10-16,16:51:26,0.8019736842105263,0.4075431227098043
Mediterranean,Mediterranean Green Beans,Mediterranean,9.06,37.93,12.41,2022-10-16,16:51:26,0.23886105984708675,3.056406124093473
Mediterranean,Mediterranean Deviled Eggs,Mediterranean,51.04,6.25,73.12,2022-10-16,16:51:26,8.1664,0.08547592997811816
Mediterranean,Hot Mediterranean Dip,Mediterranean,41.67,93.7,180.27,2022-10-16,16:51:26,0.44471718249733194,0.5197758917179786
Mediterranean,Mediterranean Quinoa Bowl,Mediterranean,161.01,274.42,112.24,2022-10-16,16:51:26,0.586728372567597,2.444939415538133
Mediterranean,Mediterranean Chicken Thighs:,Mediterranean,191.18,10.24,100.86,2022-10-16,16:51:26,18.669921875,0.10152686892722586
Mediterranean,Mediterranean Couscous recipes,Mediterranean,41.65,155.0,45.03,2022-10-16,16:51:26,0.2687096774193548,3.4421496779924494
Mediterranean,Mediterranean Stuffed Chicken,Mediterranean,232.85,12.17,109.03,2022-10-16,16:51:26,19.133114215283484,0.11162065486563331
Mediterranean,Mediterranean Baked Halibut,Mediterranean,86.03,7.97,41.09,2022-10-16,16:51:26,10.794228356336262,0.19396446824044777
Mediterranean,Mediterranean Chopped Salad,Mediterranean,4.17,19.13,31.41,2022-10-16,16:51:26,0.21798222686879248,0.6090417064629099
Mediterranean,Feta Mediterranean Hummus,Mediterranean,53.64,116.58,86.54,2022-10-16,16:51:32,0.46011322696860524,1.3471227178183498
Mediterranean,Mediterranean toasted roll,Mediterranean,112.64,170.45,120.89,2022-10-16,16:51:32,0.6608389557054856,1.4099594672843079
Mediterranean,Mediterranean chicken bake,Mediterranean,229.82,173.49,126.51,2022-10-16,16:51:32,1.3246873018617786,1.3713540431586435
Mediterranean,Mediterranean Style Corn,Mediterranean,19.37,110.72,34.91,2022-10-16,16:51:32,0.17494580924855493,3.171584073331424
Mediterranean,Mediterranean Cucumber Salad,Mediterranean,4.65,26.18,65.66,2022-10-16,16:51:32,0.17761650114591293,0.39872068230277186
Mediterranean,Mediterranean Watermelon Salad,Mediterranean,13.65,53.95,52.21,2022-10-16,16:51:32,0.25301204819277107,1.0333269488603716
Mediterranean,Mediterranean Quinoa Salad,Mediterranean,131.97,287.93,137.53,2022-10-16,16:51:32,0.45834056888827146,2.0935795826365156
Mediterranean,Mediterranean Chicken Focaccia,Mediterranean,127.55,186.18,174.71,2022-10-16,16:51:32,0.6850896981415834,1.0656516513078815
Mediterranean,Mediterranean Stir Fry,Mediterranean,27.82,123.41,29.41,2022-10-16,16:51:32,0.2254274369986225,4.196191771506291
Mediterranean,Mediterranean Pasta Salad,Mediterranean,43.17,200.43,47.99,2022-10-16,16:51:32,0.21538691812602903,4.176495103146489
Mediterranean,Mediterranean Farro Salad,Mediterranean,141.06,489.45,157.84,2022-10-16,16:51:32,0.2882010419859026,3.1009249873289404
Mediterranean,Mediterranean Stuffed Eggplant,Mediterranean,52.9,241.17,48.61,2022-10-16,16:51:32,0.21934734834349215,4.961324830281835
Mediterranean,Mediterranean Baked Peppers,Mediterranean,12.17,32.61,20.58,2022-10-16,16:51:32,0.37319840539711746,1.5845481049562684
Mediterranean,Mediterranean Eggplant Dip,Mediterranean,12.78,82.05,56.22,2022-10-16,16:51:32,0.15575868372943327,1.459445037353255
Mediterranean,Mediterranean Potato Salad,Mediterranean,68.3,273.88,116.05,2022-10-16,16:51:32,0.24937929020008762,2.360017233950883
Mediterranean,Mediterranean Bread Salad,Mediterranean,35.72,179.17,101.63,2022-10-16,16:51:32,0.19936373276776248,1.7629636918232805
Mediterranean,Mediterranean Greek Salad,Mediterranean,45.45,82.17,69.35,2022-10-16,16:51:32,0.5531215772179627,1.1848594087959625
Mediterranean,Mediterranean layered meatloaf,Mediterranean,220.05,183.93,310.21,2022-10-16,16:51:32,1.1963790572500408,0.5929209245349925
Mediterranean,Mediterranean Couscous Fritters,South East Asian,54.53,142.01,103.18,2022-10-16,16:51:32,0.38398704316597426,1.376332622601279
Mediterranean,Mediterranean Couscous Salad,Mediterranean,68.13,254.19,129.64,2022-10-16,16:51:39,0.2680278531806916,1.9607374267201483
Mediterranean,Mediterranean bruschetta (dip),Mediterranean,27.21,97.8,57.11,2022-10-16,16:51:39,0.2782208588957055,1.7124846786902468
Mediterranean,Mediterranean chicken bake,Mediterranean,171.72,219.81,97.27,2022-10-16,16:51:39,0.7812201446703971,2.2597923306260923
Mediterranean,Mediterranean Zucchini Salad,Mediterranean,24.04,47.78,21.2,2022-10-16,16:51:39,0.5031393888656341,2.2537735849056606
Mediterranean,Mediterranean Rice Bowl,Mediterranean,45.76,236.0,82.43,2022-10-16,16:51:39,0.19389830508474576,2.8630353026810624
Mediterranean,Mediterranean Chicken Salad,Mediterranean,272.1,60.5,320.08,2022-10-16,16:51:39,4.497520661157025,0.1890152461884529
Mediterranean,Lemon Turkey Rice Soup recipes,American,144.51,400.54,85.45,2022-10-16,16:51:39,0.36078793628601386,4.687419543592744
Mediterranean,Mediterranean Marinated Cheese,Mediterranean,16.14,28.33,141.54,2022-10-16,16:51:39,0.5697140840098835,0.20015543309311856
Mediterranean,Mediterranean Marinated Cheese,Mediterranean,15.81,25.62,141.62,2022-10-16,16:51:39,0.617096018735363,0.18090665160288094
Mediterranean,Mediterranean Layered Dip,Mediterranean,31.71,94.69,73.45,2022-10-16,16:51:39,0.33488224733340377,1.2891763104152485
Mediterranean,Mediterranean Braised Cucumbers,Mediterranean,23.12,44.4,65.52,2022-10-16,16:51:39,0.5207207207207207,0.6776556776556777
Mediterranean,Layered Mediterranean Pie,Mediterranean,134.27,280.41,221.68,2022-10-16,16:51:39,0.4788345636746193,1.2649314326957777
Mediterranean,Mediterranean Tapas Potatoes,Mediterranean,11.57,85.65,60.96,2022-10-16,16:51:39,0.13508464681844717,1.4050196850393701
Mediterranean,Mediterranean Egg Muffins,Mediterranean,69.61,78.68,42.98,2022-10-16,16:51:39,0.8847229283172343,1.8306188925081437
Mediterranean,Stuffed Mediterranean Meatballs,Mediterranean,136.78,107.33,143.7,2022-10-16,16:51:39,1.2743874033355074,0.7469032707028532
Mediterranean,Mediterranean Turkey Bake,American,73.2,47.64,37.72,2022-10-16,16:51:39,1.536523929471033,1.2629904559915164
Mediterranean,NUTRITION – Mediterranean Hummus,Mediterranean,98.78,301.25,97.85,2022-10-16,16:51:39,0.32790041493775934,3.0786918753193664
Mediterranean,Mediterranean Bean Salad,Mediterranean,39.77,129.64,29.29,2022-10-16,16:51:39,0.306772601049059,4.426083987709116
Mediterranean,Stuffed Mediterranean beef,World,43.66,211.49,56.75,2022-10-16,16:51:39,0.20644002080476614,3.726696035242291
Mediterranean,Mediterranean Quinoa Salad,Mediterranean,54.17,137.29,45.75,2022-10-16,16:51:39,0.39456624663121864,3.0008743169398904
Mediterranean,Mediterranean Bean Dip,Mediterranean,30.22,84.53,55.66,2022-10-16,16:51:46,0.3575062108127292,1.5186848724398132
Mediterranean,Mediterranean toasted roll,Mediterranean,17.98,10.07,22.23,2022-10-16,16:51:46,1.785501489572989,0.452991452991453
Mediterranean,Mediterranean Caesar Salad,Mediterranean,44.68,194.48,112.39,2022-10-16,16:51:46,0.22974084738790623,1.7304030607705312
Mediterranean,Mediterranean Watermelon Salad,Mediterranean,13.74,50.03,25.29,2022-10-16,16:51:46,0.2746352188686788,1.9782522736259391
Mediterranean,Mediterranean roast vegetables,Mediterranean,42.58,139.2,66.84,2022-10-16,16:51:46,0.3058908045977012,2.082585278276481
Mediterranean,Mediterranean Quinoa Salad,Mediterranean,46.08,146.28,62.87,2022-10-16,16:51:46,0.31501230516817064,2.3267059010656914
Mediterranean,Mediterranean Lima Beans,Mediterranean,49.79,179.8,34.41,2022-10-16,16:51:46,0.27691879866518354,5.225225225225226
Mediterranean,Mediterranean Stuffed Swordfish,Mediterranean,57.45,5.76,43.23,2022-10-16,16:51:46,9.973958333333334,0.13324080499653018
Mediterranean,Mediterranean Tortellini Salad,Italian,44.15,108.14,152.42,2022-10-16,16:51:46,0.408267061216941,0.7094869439706076
Mediterranean,Mediterranean Chicken Panini,Italian,143.8,18.11,161.24,2022-10-16,16:51:46,7.940364439536169,0.11231704291739021
Mediterranean,Mediterranean Tuna Wrap,Mediterranean,44.45,28.54,32.95,2022-10-16,16:51:46,1.5574632095304837,0.8661608497723823
Mediterranean,Mediterranean Quinoa Salad,Mediterranean,120.32,75.73,89.26,2022-10-16,16:51:46,1.5888023240459526,0.8484203450593771
Mediterranean,Mediterranean Tuna Pizza,Italian,78.1,205.28,66.05,2022-10-16,16:51:46,0.3804559625876851,3.1079485238455717
Mediterranean,Mediterranean Chickpea Salad,Mediterranean,42.93,79.02,85.72,2022-10-16,16:51:46,0.5432801822323463,0.9218385440970601
Mediterranean,Mediterranean Potato Salad,Mediterranean,30.23,224.46,63.87,2022-10-16,16:51:46,0.1346787846386884,3.5143259746359794
Mediterranean,Mediterranean Pasta Salad,Mediterranean,42.67,220.74,39.53,2022-10-16,16:51:46,0.1933043399474495,5.584113331646851
Mediterranean,Mediterranean Orzo Salad,Mediterranean,98.41,386.62,115.44,2022-10-16,16:51:46,0.25453934095494285,3.3490990990990994
Mediterranean,Baked Mediterranean Quesadillas,Mexican,171.37,266.83,201.51,2022-10-16,16:51:46,0.6422441254731478,1.3241526475112897
Mediterranean,Mediterranean Zucchini Salad,Mediterranean,26.15,70.08,55.19,2022-10-16,16:51:46,0.3731449771689498,1.2697952527631817
Mediterranean,Grilled Mediterranean Pizza,Italian,134.36,151.1,92.61,2022-10-16,16:51:46,0.8892124420913303,1.6315732642263254
Mediterranean,mediterranean orzo salad,Mediterranean,26.05,117.15,65.08,2022-10-16,16:51:52,0.22236448997012376,1.8000921942224954
Mediterranean,Grilled Mediterranean Quesadillas,Mexican,103.18,225.17,110.42,2022-10-16,16:51:52,0.45823155837811436,2.039213910523456
Mediterranean,Mediterranean Baked Catfish,American,74.18,23.64,41.91,2022-10-16,16:51:52,3.1379018612521152,0.5640658554044381
Mediterranean,Mediterranean Chopped Salad,Mediterranean,54.04,131.34,40.92,2022-10-16,16:51:52,0.41145119537079333,3.2096774193548385
Mediterranean,Mediterranean Tilapia recipes,Mediterranean,49.36,11.93,6.35,2022-10-16,16:51:52,4.137468566638726,1.878740157480315
Mediterranean,Mediterranean Sardine Dish,Mediterranean,109.58,40.75,44.44,2022-10-16,16:51:52,2.689079754601227,0.916966696669667
Mediterranean,Mediterranean Summer Salad,Mediterranean,28.78,70.29,33.78,2022-10-16,16:51:52,0.40944657846066296,2.080817051509769
Mediterranean,Mediterranean Bagel Snacks,Mediterranean,45.15,114.29,9.79,2022-10-16,16:51:52,0.3950476857117858,11.674157303370789
Mediterranean,Mediterranean Cod recipes,Mediterranean,167.18,25.15,52.99,2022-10-16,16:51:52,6.647316103379723,0.4746178524249858
Mediterranean,Mediterranean Potato Salad,Mediterranean,52.11,164.2,132.85,2022-10-16,16:51:52,0.31735688185140076,1.2359804290553256
Mediterranean,Mediterranean Tortilla Pizza,Italian,60.98,119.92,90.42,2022-10-16,16:51:52,0.5085056704469646,1.3262552532625524
Mediterranean,Mediterranean Cheese Spread,Mediterranean,23.21,18.59,92.69,2022-10-16,16:51:52,1.2485207100591718,0.2005610098176718
Mediterranean,Grilled Mediterranean Chicken,Mediterranean,130.0,17.89,28.89,2022-10-16,16:51:52,7.266629401900503,0.6192454136379371
Mediterranean,Mediterranean Tuna Salad,Mediterranean,77.27,17.59,51.56,2022-10-16,16:51:52,4.392836839113132,0.341155934833204
Mediterranean,Mediterranean Olive Bread,Mediterranean,84.62,656.75,133.62,2022-10-16,16:51:52,0.12884659307194518,4.915057626103876
Mediterranean,Mediterranean Greek Salad,Mediterranean,45.45,82.17,69.35,2022-10-16,16:51:52,0.5531215772179627,1.1848594087959625
Mediterranean,Mediterranean Tuna Cups,Mediterranean,94.14,50.34,15.1,2022-10-16,16:51:52,1.870083432657926,3.3337748344370866
Mediterranean,Mediterranean Veggie Wrap,Mediterranean,20.52,60.14,24.79,2022-10-16,16:51:52,0.34120385766544725,2.425978217022993
Mediterranean,Mediterranean Tuna Linguine,Mediterranean,93.42,234.27,27.0,2022-10-16,16:51:52,0.39877064925086436,8.676666666666668
Mediterranean,Mediterranean Bulgur Wheat,Mediterranean,46.67,190.01,22.49,2022-10-16,16:51:59,0.24561865164991317,8.448643841707426
Mediterranean,Mediterranean Pasta recipes,Mediterranean,151.81,210.45,101.45,2022-10-16,16:51:59,0.7213589926348302,2.0744208969935927
Mediterranean,Mediterranean Baked Cod,Mediterranean,127.37,29.93,68.81,2022-10-16,16:51:59,4.2555963915803545,0.43496584798721116
Mediterranean,Mediterranean Broccoflower Salad,Mediterranean,17.15,86.23,32.71,2022-10-16,16:51:59,0.1988866983648382,2.636196881687557
Mediterranean,Mediterranean Quinoa Salad,Mediterranean,33.99,131.08,29.47,2022-10-16,16:51:59,0.25930729325602686,4.447913131998643
Mediterranean,Mediterranean Pork Kabobs,Mediterranean,102.72,23.97,53.77,2022-10-16,16:51:59,4.2853566958698375,0.4457876139111028
Mediterranean,Mediterranean Palmiers Recipe,French,55.71,240.03,247.16,2022-10-16,16:51:59,0.2320959880014998,0.9711522900145655
Mediterranean,Mediterranean Chicken Marinade,Mediterranean,1.71,13.79,55.0,2022-10-16,16:51:59,0.12400290065264685,0.2507272727272727
Mediterranean,Mediterranean Fish Stew,Mediterranean,125.54,130.24,35.93,2022-10-16,16:51:59,0.9639127764127764,3.62482605065405
Mediterranean,Mediterranean Tuna Pasta,Mediterranean,81.25,202.44,55.02,2022-10-16,16:51:59,0.40135348745307253,3.679389312977099
Mediterranean,Mediterranean Quinoa Salad,Mediterranean,35.58,137.71,52.42,2022-10-16,16:51:59,0.2583690363808002,2.6270507439908433
Mediterranean,Mediterranean Avocado Dip,Mediterranean,40.33,86.13,97.19,2022-10-16,16:51:59,0.46824567514222687,0.8862022841856158
Mediterranean,Marinated Mediterranean Steaks,Mediterranean,42.01,39.21,164.32,2022-10-16,16:51:59,1.0714103545014027,0.23861976630963974
Mediterranean,Mediterranean Fish Marinade,Mediterranean,4.25,26.14,56.76,2022-10-16,16:51:59,0.16258607498087221,0.4605355884425652
Mediterranean,Mediterranean Salad Recipe,Mediterranean,157.78,366.84,513.94,2022-10-16,16:51:59,0.43010576818231383,0.7137798186558741
Mediterranean,Mediterranean Medley Salad,Mediterranean,20.93,56.59,44.63,2022-10-16,16:51:59,0.3698533309772044,1.2679811785794308
Mediterranean,Mediterranean Chickpea Salad,Mediterranean,98.45,287.54,127.43,2022-10-16,16:51:59,0.34238714613618976,2.256454524052421
Mediterranean,Mediterranean Hummus Bites,Mediterranean,52.13,142.15,53.65,2022-10-16,16:51:59,0.3667252901864228,2.6495806150978565
Mediterranean,Mediterranean Tomatoes & Mozzarella,Italian,54.64,29.97,84.16,2022-10-16,16:51:59,1.8231564898231565,0.3561074144486692
Mediterranean,Mediterranean Quinoa Salad,Mediterranean,69.35,269.75,55.58,2022-10-16,16:51:59,0.25708989805375343,4.853364519611371
Mediterranean,Mediterranean meatball subs,Mediterranean,216.92,699.93,171.56,2022-10-16,16:52:06,0.30991670595630993,4.079797155514106
Mediterranean,Mediterranean baked sausages,Mediterranean,135.14,57.15,208.01,2022-10-16,16:52:06,2.364654418197725,0.27474640642276815
Mediterranean,Mediterranean Cod recipes,Mediterranean,130.29,669.57,27.17,2022-10-16,16:52:06,0.19458757112773867,24.643724696356276
Mediterranean,Mediterranean Chopped Salad,Mediterranean,4.17,19.13,31.41,2022-10-16,16:52:06,0.21798222686879248,0.6090417064629099
Mediterranean,Mediterranean Salad recipes,Mediterranean,27.65,69.18,64.67,2022-10-16,16:52:06,0.3996819890141659,1.0697386732642649
Mediterranean,Mediterranean Quinoa — Steemit,Mediterranean,78.17,338.55,51.33,2022-10-16,16:52:06,0.23089647024073254,6.595558153126827
Mediterranean,Mediterranean Tortellini Salad,Italian,99.42,287.03,81.28,2022-10-16,16:52:06,0.34637494338570884,3.5313730314960625
Mediterranean,Mediterranean Macaroni Salad,Mediterranean,42.82,186.66,112.92,2022-10-16,16:52:06,0.22940105003750136,1.653028692879915
Mediterranean,Mediterranean Pasta Salad,Mediterranean,66.87,236.67,25.59,2022-10-16,16:52:06,0.28254531626315127,9.248534583821804
Mediterranean,Mediterranean Rice Pilaf,Mediterranean,29.19,178.41,51.61,2022-10-16,16:52:06,0.1636119051622667,3.4568881999612477
Mediterranean,Mediterranean capsicum rolls,Mediterranean,24.69,72.29,104.29,2022-10-16,16:52:06,0.34154101535482084,0.6931632946591236
Mediterranean,Mediterranean Fried Rice,Mediterranean,30.3,98.92,60.28,2022-10-16,16:52:06,0.30630812778002425,1.6410086264100863
Mediterranean,Mediterranean Tuna Salad,Mediterranean,48.32,6.0,44.4,2022-10-16,16:52:06,8.053333333333333,0.13513513513513514
Mediterranean,Rigatoni Mediterranean Casserole,Mediterranean,234.6,526.92,216.68,2022-10-16,16:52:06,0.44522887724891824,2.431788812996123
Mediterranean,Mediterranean Turkey Wrap,American,106.31,126.39,55.61,2022-10-16,16:52:06,0.8411266714138776,2.272792663190074
Mediterranean,Mediterranean Tofu Pie,Asian,83.38,214.44,56.91,2022-10-16,16:52:06,0.38882671143443387,3.768054823405377
Mediterranean,Mediterranean Pasta Salad,Mediterranean,64.66,287.97,70.56,2022-10-16,16:52:06,0.22453727818870017,4.0812074829931975
Mediterranean,Mediterranean American Loaf,Mediterranean,190.26,202.28,98.83,2022-10-16,16:52:06,0.9405774174411706,2.0467469391885054
Mediterranean,Easy Mediterranean Chicken,Mediterranean,130.73,12.48,33.59,2022-10-16,16:52:06,10.475160256410255,0.37153914855611786
Mediterranean,Mediterranean Potato Salad,Mediterranean,24.04,176.53,83.77,2022-10-16,16:52:06,0.13618081912422816,2.1073176554852573
Mediterranean,Mediterranean Summer Salad,Mediterranean,38.29,32.83,50.66,2022-10-16,16:52:12,1.1663113006396588,0.6480457954994078
Mediterranean,Mediterranean Potatoes recipes,Mediterranean,42.19,232.08,74.11,2022-10-16,16:52:12,0.18179076180627368,3.131561192821482
Mediterranean,Mediterranean Layered Dip,Mediterranean,56.91,64.23,217.7,2022-10-16,16:52:12,0.886034563288183,0.29503904455672947
Mediterranean,Mediterranean Tomato Salad,Mediterranean,31.51,63.05,88.72,2022-10-16,16:52:12,0.4997620935765266,0.7106627592425608
Mediterranean,Mediterranean Quinoa Salad,Mediterranean,47.42,153.25,146.6,2022-10-16,16:52:12,0.3094290375203915,1.045361527967258
Mediterranean,Mediterranean Vegetarian Bites,Mediterranean,86.94,17.12,97.85,2022-10-16,16:52:12,5.078271028037383,0.17496167603474708
Mediterranean,Mediterranean Chicken Wrap,Mediterranean,112.21,199.81,121.64,2022-10-16,16:52:12,0.5615835043291126,1.6426340019730352
Mediterranean,Chicken Mediterranean recipes,Mediterranean,76.68,104.36,49.95,2022-10-16,16:52:12,0.7347642775009583,2.0892892892892894
Mediterranean,Mediterranean Mussel Salad,Mediterranean,52.19,286.24,77.77,2022-10-16,16:52:12,0.18232951369480155,3.680596631091681
Mediterranean,Mediterranean Quesadillas recipes,Mexican,122.02,292.21,123.83,2022-10-16,16:52:12,0.41757640053386264,2.359767423080029
Mediterranean,Mediterranean Barley Salad,Mediterranean,74.7,256.95,142.49,2022-10-16,16:52:12,0.2907180385288967,1.8032844410134043
Mediterranean,Mediterranean Avocado Toast,Mediterranean,17.06,48.92,39.44,2022-10-16,16:52:12,0.3487326246933769,1.2403651115618664
Mediterranean,Mediterranean vegie cakes,Mediterranean,43.86,127.06,33.68,2022-10-16,16:52:12,0.34519124822918307,3.772565320665083
Mediterranean,Mediterranean Crunch Salad,Mediterranean,6.84,30.44,12.97,2022-10-16,16:52:12,0.22470433639947437,2.346954510408635
Mediterranean,Mediterranean Pizza recipes,Italian,370.85,86.18,160.17,2022-10-16,16:52:12,4.3032025992109535,0.538053318349254
Mediterranean,Mediterranean Mashed Potatoes,Mediterranean,20.33,164.14,55.36,2022-10-16,16:52:12,0.1238576824661874,2.964956647398844
Mediterranean,Mediterranean Salmon Burgers,Nordic,76.28,24.09,48.76,2022-10-16,16:52:12,3.166459111664591,0.4940525020508614
Mediterranean,Mediterranean Cauliflower Salad,Mediterranean,38.39,113.01,40.4,2022-10-16,16:52:12,0.3397044509335457,2.7972772277227724
Mediterranean,Mediterranean Pasta Frittata,Mediterranean,96.39,126.2,90.21,2022-10-16,16:52:12,0.7637876386687797,1.3989579869194104
Mediterranean,Mediterranean Chicken Salad,Mediterranean,120.5,94.66,126.0,2022-10-16,16:52:19,1.2729769702091698,0.7512698412698412
Mediterranean,Mediterranean Chicken Packets,Mediterranean,207.97,77.55,52.58,2022-10-16,16:52:19,2.681753707285622,1.4748953974895398
Mediterranean,Mediterranean Baked Fish,Mediterranean,100.07,36.49,52.77,2022-10-16,16:52:19,2.742395176760756,0.6914913776767102
Mediterranean,Mediterranean Filled Loaf,Mediterranean,80.75,244.13,68.82,2022-10-16,16:52:19,0.3307663949535084,3.5473699505957574
Mediterranean,Mediterranean Feta Dip,Mediterranean,25.25,15.49,80.5,2022-10-16,16:52:19,1.6300839251129762,0.1924223602484472
Mediterranean,Mediterranean Roasted Fingerlings,Mediterranean,32.81,191.19,45.05,2022-10-16,16:52:19,0.1716093937967467,4.24395116537181
Mediterranean,Mediterranean Garden Salad,Mediterranean,15.46,41.16,55.98,2022-10-16,16:52:19,0.3756073858114675,0.7352625937834941
Mediterranean,Mediterranean Spinach Pie,Mediterranean,62.45,53.28,75.4,2022-10-16,16:52:19,1.1721096096096097,0.7066312997347479
Mediterranean,Mediterranean Cauliflower Steaks,Mediterranean,41.47,81.91,45.07,2022-10-16,16:52:19,0.5062873885972409,1.8173951630796539
Mediterranean,Mediterranean Peasant Soup,Mediterranean,23.25,72.91,8.86,2022-10-16,16:52:19,0.31888629817583325,8.229119638826186
Mediterranean,Mediterranean veggie tart,Mediterranean,74.04,250.85,236.13,2022-10-16,16:52:19,0.2951564680087702,1.0623385423283784
Mediterranean,Mediterranean Mozza-Chicken,Mediterranean,163.5,37.93,100.69,2022-10-16,16:52:19,4.310572106511996,0.37670076472340847
Mediterranean,Mediterranean Roasted Cauliflower,Mediterranean,18.89,27.15,37.67,2022-10-16,16:52:19,0.6957642725598527,0.7207326785240243
Mediterranean,Mediterranean fish bake,Mediterranean,145.21,124.45,38.28,2022-10-16,16:52:19,1.1668139815186822,3.251044932079415
Mediterranean,Mediterranean Chicken Salad,Mediterranean,74.67,82.62,151.94,2022-10-16,16:52:19,0.9037763253449528,0.5437672765565356
Mediterranean,Mediterranean Broccoflower Salad,Mediterranean,17.62,88.33,32.77,2022-10-16,16:52:19,0.19947922563115592,2.6954531583765635
Mediterranean,Mediterranean Layer Dip,Mediterranean,63.35,234.24,79.27,2022-10-16,16:52:19,0.2704491120218579,2.9549640469282203
Mediterranean,Mediterranean Egg Salad,Mediterranean,67.0,39.79,50.55,2022-10-16,16:52:19,1.6838401608444333,0.787141444114738
Mediterranean,Mediterranean Marinated Chicken,Mediterranean,103.28,5.78,84.19,2022-10-16,16:52:19,17.868512110726645,0.06865423446965198
Mediterranean,Mediterranean Bean Salad,Mediterranean,56.25,178.12,54.63,2022-10-16,16:52:19,0.31579833819896697,3.2604795899688814
Mediterranean,Mediterranean Turkey Patties,American,100.48,6.75,91.45,2022-10-16,16:52:26,14.885925925925926,0.07381082558775287
Mediterranean,Chicken Mediterranean Pizza,Italian,189.16,525.3,209.89,2022-10-16,16:52:26,0.3600989910527318,2.5027395302301203
Mediterranean,Mediterranean Eggs Paleo,Mediterranean,12.24,9.38,23.7,2022-10-16,16:52:26,1.304904051172708,0.3957805907172996
Mediterranean,Chopped Mediterranean Salad,Mediterranean,52.33,138.3,45.16,2022-10-16,16:52:26,0.3783803326102675,3.0624446412754653
Mediterranean,mediterranean chickpea salad,Mediterranean,97.52,240.29,96.66,2022-10-16,16:52:26,0.4058429397810978,2.4859300641423547
Mediterranean,Mediterranean Chicken Bake,Mediterranean,114.37,43.53,71.47,2022-10-16,16:52:26,2.627383413737652,0.6090667412900518
Mediterranean,Mediterranean Quinoa Salad,Mediterranean,60.72,219.69,105.97,2022-10-16,16:52:26,0.27638945787245667,2.0731339058224028
Mediterranean,Mediterranean Tuna Casserole,Mediterranean,188.35,255.65,139.76,2022-10-16,16:52:26,0.7367494621552904,1.8292072123640528
Mediterranean,Mediterranean Salmon Burgers,Nordic,79.51,28.19,61.12,2022-10-16,16:52:26,2.82050372472508,0.4612238219895288
Mediterranean,Mediterranean Vegetable Gratin,French,40.47,72.77,65.54,2022-10-16,16:52:26,0.556135770234987,1.1103143118706131
Mediterranean,Chopped Mediterranean Salad,Mediterranean,5.61,27.4,28.19,2022-10-16,16:52:26,0.20474452554744527,0.9719758779709116
Mediterranean,Mediterranean Pita Triangles,Mediterranean,23.21,87.56,22.26,2022-10-16,16:52:26,0.2650753768844221,3.9335130278526504
Mediterranean,Mediterranean Quinoa Salad,Mediterranean,49.3,170.85,66.13,2022-10-16,16:52:26,0.2885572139303483,2.583547557840617
Mediterranean,Mediterranean Tuna Salad,Mediterranean,121.19,182.23,65.25,2022-10-16,16:52:26,0.6650386873730999,2.7927969348659003
Mediterranean,Mediterranean Couscous Salad,Mediterranean,73.14,123.49,68.58,2022-10-16,16:52:26,0.592274678111588,1.800670749489647
Mediterranean,Mediterranean Green Beans,Mediterranean,5.48,24.72,23.65,2022-10-16,16:52:26,0.22168284789644016,1.0452431289640591
Mediterranean,Mediterranean Asparagus Quiche,French,102.08,279.38,265.32,2022-10-16,16:52:26,0.365380485360441,1.0529926126941052
Mediterranean,Mediterranean Pork Medallions,Mediterranean,130.01,325.07,130.98,2022-10-16,16:52:26,0.3999446273110407,2.481829286914033
Mediterranean,Mediterranean Tuna Salad,Mediterranean,58.35,50.85,60.53,2022-10-16,16:52:26,1.1474926253687316,0.8400792995208988
Mediterranean,Mediterranean watermelon salsa,Mediterranean,22.44,74.32,37.82,2022-10-16,16:52:26,0.3019375672766416,1.9650978318350076
Mediterranean,Mediterranean Lentil Soup,Mediterranean,242.28,653.67,38.43,2022-10-16,16:52:32,0.37064573867547845,17.009367681498826
Mediterranean,Lamb Shanks Mediterranean,Mediterranean,353.38,106.35,293.06,2022-10-16,16:52:32,3.322802068641279,0.3628949703132464
Mediterranean,Mediterranean Pork Roulade,American,214.74,22.19,155.9,2022-10-16,16:52:32,9.677332131590807,0.1423348300192431
Mediterranean,Mediterranean Tuna Salad,Mediterranean,48.24,24.79,44.95,2022-10-16,16:52:32,1.945945945945946,0.5515016685205784
Mediterranean,Mediterranean Vegan Bowl,American,33.75,147.86,66.38,2022-10-16,16:52:32,0.22825645881239007,2.2274781560711063
Mediterranean,Mediterranean Quinoa Bowl,Mediterranean,105.76,301.74,69.35,2022-10-16,16:52:32,0.3505004308344933,4.35097332372026
Mediterranean,Mediterranean Breakfast Wrap,Mediterranean,18.12,34.75,12.27,2022-10-16,16:52:32,0.5214388489208633,2.8321108394458028
Mediterranean,Mediterranean Chicken Casserole,Mediterranean,103.02,75.06,46.85,2022-10-16,16:52:32,1.372501998401279,1.6021344717182497
Mediterranean,Mediterranean Lentil Salad,Mediterranean,20.6,51.31,7.77,2022-10-16,16:52:32,0.4014811927499513,6.603603603603604
Mediterranean,Mediterranean Tuna Salad,Mediterranean,109.33,95.02,78.61,2022-10-16,16:52:32,1.1505998737107979,1.208752067167027
Mediterranean,Mediterranean Seafood Salad,Mediterranean,122.99,103.28,369.35,2022-10-16,16:52:32,1.1908404337722696,0.2796263706511439
Mediterranean,Mediterranean Pasta Salad,Mediterranean,140.34,345.98,258.55,2022-10-16,16:52:32,0.4056303832591479,1.3381550957261652
Mediterranean,MEDITERRANEAN PASTA SALAD,Mediterranean,44.48,220.77,62.48,2022-10-16,16:52:32,0.20147664990714315,3.5334507042253525
Mediterranean,Grilled Mediterranean Chicken,Mediterranean,124.75,104.39,128.97,2022-10-16,16:52:32,1.1950378388734553,0.8094130417926649
Mediterranean,Mediterranean Pork Loin,Mediterranean,224.93,67.17,271.27,2022-10-16,16:52:32,3.3486675599225846,0.24761307921996537
Mediterranean,Mediterranean Orzo Salad,Mediterranean,74.84,383.19,138.89,2022-10-16,16:52:32,0.195307810746627,2.758945928432573
Mediterranean,Mediterranean Potato Salad,Mediterranean,26.28,132.87,72.74,2022-10-16,16:52:32,0.19778731090539625,1.8266428375034371
Mediterranean,Mediterranean Pasta Salad,Mediterranean,139.88,281.21,147.63,2022-10-16,16:52:32,0.4974218555527897,1.904829641671747
Mediterranean,Mediterranean Tuna Salad,Mediterranean,87.83,144.25,40.02,2022-10-16,16:52:32,0.6088734835355286,3.6044477761119436
Mediterranean,Mediterranean Vegetable Pizza,Italian,109.51,146.24,109.73,2022-10-16,16:52:32,0.7488375273522976,1.3327257814635924
Mediterranean,Mediterranean Deviled Eggs,Mediterranean,37.22,5.64,59.98,2022-10-16,16:52:39,6.599290780141844,0.09403134378126042
Mediterranean,Mediterranean Kale Salad,Mediterranean,65.73,50.0,89.07,2022-10-16,16:52:39,1.3146,0.5613562366677894
Mediterranean,Mediterranean-style prawns,Mediterranean,151.49,92.26,50.03,2022-10-16,16:52:39,1.641990028181227,1.8440935438736759
Mediterranean,Mediterranean Vegetable Broth,Mediterranean,0.44,3.1,1.16,2022-10-16,16:52:39,0.14193548387096774,2.6724137931034484
Mediterranean,Mediterranean Bean Salad,Mediterranean,59.4,175.16,88.37,2022-10-16,16:52:39,0.33911852021009364,1.982120629172796
Mediterranean,Mediterranean Cauliflower Couscous,Mediterranean,27.41,72.07,63.71,2022-10-16,16:52:39,0.38032468433467465,1.1312195887615757
Mediterranean,Mediterranean Pasta Salad,Mediterranean,152.48,343.16,257.39,2022-10-16,16:52:39,0.4443408322648327,1.333229729204709
Mediterranean,Mediterranean Chicken Alfredo,Mediterranean,217.5,192.13,79.72,2022-10-16,16:52:39,1.1320460105137147,2.4100602107375817
Mediterranean,Mediterranean-Style Onions,Mediterranean,9.76,135.61,28.19,2022-10-16,16:52:39,0.07197109357716981,4.810571124512238
Mediterranean,Mediterranean Style Couscous,Mediterranean,48.27,202.1,44.22,2022-10-16,16:52:39,0.2388421573478476,4.570330167345093
Mediterranean,Mediterranean Salmon recipes,Nordic,193.03,49.31,139.65,2022-10-16,16:52:39,3.914621780571892,0.3530970282849982
Mediterranean,Mediterranean Olive Spread,Mediterranean,15.33,15.12,92.69,2022-10-16,16:52:39,1.0138888888888888,0.16312439313841837
Mediterranean,Flounder Mediterranean recipes,Mediterranean,69.04,17.28,51.6,2022-10-16,16:52:39,3.9953703703703707,0.33488372093023255
Mediterranean,Mediterranean Quinoa Patties,Mediterranean,56.32,231.83,11.15,2022-10-16,16:52:39,0.2429366346029418,20.791928251121078
Mediterranean,Mediterranean Orzo Salad,Mediterranean,98.41,386.62,115.44,2022-10-16,16:52:39,0.25453934095494285,3.3490990990990994
Mediterranean,Grilled Mediterranean Chicken,Mediterranean,187.83,14.67,197.64,2022-10-16,16:52:39,12.803680981595093,0.07422586520947178
Mediterranean,Mediterranean Turkey Skillet,American,132.14,300.03,100.99,2022-10-16,16:52:39,0.44042262440422625,2.970888206753144
Mediterranean,Mediterranean Rice Salad,Mediterranean,19.36,189.03,56.95,2022-10-16,16:52:39,0.1024176056710575,3.319227392449517
Mediterranean,Half-Sours Pickles | Fermenting! recipes,American,4.03,21.76,0.84,2022-10-16,16:52:39,0.18520220588235295,25.90476190476191
Mediterranean,Mediterranean Grilled Vegetables,Mediterranean,12.77,39.65,29.21,2022-10-16,16:52:39,0.32206809583858764,1.3574118452584731
Mediterranean,Mediterranean Bean Patties,Mediterranean,27.53,257.47,9.55,2022-10-16,16:52:46,0.10692507864993979,26.96020942408377
Mediterranean,Mediterranean Calamari Stew,Mediterranean,86.38,95.3,40.58,2022-10-16,16:52:46,0.9064008394543547,2.3484475110892067
Mediterranean,PHILADELPHIA Mediterranean Dip,American,19.36,34.69,100.56,2022-10-16,16:52:46,0.558085903718651,0.3449681782020684
Mediterranean,Mediterranean Stuffed Mushrooms,Mediterranean,40.79,48.42,81.02,2022-10-16,16:52:46,0.8424204874019,0.5976302147617872
Mediterranean,Mediterranean Quinoa Salad,Mediterranean,35.48,181.53,21.6,2022-10-16,16:52:46,0.19544978791384343,8.404166666666667
Mediterranean,Mediterranean Salad recipes,Mediterranean,32.33,89.86,44.19,2022-10-16,16:52:46,0.35978188292900065,2.033491740212718
Mediterranean,Mediterranean Layered Dip,Mediterranean,150.88,434.7,133.59,2022-10-16,16:52:46,0.3470899470899471,3.2539860768021556
Mediterranean,Healthy Mediterranean Cooking,Mediterranean,84.44,215.58,96.75,2022-10-16,16:52:46,0.39168754058818067,2.228217054263566
Mediterranean,Mediterranean Chickpea Guacamole,Mediterranean,71.54,236.41,77.58,2022-10-16,16:52:46,0.3026098726788207,3.0473060067027586
Mediterranean,Mediterranean lamb pizza,Italian,141.2,146.67,184.09,2022-10-16,16:52:46,0.9627053930592486,0.7967298603943722
Mediterranean,Mediterranean Pasta Salad,Mediterranean,32.05,147.24,37.25,2022-10-16,16:52:46,0.2176718283075251,3.952751677852349
Mediterranean,Speedy Mediterranean Chicken,Mediterranean,138.74,133.68,129.21,2022-10-16,16:52:46,1.0378515858767206,1.0345948456001857
Mediterranean,Mediterranean Pita Pizzas,Italian,42.1,172.33,30.48,2022-10-16,16:52:46,0.24429872918238263,5.653871391076116
Mediterranean,Mediterranean Tuna Wrap,Mediterranean,44.45,28.54,32.95,2022-10-16,16:52:46,1.5574632095304837,0.8661608497723823
Mediterranean,Mediterranean Quinoa Salad,Mediterranean,36.01,136.89,28.95,2022-10-16,16:52:46,0.2630579297245964,4.728497409326424
Mediterranean,Mediterranean Orzo Salad,Mediterranean,96.09,186.19,158.95,2022-10-16,16:52:46,0.5160857188893067,1.1713746461151306
Mediterranean,Mediterranean Pasta Salad,Mediterranean,59.07,354.42,83.53,2022-10-16,16:52:46,0.16666666666666666,4.243026457560158
Mediterranean,Mediterranean Bean Salad,Mediterranean,135.61,452.17,22.44,2022-10-16,16:52:46,0.29990932613839927,20.150178253119428
Mediterranean,Mediterranean Chicken Salad,Mediterranean,164.19,40.57,135.96,2022-10-16,16:52:52,4.0470791225043135,0.29839658723153867
Mediterranean,Mediterranean Bulgur Salad,Mediterranean,48.49,210.31,40.92,2022-10-16,16:52:52,0.23056440492606153,5.139540566959922
Mediterranean,Mediterranean pasta salad,Mediterranean,71.99,324.78,195.05,2022-10-16,16:52:52,0.22165773754541537,1.6651115098692642
Mediterranean,Mediterranean Socca Pizza,Italian,37.44,93.87,54.63,2022-10-16,16:52:52,0.398849472674976,1.7182866556836902
Mediterranean,Organic Grilled Portabella Mushroom Burger With Roasted Red Peppers And Goat Cheese Recipe,American,43.98,84.11,53.6,2022-10-16,16:52:52,0.522886695993342,1.5692164179104477
Mediterranean,Mediterranean Pork Roast,Mediterranean,223.24,108.67,214.68,2022-10-16,16:52:52,2.0542928131038924,0.5061952673746972
Mediterranean,Mediterranean Quinoa Salad,Mediterranean,35.5,137.02,52.39,2022-10-16,16:52:52,0.2590862647788644,2.6153846153846154
Mediterranean,Mediterranean Chicken & Rice,Mediterranean,264.03,116.86,112.5,2022-10-16,16:52:52,2.259370186548006,1.0387555555555557
Mediterranean,Mediterranean Shrimp Wraps,Mediterranean,88.45,159.05,41.17,2022-10-16,16:52:52,0.5561144294247092,3.863249939276172
Mediterranean,Mediterranean Chicken Drumsticks,Mediterranean,98.55,20.63,103.39,2022-10-16,16:52:52,4.777023751817741,0.1995357384660025
Mediterranean,Mediterranean Tuna Casserole,Mediterranean,365.34,489.82,232.64,2022-10-16,16:52:52,0.7458658282634437,2.1054848693259975
Mediterranean,Mediterranean Chickpea Wrap,Mediterranean,13.99,106.7,31.26,2022-10-16,16:52:52,0.13111527647610122,3.4133077415227127
Mediterranean,Mediterranean Chicken Stew,Mediterranean,119.84,91.82,172.78,2022-10-16,16:52:52,1.305162274014376,0.5314272485241347
Mediterranean,Mediterranean Crunch Salad,Mediterranean,27.22,97.18,9.99,2022-10-16,16:52:52,0.2800987857583865,9.727727727727729
Mediterranean,Mediterranean Grilled Artichokes,Mediterranean,24.84,52.46,198.55,2022-10-16,16:52:52,0.4735036218070911,0.2642155628305213
Mediterranean,Roasted Mediterranean Cauliflower,Mediterranean,36.65,119.52,90.97,2022-10-16,16:52:52,0.3066432396251673,1.3138397273826536
Mediterranean,Mediterranean Stuffed Peppers,Mediterranean,97.35,155.86,52.33,2022-10-16,16:52:52,0.6245989991017579,2.978406267915154
Mediterranean,Mediterranean Chicken Salad,Mediterranean,61.22,207.0,133.96,2022-10-16,16:52:52,0.2957487922705314,1.545237384293819
Mediterranean,Mediterranean Shrimp recipes,Mediterranean,97.71,29.56,33.95,2022-10-16,16:52:52,3.305480378890392,0.8706921944035345
Mediterranean,Mediterranean Grilled Veggies,Mediterranean,27.55,151.75,75.31,2022-10-16,16:52:52,0.1815485996705107,2.015004647457177
Mediterranean,Penne Rigate with Mixed Greens and Pine Nuts,Italian,98.21,362.25,126.16,2022-10-16,16:52:59,0.2711111111111111,2.8713538363982245
Mediterranean,Mediterranean Pita Pizzas,Italian,396.48,370.46,589.02,2022-10-16,16:52:59,1.07023700264536,0.6289429900512716
Mediterranean,Mediterranean Chicken Bake,Mediterranean,83.63,96.73,105.44,2022-10-16,16:52:59,0.864571487646025,0.9173937784522004
Mediterranean,Mediterranean Chickpea Salad,Mediterranean,118.0,302.32,68.15,2022-10-16,16:52:59,0.3903148981211961,4.436096845194424
Mediterranean,Mediterranean Chicken Stacks,Mediterranean,154.81,64.44,131.11,2022-10-16,16:52:59,2.4023898199875853,0.49149569064144605
Mediterranean,Mediterranean baguette pizza,Italian,90.49,185.8,124.37,2022-10-16,16:52:59,0.48702906350914954,1.4939294041971536
Mediterranean,Mediterranean inspired Shrimp,Mediterranean,55.43,15.4,115.03,2022-10-16,16:52:59,3.599350649350649,0.13387811875163
Mediterranean,Mediterranean Chicken Recipe,Mediterranean,284.78,69.32,97.59,2022-10-16,16:52:59,4.108193883439123,0.7103186801926425
Mediterranean,Skillet Mediterranean Chicken,Mediterranean,139.66,40.31,79.24,2022-10-16,16:52:59,3.4646489704787893,0.5087077233720344
Mediterranean,Mediterranean Melt recipes,Mediterranean,100.94,320.71,125.91,2022-10-16,16:52:59,0.31473917246110195,2.547136843777301
Mediterranean,Mediterranean Veggie Sandwich,Mediterranean,12.89,46.06,8.4,2022-10-16,16:52:59,0.2798523664785063,5.483333333333333
Mediterranean,Mediterranean-style sandwiches,Mediterranean,68.58,128.32,100.43,2022-10-16,16:52:59,0.5344451371571073,1.2777058647814397
Mediterranean,Mediterranean Couscous Salad,Mediterranean,50.44,159.69,71.5,2022-10-16,16:52:59,0.3158619825912706,2.2334265734265735
Mediterranean,Mediterranean Potato Salad,Mediterranean,40.83,286.82,125.46,2022-10-16,16:52:59,0.14235408967296562,2.28614697911685
Mediterranean,Mediterranean Chicken recipes,Mediterranean,251.35,38.08,124.93,2022-10-16,16:52:59,6.600577731092437,0.3048106939886336
Mediterranean,Poached Mediterranean Salmon,Nordic,141.28,12.85,92.73,2022-10-16,16:52:59,10.99455252918288,0.13857435565620618
Mediterranean,Brownies Mediterranean Fish,French,87.39,44.94,36.23,2022-10-16,16:52:59,1.944592790387183,1.2404085012420647
Mediterranean,Mediterranean Spaghetti Squash,Mediterranean,17.52,57.97,53.3,2022-10-16,16:52:59,0.3022252889425565,1.0876172607879926
Mediterranean,Mediterranean Fish Stew,Mediterranean,79.89,78.38,9.03,2022-10-16,16:52:59,1.0192651186527175,8.679955703211517
Mediterranean,Mediterranean Pasta Salad,Mediterranean,89.25,383.59,155.75,2022-10-16,16:52:59,0.2326702990171798,2.4628571428571426
Mediterranean,Mediterranean Feta Dip,Mediterranean,29.4,57.93,33.6,2022-10-16,16:53:06,0.5075090626618333,1.7241071428571428
Mediterranean,Mediterranean chopped salad,Mediterranean,29.81,83.7,54.1,2022-10-16,16:53:06,0.35615292712066904,1.5471349353049908
Mediterranean,Mediterranean Quinoa Salad,Mediterranean,136.69,462.72,44.88,2022-10-16,16:53:06,0.295405428769018,10.310160427807487
Mediterranean,Mediterranean Bulgur Salad,Mediterranean,36.0,172.28,16.76,2022-10-16,16:53:06,0.20896215463199444,10.279236276849641
Mediterranean,Quick Mediterranean Chicken,Mediterranean,126.34,39.98,77.67,2022-10-16,16:53:06,3.16008004002001,0.5147418565726792
Mediterranean,MEDITERRANEAN SUMMER PASTA,Mediterranean,24.86,143.12,30.54,2022-10-16,16:53:06,0.17370039128004472,4.686313032089064
Mediterranean,Mediterranean Seafood Pasta,Mediterranean,163.61,444.26,73.31,2022-10-16,16:53:06,0.3682753342637195,6.060019096985404
Mediterranean,Mediterranean Chicken Kabobs,Mediterranean,158.27,40.29,100.87,2022-10-16,16:53:06,3.928270042194093,0.39942500247843754
Mediterranean,Mediterranean Quinoa Salad,Mediterranean,55.08,154.39,92.82,2022-10-16,16:53:06,0.3567588574389533,1.6633268692092222
Mediterranean,Mediterranean Roast Peppers,Mediterranean,24.63,55.06,64.83,2022-10-16,16:53:06,0.44733018525245183,0.8492981644300479
Mediterranean,Mediterranean baked sausages,Mediterranean,135.14,57.15,208.01,2022-10-16,16:53:06,2.364654418197725,0.27474640642276815
Mediterranean,Mediterranean Lemon Chicken,Mediterranean,112.07,36.37,43.39,2022-10-16,16:53:06,3.081385757492439,0.8382115694860566
Mediterranean,Veggie Frittata Breakfast Sandwiches,Italian,140.19,229.04,88.4,2022-10-16,16:53:06,0.6120764931889626,2.5909502262443436
Mediterranean,Greek Pasta Salad recipes,Mediterranean,85.26,372.58,115.38,2022-10-16,16:53:06,0.22883675989049335,3.2291558328999828
Mediterranean,Mediterranean Flatbread recipes,Mediterranean,19.89,74.99,37.22,2022-10-16,16:53:06,0.2652353647152954,2.0147770016120363
Mediterranean,Mediterranean Vegetable Salad,Mediterranean,56.26,84.68,85.02,2022-10-16,16:53:06,0.6643835616438355,0.9960009409550695
Mediterranean,Pumpkin Amaretti Mousse,French,18.66,147.52,107.98,2022-10-16,16:53:06,0.12649132321041215,1.3661789220225968
Mediterranean,Mediterranean Quinoa Salad,Mediterranean,38.62,136.32,88.22,2022-10-16,16:53:06,0.2833039906103286,1.5452278394921786
Mediterranean,Mediterranean Quinoa recipes,Mediterranean,40.07,137.12,41.06,2022-10-16,16:53:06,0.2922257876312719,3.3395031660983925
Mediterranean,Mediterranean lamb pizza,Italian,73.29,151.48,57.0,2022-10-16,16:53:06,0.48382624768946403,2.6575438596491225
Mediterranean,Mediterranean Skillet Chicken,Mediterranean,155.19,27.48,86.89,2022-10-16,16:53:12,5.647379912663755,0.3162619403843941
Mediterranean,Crockpot Mediterranean Chicken,Mediterranean,230.09,69.01,80.62,2022-10-16,16:53:12,3.3341544703666135,0.8559910692135947
Mediterranean,Mediterranean Chicken Breasts,Mediterranean,238.41,392.19,34.03,2022-10-16,16:53:12,0.6078941329457661,11.524831031442844
Mediterranean,Mediterranean Stuffed Mushrooms,Mediterranean,20.55,19.6,27.96,2022-10-16,16:53:12,1.048469387755102,0.7010014306151645
Mediterranean,Mediterranean Spaghetti Squash,Mediterranean,30.0,119.71,66.82,2022-10-16,16:53:12,0.25060563027316013,1.7915294821909609
Mediterranean,Baked Mediterranean Tilapia,Mediterranean,110.34,127.93,68.38,2022-10-16,16:53:12,0.8625029312905494,1.8708686750511847
Mediterranean,The Mediterranean Pasta Salad,Mediterranean,56.57,239.05,89.2,2022-10-16,16:53:12,0.23664505333612215,2.679932735426009
Mediterranean,Mediterranean Couscous Salad,Mediterranean,24.33,84.56,35.1,2022-10-16,16:53:12,0.287724692526017,2.409116809116809
Mediterranean,Mediterranean Baked Fish,Mediterranean,92.45,53.77,27.72,2022-10-16,16:53:12,1.7193602380509578,1.93975468975469
Mediterranean,Beefy Mediterranean Soup,American,99.92,40.15,108.74,2022-10-16,16:53:12,2.488667496886675,0.3692293544233953
Mediterranean,Mediterranean Veggie Saute,Mediterranean,7.15,32.31,10.82,2022-10-16,16:53:12,0.22129371711544413,2.9861367837338264
Mediterranean,Mediterranean Salad recipes,Mediterranean,10.34,36.17,28.73,2022-10-16,16:53:12,0.28587226983688135,1.2589627567003132
Mediterranean,Mediterranean Roast Peppers,Mediterranean,24.63,55.06,64.83,2022-10-16,16:53:12,0.44733018525245183,0.8492981644300479
Mediterranean,Mediterranean Chicken Recipe,Mediterranean,107.59,183.51,20.94,2022-10-16,16:53:12,0.5862895754999728,8.763610315186245
Mediterranean,Mediterranean mince tarts,American,71.68,93.69,116.02,2022-10-16,16:53:12,0.7650763155085922,0.8075331839338046
Mediterranean,Mediterranean Cheese Strata,Mediterranean,97.62,128.44,84.26,2022-10-16,16:53:12,0.7600436001245718,1.5243294564443388
Mediterranean,Mediterranean-Style Mushrooms,Mediterranean,9.3,18.75,28.35,2022-10-16,16:53:12,0.49600000000000005,0.6613756613756614
Mediterranean,Mediterranean baked fish,Mediterranean,249.18,47.03,49.35,2022-10-16,16:53:12,5.298320221135445,0.9529888551165147
Mediterranean,Mediterranean Spring Salad,Mediterranean,39.45,79.5,29.97,2022-10-16,16:53:12,0.4962264150943397,2.6526526526526526
Mediterranean,Mediterranean Herbed Rice,Mediterranean,22.45,167.61,16.09,2022-10-16,16:53:12,0.1339418889087763,10.41702921068987
Mediterranean,Mediterranean Skillet Chicken,Mediterranean,155.19,27.48,86.89,2022-10-16,16:53:19,5.647379912663755,0.3162619403843941
Mediterranean,Crockpot Mediterranean Chicken,Mediterranean,230.09,69.01,80.62,2022-10-16,16:53:19,3.3341544703666135,0.8559910692135947
Mediterranean,Mediterranean Chicken Breasts,Mediterranean,238.41,392.19,34.03,2022-10-16,16:53:19,0.6078941329457661,11.524831031442844
Mediterranean,Mediterranean Stuffed Mushrooms,Mediterranean,20.55,19.6,27.96,2022-10-16,16:53:19,1.048469387755102,0.7010014306151645
Mediterranean,Mediterranean Spaghetti Squash,Mediterranean,30.0,119.71,66.82,2022-10-16,16:53:19,0.25060563027316013,1.7915294821909609
Mediterranean,Baked Mediterranean Tilapia,Mediterranean,110.34,127.93,68.38,2022-10-16,16:53:19,0.8625029312905494,1.8708686750511847
Mediterranean,The Mediterranean Pasta Salad,Mediterranean,56.57,239.05,89.2,2022-10-16,16:53:19,0.23664505333612215,2.679932735426009
Mediterranean,Mediterranean Couscous Salad,Mediterranean,24.33,84.56,35.1,2022-10-16,16:53:19,0.287724692526017,2.409116809116809
Mediterranean,Mediterranean Baked Fish,Mediterranean,92.45,53.77,27.72,2022-10-16,16:53:19,1.7193602380509578,1.93975468975469
Mediterranean,Beefy Mediterranean Soup,American,99.92,40.15,108.74,2022-10-16,16:53:19,2.488667496886675,0.3692293544233953
Mediterranean,Mediterranean Veggie Saute,Mediterranean,7.15,32.31,10.82,2022-10-16,16:53:19,0.22129371711544413,2.9861367837338264
Mediterranean,Mediterranean Salad recipes,Mediterranean,10.34,36.17,28.73,2022-10-16,16:53:19,0.28587226983688135,1.2589627567003132
Mediterranean,Mediterranean Roast Peppers,Mediterranean,24.63,55.06,64.83,2022-10-16,16:53:19,0.44733018525245183,0.8492981644300479
Mediterranean,Mediterranean Chicken Recipe,Mediterranean,107.59,183.51,20.94,2022-10-16,16:53:19,0.5862895754999728,8.763610315186245
Mediterranean,Mediterranean mince tarts,American,71.68,93.69,116.02,2022-10-16,16:53:19,0.7650763155085922,0.8075331839338046
Mediterranean,Mediterranean Cheese Strata,Mediterranean,97.62,128.44,84.26,2022-10-16,16:53:19,0.7600436001245718,1.5243294564443388
Mediterranean,Mediterranean-Style Mushrooms,Mediterranean,9.3,18.75,28.35,2022-10-16,16:53:19,0.49600000000000005,0.6613756613756614
Mediterranean,Mediterranean baked fish,Mediterranean,249.18,47.03,49.35,2022-10-16,16:53:19,5.298320221135445,0.9529888551165147
Mediterranean,Mediterranean Spring Salad,Mediterranean,39.45,79.5,29.97,2022-10-16,16:53:19,0.4962264150943397,2.6526526526526526
Mediterranean,Mediterranean Herbed Rice,Mediterranean,22.45,167.61,16.09,2022-10-16,16:53:19,0.1339418889087763,10.41702921068987
Dash,100-Mile Dash,American,1.9,236.76,1.02,2022-10-16,20:29:20,0.008025004223686433,232.1176470588235
Dash,Goulash In A Dash,French,137.31,120.32,35.92,2022-10-16,20:29:20,1.1412067819148937,3.349665924276169
Dash,Garlicky Wilted Kale (with a dash of Nutmeg),American,29.41,75.78,47.8,2022-10-16,20:29:20,0.3880971232515176,1.5853556485355649
Dash,Modern Cocktail No. 2 Recipe,World,0.06,18.81,0.17,2022-10-16,20:29:20,0.003189792663476874,110.64705882352939
Dash,Three Dots And A Dash,American,0.51,139.67,0.0,2022-10-16,20:29:20,0.0036514641655330427,inf
Dash,Brooklyn Cocktail recipes,World,0.02,1.06,0.0,2022-10-16,20:29:20,0.018867924528301886,inf
Dash,Pegu,World,0.12,10.92,0.1,2022-10-16,20:29:20,0.010989010989010988,109.19999999999999
Dash,Aztec Chocolate Bark,American,34.28,227.68,134.18,2022-10-16,20:29:20,0.1505621925509487,1.6968251602325235
Dash,Celery Cider,Mediterranean,0.07,7.07,0.08,2022-10-16,20:29:20,0.009900990099009901,88.375
Dash,Spaghetti Squash with Maple Syrup and Shallots recipes,American,8.54,128.66,39.43,2022-10-16,20:29:20,0.06637649619151251,3.2629977174740046
Dash,Emeril's Sazerac,World,0.09,5.2,0.02,2022-10-16,20:29:20,0.017307692307692305,260.0
Dash,Al's Bloody Best,World,1.0,4.81,0.35,2022-10-16,20:29:20,0.2079002079002079,13.742857142857142
Dash,My Favorite Bloody Mary,World,0.81,4.85,0.26,2022-10-16,20:29:20,0.16701030927835053,18.653846153846153
Dash,The Fourth Regiment Cocktail recipes,World,0.11,1.76,0.02,2022-10-16,20:29:20,0.0625,88.0
Dash,Vieux Carré Recipe,World,0.02,1.53,0.01,2022-10-16,20:29:20,0.013071895424836602,153.0
Dash,The Berkeley Free Speech Cocktail,World,0.08,11.69,0.04,2022-10-16,20:29:20,0.006843455945252353,292.25
Dash,Sazerac,World,0.0,4.87,0.0,2022-10-16,20:29:20,0.0,inf
Dash,H-O-T Hot Boneless Buffalo Wings,American,274.74,32.48,228.5,2022-10-16,20:29:20,8.458743842364534,0.14214442013129103
Dash,Garbo Gargle Cocktail recipes,World,0.06,6.05,0.02,2022-10-16,20:29:27,0.009917355371900827,302.5
Dash,Pinnacleandreg; Sunday Funday,World,4.34,19.35,0.99,2022-10-16,20:29:27,0.2242894056847545,19.545454545454547
Dash,The Red Snapper from the King Cole Bar recipes,World,0.56,2.84,0.25,2022-10-16,20:29:27,0.1971830985915493,11.36
Dash,3 Delicious Ways To Roast Your Cauliflower recipes,American,2.85,15.5,1.13,2022-10-16,20:29:27,0.18387096774193548,13.716814159292037
Dash,Lemon-Basil Risotto with Tomato Topping,Italian,2.28,11.32,7.3,2022-10-16,20:29:27,0.20141342756183744,1.5506849315068494
Dash,Green Beans with Shallots,British,22.61,103.61,15.74,2022-10-16,20:29:27,0.21822217932631985,6.582592121982211
Dash,The Cool Cucumber,World,0.41,4.71,0.09,2022-10-16,20:29:27,0.0870488322717622,52.333333333333336
Dash,Asparagus with Warm Vinaigrette,French,10.38,31.92,0.63,2022-10-16,20:29:27,0.325187969924812,50.66666666666667
Dash,Agave Lime Chicken recipes,American,150.85,124.57,144.13,2022-10-16,20:29:27,1.210965722083969,0.8642891833761187
Dash,The Ginger Side,World,0.03,5.49,0.0,2022-10-16,20:29:27,0.00546448087431694,inf
Dash,Cuba Libre,World,0.18,9.9,0.05,2022-10-16,20:29:27,0.01818181818181818,198.0
Dash,Spiced Old Fashioned,American,0.25,9.07,0.15,2022-10-16,20:29:27,0.027563395810363836,60.46666666666667
Dash,Agave Lime Chicken,American,228.97,115.98,222.1,2022-10-16,20:29:27,1.9742196930505258,0.5221972084646556
Dash,Love In Jalisco,World,0.05,5.45,0.05,2022-10-16,20:29:27,0.009174311926605505,109.0
Dash,Biriyani,Indian,284.38,496.15,245.96,2022-10-16,20:29:27,0.573173435452988,2.0171979183607087
Dash,Pomegranate Chicken with Preserved Lemon and Almond Rice Pilaf Recipe,Mediterranean,280.03,290.25,277.65,2022-10-16,20:29:27,0.964788975021533,1.0453808752025933
Dash,Pecan Butter,American,18.36,47.61,162.93,2022-10-16,20:29:27,0.3856332703213611,0.2922113791198674
Dash,La Paloma,World,0.23,3.59,0.07,2022-10-16,20:29:27,0.06406685236768803,51.28571428571428
Dash,Bonus Recipe: Do the Cabbage Pack!,American,10.9,35.69,34.85,2022-10-16,20:29:33,0.30540767722051,1.0241032998565278
Dash,Michelada,World,2.12,19.87,0.14,2022-10-16,20:29:33,0.10669350780070458,141.92857142857142
Dash,I Love Ny Veggie Pizza,Italian,51.86,169.4,30.88,2022-10-16,20:29:33,0.3061393152302243,5.4857512953367875
Dash,The Ginger Side,World,0.03,5.49,0.0,2022-10-16,20:29:33,0.00546448087431694,inf
Dash,Baked Cheese Spread,American,66.25,36.82,440.83,2022-10-16,20:29:33,1.7992938620315047,0.08352426105301364
Dash,Healthy Whiskey & Ginger,World,0.11,6.38,0.04,2022-10-16,20:29:33,0.017241379310344827,159.5
Dash,Maple-Gingerbread Pots de Crème,American,34.51,152.25,85.14,2022-10-16,20:29:33,0.22666666666666666,1.788231148696265
Dash,Bloody Mary,World,1.08,5.44,0.36,2022-10-16,20:29:33,0.19852941176470587,15.111111111111112
Dash,Easy Pot Roast,Nordic,492.51,78.8,153.25,2022-10-16,20:29:33,6.2501269035533,0.5141924959216966
Dash,"Garganelli Pasta with Scallops, Tomatoes and Green Beans",Italian,65.15,303.67,36.05,2022-10-16,20:29:33,0.21454210162347287,8.42357836338419
Dash,Bourbon Old Fashioned Recipe,British,0.0,10.42,0.0,2022-10-16,20:29:33,0.0,inf
Dash,Jalapeño-Spiked Cherry Preserves,American,7.28,593.23,2.23,2022-10-16,20:29:33,0.012271800144969067,266.0224215246637
Dash,"Potato, Leek and Parmesan Cheese Dumplings",Chinese,219.19,653.27,99.29,2022-10-16,20:29:33,0.3355274235767753,6.579413838251586
Dash,Old-Fashioned Cornbread Stuffing,American,62.04,264.05,147.9,2022-10-16,20:29:33,0.23495550085211134,1.7853279242731575
Dash,Mezcal Paloma,World,0.06,1.25,0.01,2022-10-16,20:29:33,0.048,125.0
Dash,Avocado-Sprout Toast,American,5.54,17.37,9.62,2022-10-16,20:29:33,0.31894070236039146,1.805613305613306
Dash,Pepperoni Pizza Wrap,Italian,50.91,31.1,84.27,2022-10-16,20:29:33,1.6369774919614146,0.3690518571259049
Dash,"Peaches With Creme Fraiche, Brown Sugar, Cinnamon And Nutmeg",French,1.51,19.1,3.2,2022-10-16,20:29:33,0.07905759162303665,5.96875
Dash,Men Are From Mars,World,0.27,10.65,0.1,2022-10-16,20:29:40,0.02535211267605634,106.5
Dash,Crunchy Baked Fish,American,131.61,14.66,21.66,2022-10-16,20:29:40,8.9774897680764,0.6768236380424746
Dash,Simple Savory Scallops,American,3.03,0.92,0.14,2022-10-16,20:29:40,3.293478260869565,6.571428571428571
Dash,Karthago Cocktail,World,0.46,4.56,0.15,2022-10-16,20:29:40,0.10087719298245615,30.4
Dash,Pink Pasta,Italian,72.88,388.59,124.26,2022-10-16,20:29:40,0.1875498597493502,3.1272332206663442
Dash,Candy Corn Milkshake,American,20.41,105.95,44.92,2022-10-16,20:29:40,0.19263803680981595,2.3586375779162956
Dash,Coconut Black Beans,South East Asian,60.77,177.7,92.44,2022-10-16,20:29:40,0.3419808666291503,1.9223279965382951
Dash,Pasta with tuna and roasted asparagus,Italian,57.42,217.37,45.53,2022-10-16,20:29:40,0.26415788747297236,4.774214803426312
Dash,Spiked Eggnog,British,5.47,27.03,4.28,2022-10-16,20:29:40,0.20236773954864964,6.315420560747664
Dash,Sweet Potato Hash,South American,36.91,132.92,48.02,2022-10-16,20:29:40,0.27768582606078845,2.7680133277800913
Dash,Ketel One Vodka Dutch Chocolate,Eastern Europe,28.26,83.18,27.33,2022-10-16,20:29:40,0.33974513104111564,3.0435418953530924
Dash,Mezcal Michelada,World,0.38,15.01,0.03,2022-10-16,20:29:40,0.02531645569620253,500.33333333333337
Dash,Screwdriver Recipe,World,0.0,0.07,0.0,2022-10-16,20:29:40,0.0,inf
Dash,Stuffed Shells with Creamy Tomato Parmesan Sauce,Italian,315.57,424.32,326.86,2022-10-16,20:29:40,0.7437075791855203,1.298170470537845
Dash,Very Merry Bourbon Alexander,American,9.27,18.46,7.19,2022-10-16,20:29:40,0.5021668472372697,2.567454798331015
Dash,Milk and Honey Recipe,American,7.18,16.97,7.37,2022-10-16,20:29:40,0.4230995875073659,2.3025780189959293
Dash,Carrot Gnocchi with Chard two ways,Italian,64.63,207.5,139.97,2022-10-16,20:29:40,0.31146987951807226,1.4824605272558407
Dash,Oven-Dried Kale,Mediterranean,8.76,18.4,15.38,2022-10-16,20:29:40,0.47608695652173916,1.1963589076723016
Dash,kale and cheese calzone,Italian,24.56,37.88,24.28,2022-10-16,20:29:40,0.6483632523759238,1.5601317957166392
Dash,Chocolate Hummus with Candied Bacon,Mediterranean,91.45,177.59,193.53,2022-10-16,20:29:47,0.5149501661129569,0.9176355087066604
Dash,All-Purpose Citrus Dressing,Mediterranean,0.64,3.77,27.41,2022-10-16,20:29:47,0.16976127320954906,0.1375410434148121
Dash,Honey Walnut Crusted Salmon,Nordic,151.1,80.12,151.21,2022-10-16,20:29:47,1.885921118322516,0.5298591363005092
Dash,Sriracha Bloody Mary Recipe,World,1.06,5.58,0.39,2022-10-16,20:29:47,0.1899641577060932,14.307692307692307
Dash,Raw Shiitake Kale Salad recipes,Mediterranean,10.38,22.63,38.08,2022-10-16,20:29:47,0.4586831639416704,0.5942752100840336
Dash,Cod with Rosemary Polenta and Beans,Italian,23.91,41.84,11.13,2022-10-16,20:29:47,0.5714627151051624,3.7592093441150047
Dash,Pineapple Mango Salsa recipes,Mexican,9.22,183.91,2.68,2022-10-16,20:29:47,0.05013321733456583,68.6231343283582
Dash,Burrata Pizza,Italian,72.76,130.13,59.23,2022-10-16,20:29:47,0.55913317451779,2.1970285328380887
Dash,"Sweet, Spicy, Easy Green Beans",Mexican,29.4,14.45,21.51,2022-10-16,20:29:47,2.0346020761245676,0.6717805671780567
Dash,Scones with Currants,British,18.2,137.06,25.92,2022-10-16,20:29:47,0.13278855975485188,5.2878086419753085
Dash,Double Avocado Cobb Salad,American,71.44,82.8,276.64,2022-10-16,20:29:47,0.8628019323671497,0.29930595720069403
Dash,The Ultimate Ketel One Bloody Mary,World,1.35,9.04,0.41,2022-10-16,20:29:47,0.14933628318584072,22.048780487804876
Dash,Carrots and Blue Cheese,American,12.18,38.19,38.32,2022-10-16,20:29:47,0.3189316575019639,0.99660751565762
Dash,Raita (Indian Yogurt and Cucumber Condiment),Indian,19.64,41.6,16.6,2022-10-16,20:29:47,0.4721153846153846,2.5060240963855422
Dash,Roast Chicken,American,399.78,44.14,355.83,2022-10-16,20:29:47,9.057091073855911,0.12404800044965293
Dash,Chicken with Mango Salsa,Mexican,250.16,65.49,52.86,2022-10-16,20:29:47,3.81981981981982,1.238933030646992
Dash,Dinner Tonight: Jacques Pépin's Spicy Ginger and Lemon Chicken Recipe,French,116.46,43.58,121.62,2022-10-16,20:29:47,2.672326755392382,0.35832922216740665
Dash,Carrot-Thyme Soup with Cream,American,12.39,212.88,46.59,2022-10-16,20:29:53,0.05820180383314544,4.5692208628461035
Dash,Crab Cakes With Green Onion And Mustard,French,49.36,17.16,7.27,2022-10-16,20:29:53,2.8764568764568765,2.360385144429161
Dash,Sweet Potato & Broccoli Shepard's Pie,American,94.3,87.07,111.87,2022-10-16,20:29:53,1.0830366371884692,0.7783141145973004
Dash,Macaroni and Cheese,Italian,223.44,468.96,277.66,2022-10-16,20:29:53,0.4764585465711361,1.6889721241806523
Dash,Roasted Pencil-thin Asparagus,American,5.82,4.76,9.29,2022-10-16,20:29:53,1.2226890756302522,0.51237890204521
Dash,Sweet Potato Julius,Italian,5.14,63.09,2.9,2022-10-16,20:29:53,0.0814709145664923,21.755172413793105
Dash,The Rolls-Royce,World,0.21,3.35,0.03,2022-10-16,20:29:53,0.0626865671641791,111.66666666666667
Dash,151 Swizzle,World,0.14,31.75,0.03,2022-10-16,20:29:53,0.004409448818897638,1058.3333333333335
Dash,Three Cheese Hot Artichoke Dip,Mediterranean,78.45,59.07,300.49,2022-10-16,20:29:53,1.3280853224987303,0.19657892109554395
Dash,Pork Medallions with Cranberry-Onion Relish,American,75.19,59.98,45.96,2022-10-16,20:29:53,1.2535845281760587,1.305047867711053
Dash,The Manchester,World,0.0,10.42,0.0,2022-10-16,20:29:53,0.0,inf
Dash,Aperol Spritz Cocktail,World,0.29,6.1,0.02,2022-10-16,20:29:53,0.047540983606557376,305.0
Dash,Fiesta Chicken Drummettes,Italian,80.04,3.94,60.14,2022-10-16,20:29:53,20.314720812182742,0.06551380113069505
Dash,Scallops Ceviche And Kumquats,South American,33.27,40.05,16.09,2022-10-16,20:29:53,0.8307116104868916,2.4891236793039155
Dash,Emerald Cocktail,World,0.02,0.83,0.0,2022-10-16,20:29:53,0.024096385542168676,inf
Dash,Oven-Roasted Rosemary Potatoes,Mediterranean,17.94,161.41,14.76,2022-10-16,20:29:53,0.1111455300167276,10.935636856368564
Dash,Swiss Chard au Gratin,French,106.11,150.75,398.24,2022-10-16,20:29:53,0.7038805970149253,0.37854057854560064
Dash,Savory Zucchini Puff Pastry Tarts,French,7.77,32.46,34.39,2022-10-16,20:29:53,0.23937153419593343,0.9438790346030823
Dash,Pizza in a bread bowl Recipe,Italian,186.16,105.55,210.63,2022-10-16,20:30:03,1.7637138796778777,0.5011157005174951
Dash,Fancy Free Recipe,French,0.01,4.62,0.04,2022-10-16,20:30:03,0.0021645021645021645,115.5
Dash,The Augustus Club,World,0.12,15.56,0.08,2022-10-16,20:30:03,0.007712082262210797,194.5
Dash,Green Onion and Mustard Crab Cakes,French,49.36,17.16,7.27,2022-10-16,20:30:03,2.8764568764568765,2.360385144429161
Dash,Juice Marinara Recipe,South American,6.47,36.7,1.64,2022-10-16,20:30:03,0.17629427792915528,22.37804878048781
Dash,The Old Hickory Cocktail Recipe,American,0.06,2.31,0.0,2022-10-16,20:30:03,0.025974025974025972,inf
Dash,The Sherry Martini,Italian,0.11,6.62,0.0,2022-10-16,20:30:03,0.01661631419939577,inf
Dash,Southern Comfort Champagne Cocktail,World,0.2,13.04,0.1,2022-10-16,20:30:03,0.015337423312883437,130.39999999999998
Dash,"Apricot, Cucumber, Pluot, and Lime Basil Salad",American,3.14,28.6,0.86,2022-10-16,20:30:03,0.10979020979020979,33.25581395348837
Dash,Chickpea & Butternut Squash Soup,American,43.03,182.75,93.72,2022-10-16,20:30:03,0.23545827633378932,1.9499573196756295
Dash,Apple and cabbage salad with apple molasses dressing,Middle Eastern,52.14,217.83,197.97,2022-10-16,20:30:03,0.239360969563421,1.1003182300348537
Dash,Duck breast stuffed with dried fruits,American,22.18,299.11,44.09,2022-10-16,20:30:03,0.07415332152051085,6.784078022227262
Dash,Homemade Strawberry Conserve,Mediterranean,2.12,124.18,0.93,2022-10-16,20:30:03,0.017071992269286518,133.5268817204301
Dash,Oysters,Mediterranean,38.98,30.54,9.75,2022-10-16,20:30:03,1.2763588736083824,3.132307692307692
Dash,Lemon Lavender Fizz,World,0.07,32.57,0.05,2022-10-16,20:30:03,0.0021492170709241634,651.4
Dash,New Columbia Harvest,World,0.2,7.04,0.18,2022-10-16,20:30:03,0.02840909090909091,39.111111111111114
Dash,Black River Pearl,World,0.08,14.18,0.08,2022-10-16,20:30:03,0.005641748942172073,177.25
Dash,Broccoli Bacon Quiches,French,32.59,9.49,78.87,2022-10-16,20:30:03,3.4341412012644894,0.12032458475973119
Dash,Arugula With Steak,American,183.23,9.68,134.77,2022-10-16,20:30:03,18.928719008264462,0.07182607405208874
Dash,Gazpacho,Mediterranean,17.5,101.58,58.73,2022-10-16,20:30:10,0.17227800748178776,1.7296100800272434
Dash,Appetizer Meatballs (Frozen Meatballs),American,161.54,279.67,181.99,2022-10-16,20:30:10,0.5776093252762183,1.5367327875157977
Dash,Spinach and Italian Cheese Omelet,Italian,20.07,4.42,21.83,2022-10-16,20:30:10,4.540723981900452,0.20247366010077875
Dash,Cucumber Gazpacho,Mediterranean,5.01,32.66,54.86,2022-10-16,20:30:10,0.15339865278628292,0.5953335763762303
Dash,Time for a Drink: the Gypsy Recipe,World,0.03,9.13,0.09,2022-10-16,20:30:10,0.0032858707557502733,101.44444444444446
Dash,Alaska Cocktail Recipe,World,0.01,4.56,0.04,2022-10-16,20:30:10,0.002192982456140351,113.99999999999999
Dash,Mom’s Blueberry Pie,American,20.57,346.14,210.47,2022-10-16,20:30:10,0.05942682151730514,1.6446049318192617
Dash,Asian-Spiced Pecans,American,39.9,62.85,293.97,2022-10-16,20:30:10,0.6348448687350835,0.2137973262577814
Dash,Golden Milk Tea,Indian,10.18,36.91,96.75,2022-10-16,20:30:10,0.27580601463018156,0.38149870801033586
Dash,Individual Chili-Cheddar Meatloaves,American,48.59,58.25,21.74,2022-10-16,20:30:10,0.8341630901287554,2.679392824287029
Dash,Whiskey Ginger Recipe,British,0.0,0.08,0.0,2022-10-16,20:30:10,0.0,inf
Dash,Eggplant Lasagna,Italian,143.09,221.09,106.68,2022-10-16,20:30:10,0.6472024967207924,2.0724596925384327
Dash,Fifty-Fifty Martini recipes,World,0.67,6.56,0.17,2022-10-16,20:30:10,0.10213414634146342,38.588235294117645
Dash,Gin and Sin recipes,World,0.21,4.13,0.1,2022-10-16,20:30:10,0.05084745762711864,41.3
Dash,Classic Baked Acorn Squash,American,3.6,71.5,11.96,2022-10-16,20:30:10,0.05034965034965035,5.978260869565217
Dash,Cranberry Salsa,American,2.22,98.65,0.56,2022-10-16,20:30:10,0.02250380131779017,176.16071428571428
Dash,Norwegian Wood,World,0.02,2.86,0.02,2022-10-16,20:30:10,0.006993006993006994,143.0
Dash,Winter Solstice Recipe,World,0.23,4.02,0.09,2022-10-16,20:30:10,0.05721393034825872,44.666666666666664
Dash,Easy Spanish Chicken Breast for 1-or more,Mediterranean,23.99,1.64,10.84,2022-10-16,20:30:17,14.628048780487806,0.15129151291512916
Dash,World Cup Cucumber & Lamb Sosatie,Mediterranean,21.19,43.59,195.01,2022-10-16,20:30:17,0.48612066987841246,0.22352699861545564
Dash,His & Hers,World,0.04,7.03,0.07,2022-10-16,20:30:17,0.005689900426742532,100.42857142857142
Dash,Oven Roasted Elote,South American,71.36,136.73,141.19,2022-10-16,20:30:17,0.5219044832882324,0.9684113605779445
Dash,Rum punch,British,2.0,87.01,0.52,2022-10-16,20:30:17,0.022985863693828296,167.3269230769231
Dash,Edamame Crunch,South East Asian,8.96,8.41,5.52,2022-10-16,20:30:17,1.065398335315101,1.5235507246376814
Dash,Creamy Pesto Tiger Shrimp and Asparagus Lasagna Bundles,Italian,135.94,210.92,139.86,2022-10-16,20:30:17,0.6445097667362033,1.5080795080795077
Dash,Microwave Shepherds Pie,British,115.92,218.04,156.39,2022-10-16,20:30:17,0.5316455696202532,1.394206790715519
Dash,Butternut Squash Puree,American,5.5,85.3,46.35,2022-10-16,20:30:17,0.06447831184056273,1.8403451995685005
Dash,The Darby's Three Cheese Macaroni,American,68.24,66.5,119.84,2022-10-16,20:30:17,1.0261654135338345,0.5549065420560747
Dash,Beer-Braised Pork Chops with Pears and Apples Recipe,American,172.36,144.92,123.38,2022-10-16,20:30:17,1.1893458459839914,1.1745825903712108
Dash,The Ultimate Raw Taco,Mexican,9.88,40.98,30.65,2022-10-16,20:30:17,0.2410932162030259,1.337030995106036
Dash,The New American Omelet,French,30.4,8.98,29.77,2022-10-16,20:30:17,3.3853006681514475,0.30164595230097413
Dash,Tokyo Geisha,World,0.07,5.4,0.06,2022-10-16,20:30:17,0.012962962962962963,90.00000000000001
Dash,Cranberry Chicken Tagine,American,191.07,319.25,74.17,2022-10-16,20:30:17,0.5984964761158966,4.304300930295268
Dash,Crustless Quiche with Goat Cheese and Scallions,French,56.1,29.92,104.26,2022-10-16,20:30:17,1.875,0.28697487051601767
Dash,Homemade Cavatelli Recipe,American,159.49,342.31,128.03,2022-10-16,20:30:17,0.46592270164470806,2.6736702335390143
Dash,Tropical Salad with Sriracha,South East Asian,13.21,132.56,47.51,2022-10-16,20:30:17,0.09965298732649366,2.79014944222269
Dash,Garlic Mashed Potatoes,American,59.21,356.0,11.8,2022-10-16,20:30:23,0.16632022471910113,30.169491525423727
Dash,Sloe Gin,World,0.13,27.64,0.19,2022-10-16,20:30:23,0.004703328509406657,145.47368421052633
Dash,Avocado-Tomato Open-Face Sandwich,American,5.47,19.42,8.72,2022-10-16,20:30:23,0.28166838311019565,2.2270642201834865
Dash,Prescription Julep #2,American,0.54,203.77,0.12,2022-10-16,20:30:23,0.002650046621190558,1698.0833333333335
Dash,Tunacado Salad,French,28.47,28.5,62.93,2022-10-16,20:30:23,0.9989473684210526,0.4528841569998411
Dash,Fresh Summer Succotash,American,59.68,201.56,78.2,2022-10-16,20:30:23,0.2960904941456638,2.5774936061381073
Dash,Creamy Sweet Potato Soup,Chinese,19.67,91.77,4.79,2022-10-16,20:30:23,0.21434019832189172,19.15866388308977
Dash,Hot Sazerac,World,0.88,16.45,0.67,2022-10-16,20:30:23,0.053495440729483285,24.55223880597015
Dash,Galbi Jjim (Korean Braised Short Ribs),Mediterranean,185.9,314.07,385.82,2022-10-16,20:30:23,0.5919062629350145,0.8140324503654554
Dash,Ratatouille Tatin Tartlets,French,76.73,317.64,152.49,2022-10-16,20:30:23,0.24156277546908453,2.0830218374975407
Dash,Apple 'Cider' Soup,American,20.42,186.74,10.57,2022-10-16,20:30:23,0.10934989825425726,17.666982024597917
Dash,Lemon-Dill Orzo Pilaf,Mediterranean,11.79,43.05,17.02,2022-10-16,20:30:23,0.2738675958188153,2.5293772032902466
Dash,Greenpoint,World,0.03,2.7,0.02,2022-10-16,20:30:23,0.01111111111111111,135.0
Dash,Blue Cheese Dressing,American,31.05,13.44,234.32,2022-10-16,20:30:23,2.310267857142857,0.05735745988391942
Dash,Curried Chicken Salad with Fruit,Eastern Europe,135.82,99.45,50.83,2022-10-16,20:30:23,1.365711412770236,1.9565217391304348
Dash,Kona Swizzle,World,1.63,31.42,0.35,2022-10-16,20:30:23,0.05187778485041374,89.77142857142859
Dash,Red And Orange Pavlovas,Eastern Europe,14.47,165.86,60.1,2022-10-16,20:30:23,0.0872422525021102,2.7597337770382695
Dash,Nicky Finn,World,0.28,3.88,0.1,2022-10-16,20:30:23,0.07216494845360825,38.8
Dash,Celebration Manhattans,World,0.02,2.66,0.01,2022-10-16,20:30:23,0.007518796992481203,266.0
Dash,Shamrock Shake Recipe,World,0.12,11.35,0.04,2022-10-16,20:30:30,0.010572687224669603,283.75
Dash,Planter's Punch Cocktail recipes,World,0.16,2.19,0.07,2022-10-16,20:30:30,0.07305936073059362,31.28571428571428
Dash,Cucumber-Coconut,Mediterranean,3.91,45.97,1.09,2022-10-16,20:30:30,0.0850554709593213,42.1743119266055
Dash,Icecream French Toast,French,46.42,107.64,33.22,2022-10-16,20:30:30,0.4312523225566704,3.2402167369054786
Dash,New Fashioned,World,0.04,10.28,0.05,2022-10-16,20:30:30,0.003891050583657588,205.59999999999997
Dash,Gin Sangria,World,1.38,34.85,0.32,2022-10-16,20:30:30,0.03959827833572453,108.90625
Dash,Lemon Stinger Swizzle,Mediterranean,0.12,21.88,0.07,2022-10-16,20:30:30,0.005484460694698354,312.57142857142856
Dash,Rusty Nail Recipe,World,0.01,4.56,0.04,2022-10-16,20:30:30,0.002192982456140351,113.99999999999999
Dash,Classic Martini,World,0.15,1.1,1.86,2022-10-16,20:30:30,0.13636363636363635,0.5913978494623656
Dash,Sweet and Salty Prosciutto-Wrapped Asparagus,Italian,287.78,73.74,85.09,2022-10-16,20:30:30,3.9026308652020614,0.8666118227758842
Dash,Fallen Angel,World,0.02,12.59,0.09,2022-10-16,20:30:30,0.0015885623510722797,139.88888888888889
Dash,Broccoli Cheese Strata,American,48.67,44.68,40.35,2022-10-16,20:30:30,1.0893017009847807,1.1073110285006196
Dash,Clementini,World,1.26,17.79,0.22,2022-10-16,20:30:30,0.07082630691399663,80.86363636363636
Dash,Raspberry Pops,American,10.61,53.77,9.12,2022-10-16,20:30:30,0.19732192672493953,5.895833333333334
Dash,Sidecar,World,0.12,11.25,0.15,2022-10-16,20:30:30,0.010666666666666666,75.0
Dash,Louis Dressing,American,3.03,21.45,182.6,2022-10-16,20:30:30,0.14125874125874124,0.11746987951807229
Dash,Bourbon Maple Cider Recipe,World,2.11,54.23,0.03,2022-10-16,20:30:30,0.03890835330997603,1807.6666666666667
Dash,Between The Sheets Cocktail Recipe,World,0.15,12.12,0.1,2022-10-16,20:30:30,0.012376237623762377,121.19999999999999
Dash,White wine sardines with chickpeas and sliced potatoes,American,65.01,134.91,38.25,2022-10-16,20:30:37,0.48187680676006234,3.5270588235294116
Dash,Pineapple Cobbler,Mediterranean,0.55,14.26,0.19,2022-10-16,20:30:37,0.03856942496493689,75.05263157894737
Dash,Maple Bourbon Old-Fashioned,World,0.05,11.45,0.02,2022-10-16,20:30:37,0.0043668122270742364,572.5
Dash,Lillet Spritz,World,1.1,9.73,0.26,2022-10-16,20:30:37,0.1130524152106886,37.42307692307693
Dash,Gabriella's Farmer Cheese Gnocchi,Italian,66.49,63.92,28.47,2022-10-16,20:30:37,1.0402065081351688,2.245170354759396
Dash,Liquid Autumn,World,0.61,11.66,0.17,2022-10-16,20:30:37,0.0523156089193825,68.58823529411764
Dash,Torino,World,0.06,2.37,0.0,2022-10-16,20:30:37,0.02531645569620253,inf
Dash,Squash and Sweet Potato Croquettes,French,13.05,70.28,17.24,2022-10-16,20:30:37,0.185685828116107,4.076566125290023
Dash,Stuffed Mushrooms,American,70.69,164.03,70.38,2022-10-16,20:30:37,0.43095775163079925,2.330633702756465
Dash,Maple Old-Fashioned,American,0.0,4.46,0.0,2022-10-16,20:30:37,0.0,inf
Dash,Piping Plum Recipe,American,0.05,20.01,0.13,2022-10-16,20:30:37,0.0024987506246876563,153.92307692307693
Dash,Bobby Axelrod,World,0.03,0.22,0.34,2022-10-16,20:30:37,0.13636363636363635,0.6470588235294117
Dash,Cauliflower Soup,American,26.69,18.64,34.75,2022-10-16,20:30:37,1.4318669527896997,0.5364028776978418
Dash,Time for a Drink: Bijou Cocktail Recipe,World,0.05,9.9,0.09,2022-10-16,20:30:37,0.005050505050505051,110.00000000000001
Dash,Day At The Beach by LaPlaya Beach & Golf Resort,World,0.53,23.58,0.24,2022-10-16,20:30:37,0.022476675148430877,98.25
Dash,Zelma's Punch,French,2.69,25.53,1.3,2022-10-16,20:30:37,0.1053662358010184,19.638461538461538
Dash,Velveeta Tuna Shell Casserole,American,135.24,160.67,75.9,2022-10-16,20:30:37,0.841725275409224,2.1168642951251644
Dash,El Guapo Cocktail Recipe With Mezcal recipes,World,0.5,20.54,0.11,2022-10-16,20:30:37,0.024342745861733205,186.72727272727272
Dash,Very Rustic Custard Tart with Guava Sauce,American,56.23,184.04,62.54,2022-10-16,20:30:37,0.30553140621603997,2.942756635753118
Dash,Russian REBBL,Eastern Europe,24.78,169.9,6.24,2022-10-16,20:30:43,0.14585050029429075,27.227564102564102
Dash,Martini Recipe,World,0.02,0.77,0.0,2022-10-16,20:30:43,0.025974025974025972,inf
Dash,L.A. Burdick Classic Hot Chocolate,American,10.09,61.27,30.93,2022-10-16,20:30:43,0.16468092051574995,1.980924668606531
Dash,Charred Onion Dip,Italian,14.76,47.42,96.49,2022-10-16,20:30:43,0.3112610712779418,0.49144989118043325
Dash,Poison Arrow,World,0.25,13.74,0.09,2022-10-16,20:30:43,0.018195050946142648,152.66666666666669
Dash,Cucumber-Tomato Salad,Mediterranean,8.87,43.96,33.17,2022-10-16,20:30:43,0.20177434030937214,1.3252939403075068
Dash,Dimitri Lezinska's Maple Leaf Martini,World,0.1,19.63,0.08,2022-10-16,20:30:43,0.005094243504839532,245.37499999999997
Dash,Purple Tai Rice Cooker Sticky Rice,Chinese,15.16,168.81,1.59,2022-10-16,20:30:43,0.08980510633256324,106.16981132075472
Dash,Simple Trout Duxelles,Mediterranean,286.76,22.38,106.3,2022-10-16,20:30:43,12.813226094727435,0.2105362182502352
Dash,Barbecue Bloody Mary,American,29.66,296.55,22.83,2022-10-16,20:30:43,0.10001686056314281,12.989487516425758
Dash,Liquid Fireworks,World,0.59,6.78,0.17,2022-10-16,20:30:43,0.08702064896755161,39.88235294117647
Dash,Dark Mojito,World,0.3,21.41,0.08,2022-10-16,20:30:43,0.014012143858010275,267.625
Dash,Sherry Martini,World,0.33,9.72,0.03,2022-10-16,20:30:43,0.033950617283950615,324.00000000000006
Dash,Americano Cocktail,World,0.22,3.51,0.02,2022-10-16,20:30:43,0.06267806267806268,175.49999999999997
Dash,Spicy Steak Fries,British,15.94,135.69,28.34,2022-10-16,20:30:43,0.11747365318004274,4.787932251235003
Dash,Vegan Roasted Sweet Potato Quesadillas,Mexican,77.95,361.1,76.6,2022-10-16,20:30:43,0.21586818055940182,4.714099216710183
Dash,Classic Sazerac,American,0.0,0.06,0.0,2022-10-16,20:30:43,0.0,inf
Dash,Gazpacho,Mediterranean,125.27,131.24,75.08,2022-10-16,20:30:50,0.9545108198719902,1.7480021310602025
Dash,Potted Shrimp Recipe,Mediterranean,97.31,11.02,370.83,2022-10-16,20:30:50,8.830308529945555,0.029717121052773507
Dash,The Claridge Cocktail,World,0.03,1.16,0.0,2022-10-16,20:30:50,0.02586206896551724,inf
Dash,Butternut Squash Bisque,French,11.78,169.06,24.22,2022-10-16,20:30:50,0.069679403761978,6.98018166804294
Dash,Cotton Candy Cocktail,American,0.06,21.87,0.2,2022-10-16,20:30:50,0.0027434842249657062,109.35
Dash,Police Gazette Cocktail,World,0.11,6.14,0.06,2022-10-16,20:30:50,0.017915309446254073,102.33333333333333
Dash,Tequila Sunrise Jelly Shots,American,13.87,50.79,0.51,2022-10-16,20:30:50,0.27308525300255954,99.58823529411764
Dash,Bacon-Wrapped Scallops With Chili Butter,American,139.74,34.63,186.92,2022-10-16,20:30:50,4.035229569737222,0.18526642413866898
Dash,Lemon Dipping Sauce,American,5.43,14.46,45.56,2022-10-16,20:30:50,0.37551867219917007,0.3173836698858648
Dash,Some Like It Hot Recipe,French,10.43,22.9,2.79,2022-10-16,20:30:50,0.4554585152838428,8.207885304659497
Dash,German CREPES,French,91.1,361.99,51.75,2022-10-16,20:30:50,0.25166441061907785,6.994975845410628
Dash,Slaw and Order,British,22.63,43.87,9.36,2022-10-16,20:30:50,0.5158422612263506,4.686965811965812
Dash,Chile-Salt Michelada,World,1.21,10.95,0.06,2022-10-16,20:30:50,0.11050228310502283,182.5
Dash,Blackthorn Cocktail Recipe,Italian,0.08,19.03,0.17,2022-10-16,20:30:50,0.004203888596952181,111.94117647058823
Dash,Grilled Chicken,American,148.38,57.14,79.0,2022-10-16,20:30:50,2.5967798389919494,0.7232911392405064
Dash,Shrimp Po Boy Sandwich Recipe,American,153.25,280.77,1860.2,2022-10-16,20:30:56,0.5458204224098017,0.1509353832921191
Dash,Pisco Sour,World,1.5,16.84,0.03,2022-10-16,20:30:56,0.08907363420427554,561.3333333333334
Dash,Grilled Salmon Steak,Nordic,23.22,1.08,19.76,2022-10-16,20:30:56,21.499999999999996,0.05465587044534413
Dash,"""Fruit Cocktail"" Crisp",American,10.34,166.68,26.0,2022-10-16,20:30:56,0.06203503719702423,6.410769230769231
Dash,The Pumpkin Martini,World,0.12,40.11,0.33,2022-10-16,20:30:56,0.0029917726252804786,121.54545454545453
Dash,Recipe: The Income Tax Cocktail,World,0.21,3.33,0.06,2022-10-16,20:30:56,0.06306306306306306,55.5
Dash,Lychee Martini,World,0.11,15.44,0.13,2022-10-16,20:30:56,0.007124352331606218,118.76923076923076
Dash,Cider Delighter,World,0.96,16.01,1.32,2022-10-16,20:30:56,0.0599625234228607,12.128787878787879
Dash,Pineapple Saffron Martini,World,0.34,29.59,0.15,2022-10-16,20:30:56,0.01149036836769179,197.26666666666668
Dash,Leap Year Cocktail Recipe,World,0.01,0.43,0.0,2022-10-16,20:30:56,0.023255813953488372,inf
Dash,Foil Pack Cinnamon Apples,Middle Eastern,0.99,61.56,6.23,2022-10-16,20:30:56,0.01608187134502924,9.881219903691813
Dash,Pumpkin Old Fashioned,World,0.38,22.03,0.11,2022-10-16,20:30:56,0.01724920562868815,200.27272727272728
Dash,Tarragon-Mustard Rémoulade,French,0.89,1.87,44.98,2022-10-16,20:30:56,0.4759358288770053,0.04157403290351268
Dash,Neely's BBQ Pulled Pork Egg Rolls,South East Asian,165.77,492.02,480.58,2022-10-16,20:30:56,0.3369171984878664,1.0238045694785467
Dash,Sweet and Crunchy Garden Salad,American,41.32,246.54,282.63,2022-10-16,20:30:56,0.16759957816175874,0.8723065491985988
Dash,A Cuban version of a Manhattan Recipe,American,0.01,0.39,0.0,2022-10-16,20:30:56,0.02564102564102564,inf
Dash,Watermelon and Basil Martini,World,1.07,12.35,0.26,2022-10-16,20:30:56,0.08663967611336033,47.5
Dash,White Knight,American,0.03,3.85,0.02,2022-10-16,20:31:04,0.007792207792207791,192.5
Dash,Grilled Vegetable Pitas,Mediterranean,22.8,48.47,19.7,2022-10-16,20:31:04,0.47039405818031776,2.4604060913705585
Dash,Hearty Chicken and Rice Casserole,American,277.77,185.65,48.77,2022-10-16,20:31:04,1.4962025316455694,3.8066434283370922
Dash,Vanilla Bean Crème Brûlée,French,52.16,163.36,53.35,2022-10-16,20:31:04,0.31929480901077373,3.0620431115276476
Dash,Hummus Tartine with Sprouts recipes,Mediterranean,8.37,34.76,18.01,2022-10-16,20:31:04,0.2407940161104718,1.9300388672959463
Dash,Vegan (Or Not) Peach Creamsicle Sherbet,American,55.03,439.96,52.51,2022-10-16,20:31:04,0.1250795526866079,8.378594553418397
Dash,Cîroc Champagne Cosmo,World,1.31,23.07,0.21,2022-10-16,20:31:04,0.05678370177719983,109.85714285714286
Dash,Adonis Recipe,British,0.13,7.39,0.0,2022-10-16,20:31:04,0.017591339648173207,inf
Dash,Shrimp Newburg on Toast Points,American,70.99,61.58,22.27,2022-10-16,20:31:04,1.1528093536862618,2.7651549169286036
Dash,Oven roasted brussel sprouts with rosemary,American,6.02,16.17,14.13,2022-10-16,20:31:04,0.37229437229437223,1.1443736730360934
Dash,Turkey Burgers,American,89.86,5.98,34.81,2022-10-16,20:31:04,15.026755852842808,0.1717897155989658
Dash,Sepia's Death & Taxes Recipe,American,0.33,218.13,0.16,2022-10-16,20:31:04,0.0015128593040847202,1363.3125
Dash,Healthy & Delicious: Broiled Grapefruit Recipe,American,1.72,23.93,4.19,2022-10-16,20:31:04,0.07187630589218554,5.7112171837708825
Dash,Oeufs En Cocotte,Mediterranean,98.02,3.33,72.21,2022-10-16,20:31:04,29.435435435435434,0.04611549646863316
Dash,Simple Buttermilk Biscuits Recipe,American,34.91,205.9,96.26,2022-10-16,20:31:04,0.1695483244293346,2.1389985456056513
Dash,Grilled Coconut Rum French Toast,French,68.16,232.38,46.14,2022-10-16,20:31:04,0.2933126775109734,5.036410923276983
Dash,Blueberry Tart,Central Europe,14.68,223.12,61.31,2022-10-16,20:31:04,0.06579419146647544,3.639210569238297
Dash,Coconut Macaroons,French,9.06,115.8,33.32,2022-10-16,20:31:04,0.07823834196891193,3.4753901560624247
Dash,Pumpkin Soup recipes,American,58.63,302.3,104.44,2022-10-16,20:31:04,0.19394641085014885,2.894484871696668
Dash,Sage-Butter Gnocchi recipes,Italian,35.31,145.17,60.43,2022-10-16,20:31:11,0.24323207274230216,2.402283633956644
Dash,O' Mai Mai Juice,American,6.78,139.45,2.46,2022-10-16,20:31:11,0.04861957690928649,56.68699186991869
Dash,Grilled Bread with Goat Cheese & Green Olives,Mediterranean,186.54,751.87,133.44,2022-10-16,20:31:11,0.24810140050806653,5.634517386091127
Dash,Tomato Daiquiri,World,0.2,23.49,0.03,2022-10-16,20:31:11,0.008514261387824608,783.0
Dash,Lady Genevieve,French,0.07,20.97,0.09,2022-10-16,20:31:11,0.003338102050548403,233.0
Dash,Grilled Cheese with Roasted Tomato Spread,American,63.54,115.83,103.45,2022-10-16,20:31:11,0.5485625485625486,1.1196713388110198
Dash,Watercress Salad with Fennel and Citrus,Mediterranean,9.0,73.4,21.63,2022-10-16,20:31:11,0.12261580381471389,3.3934350439204812
Dash,Delmonico's Eggs Benedict,French,151.62,239.33,238.3,2022-10-16,20:31:11,0.6335185726820708,1.0043222828367604
Dash,Sparkling Apricot Sorbet,French,10.03,289.77,2.69,2022-10-16,20:31:11,0.03461365910894847,107.72118959107806
Dash,The Lumière,World,0.16,27.62,0.22,2022-10-16,20:31:11,0.005792903692976104,125.54545454545455
Dash,Apple Cinnamon Rum recipes,World,0.2,11.97,0.15,2022-10-16,20:31:11,0.01670843776106934,79.80000000000001
Dash,"Bloody Carrot ""Bacon""",American,2.44,53.64,14.15,2022-10-16,20:31:11,0.04548844146159582,3.7908127208480566
Dash,Green Monster Recipe,World,0.16,10.71,0.12,2022-10-16,20:31:11,0.014939309056956115,89.25000000000001
Dash,Chef Phil's Deviled Eggs Recipe,Japanese,34.33,5.62,114.35,2022-10-16,20:31:11,6.108540925266904,0.04914735461303017
Dash,Champs-Élysées Cocktail,World,0.09,7.86,0.08,2022-10-16,20:31:11,0.011450381679389311,98.25
Dash,A Spanish Potato Tortilla On Hiking Trails,Mediterranean,33.91,71.29,28.06,2022-10-16,20:31:11,0.4756627858044606,2.5406272273699217
Dash,Widow's Kiss,World,0.03,10.16,0.09,2022-10-16,20:31:11,0.002952755905511811,112.8888888888889
Dash,Lime Rickey Recipe,Mediterranean,0.51,125.75,0.08,2022-10-16,20:31:11,0.0040556660039761435,1571.875
Dash,The Presidential Cocktail,World,1.47,30.72,0.98,2022-10-16,20:31:17,0.0478515625,31.346938775510203
Dash,Horn & Hardart’s Macaroni and Cheese,American,76.33,208.33,86.88,2022-10-16,20:31:17,0.3663898622377958,2.3979051565377536
Dash,Avocado Dressing,American,4.18,18.97,118.42,2022-10-16,20:31:17,0.22034791776489193,0.16019253504475595
Dash,Corpse Reviver No. 2,French,0.12,2.73,0.07,2022-10-16,20:31:17,0.04395604395604395,38.99999999999999
Dash,Little Black Dress,British,14.88,128.37,58.96,2022-10-16,20:31:17,0.11591493339565319,2.1772388059701493
Dash,One-Eyed Sailor,American,121.62,68.3,200.02,2022-10-16,20:31:17,1.7806734992679356,0.3414658534146585
Dash,The Obamatini Cocktail Recipe,World,0.44,28.44,0.13,2022-10-16,20:31:17,0.015471167369901546,218.76923076923077
Dash,Time for a Drink: Fallen Leaves Recipe,World,0.02,0.77,0.0,2022-10-16,20:31:17,0.025974025974025972,inf
Dash,DIY Vinaigrette,French,1.15,29.18,109.03,2022-10-16,20:31:17,0.03941055517477724,0.26763276162524074
Dash,Deviled Eggs,Italian,66.49,6.44,94.97,2022-10-16,20:31:17,10.324534161490682,0.06781088764873118
Dash,Easy Roasted Potatoes with Garlic recipes,American,32.71,273.54,74.46,2022-10-16,20:31:17,0.11958031732104993,3.673650282030621
Dash,Grilled Pesto Potato Salad,Mediterranean,77.6,110.33,539.65,2022-10-16,20:31:17,0.703344511918789,0.20444732697118503
Dash,Bourbon Renewal,World,0.11,19.01,0.11,2022-10-16,20:31:17,0.005786428195686481,172.81818181818184
Dash,Collard Green and Artichoke Dip,Mediterranean,94.87,128.8,271.76,2022-10-16,20:31:17,0.7365683229813664,0.47394760082425674
Dash,Cinnamon Honey Butter,American,2.11,65.66,184.19,2022-10-16,20:31:17,0.03213524215656412,0.3564797220261686
Dash,Chicken Anticuchos,American,119.55,29.61,79.74,2022-10-16,20:31:24,4.037487335359676,0.37133182844243795
Dash,Rosemary-Grapefruit Fizz,World,4.37,172.29,1.91,2022-10-16,20:31:24,0.025364211503859774,90.20418848167539
Dash,Carrot Ribbons with Sesame,Mediterranean,1.71,17.71,4.95,2022-10-16,20:31:24,0.09655561829474872,3.577777777777778
Dash,Rum Swizzle,British,0.85,51.98,0.16,2022-10-16,20:31:24,0.01635244324740285,324.875
Dash,Steak?And?Egg Salad Sandwiches,American,204.63,110.44,235.8,2022-10-16,20:31:24,1.8528612821441506,0.46836301950805764
Dash,Gin & Gomme,World,0.27,6.33,0.13,2022-10-16,20:31:24,0.04265402843601896,48.69230769230769
Dash,Middle Eastern Hummus,Mediterranean,73.13,183.21,155.98,2022-10-16,20:31:24,0.3991594345286829,1.1745736632901655
Dash,Yogurt Pops,American,9.07,34.05,7.9,2022-10-16,20:31:24,0.2663729809104259,4.310126582278481
Dash,Dad's Eggnog,World,54.72,167.63,145.07,2022-10-16,20:31:24,0.3264332160114538,1.1555111325566967
Dash,Wine Spritzer,World,0.24,3.66,0.04,2022-10-16,20:31:24,0.06557377049180327,91.5
Dash,Baileys Cherry Cafe,World,1.5,27.77,6.77,2022-10-16,20:31:24,0.054015124234785744,4.10192023633678
Dash,El Presidente Recipe,American,0.04,7.98,0.06,2022-10-16,20:31:24,0.005012531328320802,133.0
Dash,Crunch Top Apple Pie,French,25.57,407.29,44.01,2022-10-16,20:31:24,0.062780819563456,9.254487616450808
Dash,Gabriella's Farmers Cheese Gnocchi,Italian,66.49,63.92,28.47,2022-10-16,20:31:24,1.0402065081351688,2.245170354759396
Dash,Nick'S Chipotle Grilled Shrimp With Black Bean Salsa,Mexican,16.66,4.35,28.34,2022-10-16,20:31:24,3.8298850574712646,0.15349329569513054
Dash,Carrot-Thyme Soup With Cream,American,12.37,212.76,46.58,2022-10-16,20:31:24,0.05814062793758225,4.567625590382138
Dash,Spring Spice,American,0.63,19.31,0.23,2022-10-16,20:31:24,0.032625582599689285,83.95652173913042
Dash,Whipped Butternut Squash and Red Onions,South American,14.49,148.93,64.02,2022-10-16,20:31:24,0.09729403075270261,2.3263042799125278
Dash,Warm Bulgur & Lentil Salad,Middle Eastern,24.1,79.63,7.4,2022-10-16,20:31:31,0.3026497551174181,10.76081081081081
Dash,French 95 Cocktail Recipe,World,1.98,59.79,0.17,2022-10-16,20:31:31,0.03311590566984446,351.70588235294116
Dash,Cajun Grilled Chicken,American,246.33,20.33,41.76,2022-10-16,20:31:31,12.116576487948846,0.4868295019157088
Dash,Brown Rice Sushi Balls,Japanese,24.34,155.96,40.16,2022-10-16,20:31:31,0.15606565786099,3.8834661354581677
Dash,Orrechiette with red Kale and Bacon cubes,American,55.18,133.72,74.68,2022-10-16,20:31:31,0.4126533054142985,1.7905731119442956
Dash,Chocolate-Pomegranate Toasted Walnuts,American,2.6,99.34,72.74,2022-10-16,20:31:31,0.026172740084558083,1.365686004949134
Dash,Maple Manhattan,American,0.03,9.6,0.01,2022-10-16,20:31:31,0.003125,960.0
Dash,Midnight Ride Cocktail Recipe,World,0.51,13.62,0.17,2022-10-16,20:31:31,0.037444933920704845,80.11764705882352
Dash,Vanilla Roasted Walnuts,American,1.24,33.92,18.73,2022-10-16,20:31:31,0.036556603773584904,1.810998398291511
Dash,Parchment Candied Beets & Greens with Blood Orange & Balsamic,American,30.83,246.37,44.16,2022-10-16,20:31:31,0.12513698908146284,5.57903079710145
Dash,Scofflaw recipes,World,0.24,13.0,0.07,2022-10-16,20:31:31,0.01846153846153846,185.7142857142857
Dash,Herb-Infused Pisco Sour,World,2.25,23.82,0.44,2022-10-16,20:31:31,0.09445843828715365,54.13636363636364
Dash,Cranberry-Chipotle Turkey,American,150.43,219.51,51.6,2022-10-16,20:31:31,0.6852990752129744,4.254069767441861
Dash,Parmesan Flans with Tomatoes and Basil,Mediterranean,70.88,48.99,44.47,2022-10-16,20:31:31,1.4468258828332312,1.1016415561052395
Dash,Fast Blue Cheese Dressing,American,12.83,6.31,115.22,2022-10-16,20:31:31,2.033280507131537,0.05476479777816351
Dash,Slow Roast Tomatoes,Mediterranean,3.55,24.14,1.22,2022-10-16,20:31:31,0.14705882352941174,19.78688524590164
Dash,Tivoli cakes,American,20.25,380.96,60.85,2022-10-16,20:31:31,0.05315518689626208,6.260640920295809
Dash,"Sweet Potato, Cranberry and Pecan Salad",American,9.55,140.8,65.44,2022-10-16,20:31:31,0.06782670454545454,2.15158924205379
Dash,Orange Chicken,Chinese,142.59,58.69,299.67,2022-10-16,20:31:38,2.4295450673027776,0.19584876697700804
Dash,Time for a Drink: Suffering Bastard Recipe,World,0.12,12.36,0.02,2022-10-16,20:31:38,0.00970873786407767,618.0
Dash,Sloe 75,World,0.39,68.49,0.26,2022-10-16,20:31:38,0.0056942619360490585,263.4230769230769
Dash,Ginger-Champagne Cocktail,World,0.23,6.24,0.05,2022-10-16,20:31:38,0.03685897435897436,124.8
Dash,Endive with sweet cheese,Italian,24.7,75.98,60.12,2022-10-16,20:31:38,0.3250855488286391,1.2638057218895544
Dash,Nana's Chicken Seafood Gumbo,American,277.57,200.76,152.65,2022-10-16,20:31:38,1.382596134688185,1.3151654110710775
Dash,Peach Cooler Recipe,Mediterranean,0.37,29.1,0.09,2022-10-16,20:31:38,0.012714776632302405,323.33333333333337
Dash,Peanut Butter Banana Cake,American,78.91,255.43,140.81,2022-10-16,20:31:38,0.3089300395411659,1.8140046871671047
Dash,Seafood Pizza,Italian,43.62,36.3,32.35,2022-10-16,20:31:38,1.2016528925619836,1.1221020092735703
Dash,Deviled Eggs,Italian,66.49,6.44,94.97,2022-10-16,20:31:38,10.324534161490682,0.06781088764873118
Dash,Mexicali Chicken,American,128.05,3.77,28.7,2022-10-16,20:31:38,33.96551724137932,0.1313588850174216
Dash,Meatloaf,American,278.3,196.48,308.54,2022-10-16,20:31:38,1.4164291530944626,0.6368056005704283
Dash,Scotch Negroni Recipe,American,0.05,9.9,0.09,2022-10-16,20:31:38,0.005050505050505051,110.00000000000001
Dash,Pomegranate Clementine Martini,World,0.18,6.59,0.14,2022-10-16,20:31:38,0.027314112291350532,47.07142857142857
Dash,Chile Mustard Pork Kabobs,Middle Eastern,15.83,20.59,77.1,2022-10-16,20:31:38,0.7688198154443905,0.2670557717250324
Dash,Chicken Fried Rice,Chinese,161.83,242.99,106.94,2022-10-16,20:31:38,0.6659944853697684,2.2722087151673835
Dash,Oysters Rockefeller Soup Recipe,American,95.87,209.19,135.19,2022-10-16,20:31:38,0.4582915053300827,1.5473777646275613
Dash,Manhattan Jelly Shots,American,12.2,77.48,0.01,2022-10-16,20:31:38,0.15745998967475475,7748.0
Dash,Overnight Eggnog French Toast,French,111.8,686.83,435.71,2022-10-16,20:31:44,0.16277681522356333,1.5763466525900256
Dash,Chili Fries Recipe,American,116.64,210.6,190.5,2022-10-16,20:31:44,0.5538461538461539,1.105511811023622
Dash,Sesame Asparagus recipes,Chinese,13.1,24.59,32.71,2022-10-16,20:31:44,0.5327368849125661,0.7517578722103332
Dash,The Leviathan,World,0.09,1.82,0.02,2022-10-16,20:31:44,0.04945054945054945,91.0
Dash,Lemon-Basil Risotto with Tomato Topping,Italian,89.49,310.5,73.18,2022-10-16,20:31:44,0.2882125603864734,4.242962558075977
Dash,Oven-Roasted Rack of Pork,American,284.2,357.58,170.08,2022-10-16,20:31:44,0.7947871804910789,2.1024223894637815
Dash,"Absinthe, Anyone? Try The Necromancer Cocktail recipes",World,0.11,12.0,0.11,2022-10-16,20:31:44,0.009166666666666667,109.0909090909091
Dash,Glazed Walnuts,American,0.46,19.59,1.79,2022-10-16,20:31:44,0.02348136804492088,10.94413407821229
Dash,The Kilbeggan Dubliner Cocktail,World,0.23,16.04,0.01,2022-10-16,20:31:44,0.01433915211970075,1603.9999999999998
Dash,Cheeto-Crusted Jalapeño Poppers With Bacon,Mexican,76.49,84.83,274.91,2022-10-16,20:31:44,0.9016857243899563,0.3085737150340111
Dash,Norwegian Wood Recipe,Mediterranean,0.02,2.86,0.02,2022-10-16,20:31:44,0.006993006993006994,143.0
Dash,Wine-Poached Peaches,American,11.54,161.96,59.71,2022-10-16,20:31:44,0.07125216102741416,2.7124434768045553
Dash,Shrimp Kebabs,Middle Eastern,95.89,27.69,31.84,2022-10-16,20:31:44,3.462983026363308,0.8696608040201006
Dash,Singapore Fling,World,0.19,11.13,0.04,2022-10-16,20:31:44,0.017070979335130278,278.25
Dash,Pumpkin Soup,American,56.71,299.68,69.76,2022-10-16,20:31:44,0.18923518419647625,4.295871559633027
Dash,Citrus Grilled Salmon,Nordic,27.34,38.86,21.63,2022-10-16,20:31:44,0.7035512094698919,1.7965788257050395
Dash,Mashed potatoes with reconstituted milk,British,44.0,326.99,49.53,2022-10-16,20:31:44,0.13456068992935563,6.601857460125177
Dash,2 GINGERS Hot Toddy,World,0.13,32.69,0.15,2022-10-16,20:31:51,0.0039767513000917715,217.93333333333334
Dash,Yellow Jacket Recipe,American,0.05,20.11,0.15,2022-10-16,20:31:51,0.0024863252113376433,134.06666666666666
Dash,Tuna-Quinoa Toss,Italian,24.2,33.28,15.96,2022-10-16,20:31:51,0.7271634615384615,2.0852130325814535
Dash,Off The Wagon,World,1.33,57.28,0.51,2022-10-16,20:31:51,0.02321927374301676,112.31372549019608
Dash,Celebrate Fat Tuesday with the Pinnacle® Creole Mary!,American,15.63,64.48,5.44,2022-10-16,20:31:51,0.24240074441687345,11.852941176470589
Dash,Chess Pie,American,31.15,430.47,134.83,2022-10-16,20:31:51,0.0723627662787186,3.1926870874434474
Dash,Broccoli Chicken Tortellini,Italian,69.02,95.75,58.41,2022-10-16,20:31:51,0.7208355091383811,1.6392740969012156
Dash,"Masala Soda (Lime, Whiskey, Blackcurrant, Etc.)",World,0.17,45.13,0.17,2022-10-16,20:31:51,0.0037668956348327056,265.4705882352941
Dash,Sizzlin' Skillet Baked Chicken,French,246.41,13.9,55.01,2022-10-16,20:31:51,17.727338129496403,0.2526813306671514
Dash,Salsa,Mexican,3.86,20.82,0.67,2022-10-16,20:31:51,0.18539865513928913,31.07462686567164
Dash,Cabbage Orange Salad,American,7.29,47.48,14.41,2022-10-16,20:31:51,0.15353833192923338,3.2949340735600274
Dash,Spicy Maple and Rum Tottie,World,0.26,12.87,0.12,2022-10-16,20:31:51,0.020202020202020204,107.25
Dash,Orange-Asparagus Salad,French,6.54,27.63,9.58,2022-10-16,20:31:51,0.23669923995656897,2.884133611691023
Dash,Baked Chicken,American,108.97,0.86,48.36,2022-10-16,20:31:51,126.70930232558139,0.017783291976840365
Dash,Spicy Deviled Eggs,Italian,66.49,6.44,94.97,2022-10-16,20:31:51,10.324534161490682,0.06781088764873118
Dash,Blackberry Smash,World,0.55,17.19,0.17,2022-10-16,20:31:51,0.031995346131471786,101.11764705882354
Dash,Persimmons Grand Marnier,World,0.53,17.02,11.72,2022-10-16,20:31:58,0.031139835487661575,1.4522184300341296
Dash,Simple cheeseburger and handcut fries,American,44.37,110.53,64.95,2022-10-16,20:31:58,0.40142947616031843,1.7017705927636644
Dash,Mimosa Granita,World,2.77,140.8,0.74,2022-10-16,20:31:58,0.019673295454545454,190.2702702702703
Dash,Cupid's Cider Cocktail,World,0.12,7.71,0.1,2022-10-16,20:31:58,0.01556420233463035,77.1
Dash,Ultimat Sparkler,World,0.32,16.32,0.08,2022-10-16,20:31:58,0.0196078431372549,204.0
Dash,Shrimp Creole,American,206.36,76.37,38.81,2022-10-16,20:31:58,2.702108157653529,1.9677918062355064
Dash,Roasted Delicata with Bacon-Shallots and Pomegranate,American,32.85,132.06,45.75,2022-10-16,20:31:58,0.24875056792367106,2.8865573770491806
Dash,Virgin Mary,American,10.81,56.54,3.63,2022-10-16,20:31:58,0.1911920764060842,15.575757575757576
Dash,Mashed Rutabagas recipes,American,10.22,43.35,5.28,2022-10-16,20:31:58,0.23575547866205307,8.210227272727273
Dash,New Cuban,World,3.0,17.62,0.07,2022-10-16,20:31:58,0.170261066969353,251.7142857142857
Dash,Herbed Lemon Chicken Breasts,French,246.71,16.47,55.44,2022-10-16,20:31:58,14.979356405585916,0.29707792207792205
Dash,"Coconut, caramel & pecan dairy-free ice cream",American,26.43,77.92,209.71,2022-10-16,20:31:58,0.339194045174538,0.37156072671784846
Dash,Good Eats Meatloaf,American,240.63,181.67,134.31,2022-10-16,20:31:58,1.324544503770573,1.352617079889807
Dash,Pisco Sour Recipe,World,3.0,18.13,0.06,2022-10-16,20:32:04,0.1654715940430226,302.1666666666667
Dash,Remontel Toddy Recipe,World,0.98,25.76,0.29,2022-10-16,20:32:04,0.03804347826086956,88.82758620689657
Dash,Emerald Martini,World,0.48,18.37,0.21,2022-10-16,20:32:04,0.0261295590636908,87.47619047619048
Dash,Fried Oysters,Mediterranean,204.24,339.24,617.63,2022-10-16,20:32:04,0.6020516448532013,0.5492608843482344
Dash,Grilled Asparagus Rafts,Chinese,8.25,13.59,7.87,2022-10-16,20:32:04,0.6070640176600441,1.726810673443456
Dash,Summer's Delight,World,1.46,40.52,0.37,2022-10-16,20:32:04,0.03603158933859822,109.51351351351353
Dash,Garden Fresh Israeli Couscous,Middle Eastern,34.49,205.58,30.03,2022-10-16,20:32:04,0.1677692382527483,6.845820845820846
Dash,Blue Crab Deviled Eggs,Mediterranean,90.81,12.42,229.51,2022-10-16,20:32:04,7.311594202898551,0.05411528909415712
Dash,Rosemary Roasted Almonds,French,0.68,1.98,14.59,2022-10-16,20:32:04,0.3434343434343435,0.135709389993146
Dash,Red Snapper,World,0.69,4.5,0.22,2022-10-16,20:32:04,0.15333333333333332,20.454545454545453
Dash,Vanilla Bean Crème Brûlée,French,52.16,163.36,53.35,2022-10-16,20:32:04,0.31929480901077373,3.0620431115276476
Dash,The Yellow Jacket Recipe,World,0.23,22.03,0.18,2022-10-16,20:32:04,0.01044030866999546,122.3888888888889
Dash,Tippled Red Wine Linguine,French,76.67,195.98,76.25,2022-10-16,20:32:04,0.39121338912133896,2.570229508196721
Dash,Hungry Girl’s Spiced Apple Salad,South American,2.86,20.04,4.11,2022-10-16,20:32:04,0.14271457085828343,4.875912408759124
Dash,Meatloaf Muffins,American,88.25,29.18,97.16,2022-10-16,20:32:04,3.0243317340644276,0.3003293536434747
Dash,Knickerbocker Swizzle,World,1.34,33.32,0.22,2022-10-16,20:32:04,0.04021608643457383,151.45454545454547
Dash,Cashew-Crusted Tilapia With Wild Rice,Mediterranean,13.7,46.89,12.95,2022-10-16,20:32:04,0.29217317125186604,3.6208494208494213
Dash,Pok Pok's Rhubarb Blush Recipe,South East Asian,0.14,3.16,0.02,2022-10-16,20:32:04,0.04430379746835443,158.0
Dash,Poor Man's Soup,American,28.98,93.73,10.66,2022-10-16,20:32:11,0.30918595967139656,8.792682926829269
Dash,Garlic Herb Chicken,Mediterranean,103.2,8.17,21.79,2022-10-16,20:32:11,12.631578947368421,0.37494263423588803
Dash,Blue Cheese Dressing recipes,American,18.7,8.48,23.38,2022-10-16,20:32:11,2.205188679245283,0.3627031650983747
Dash,Faux Fried Chicken,American,38.07,117.44,13.4,2022-10-16,20:32:11,0.32416553133514986,8.764179104477611
Dash,Butternut Souffle,Italian,6.17,20.92,4.17,2022-10-16,20:32:11,0.29493307839388144,5.016786570743406
Dash,Spinach & Cheese Strata,American,180.08,220.14,166.89,2022-10-16,20:32:11,0.8180248932497503,1.3190724429264786
Dash,Chicken chow mein,Italian,98.55,134.91,37.38,2022-10-16,20:32:11,0.7304869913275517,3.609149277688603
Dash,The Lion's Tail Recipe,World,0.92,16.29,1.24,2022-10-16,20:32:11,0.05647636586863107,13.137096774193548
Dash,Sesame Chicken,Chinese,138.91,86.9,83.5,2022-10-16,20:32:11,1.5985040276179516,1.0407185628742515
Dash,Grandmother's Banana Pudding,British,38.24,293.61,29.81,2022-10-16,20:32:11,0.13024079561322843,9.849379402884939
Dash,Come Fly With Us,World,0.34,17.03,0.09,2022-10-16,20:32:11,0.01996476805637111,189.22222222222223
Dash,Portmanteau Cocktail Recipe,World,0.34,11.73,0.12,2022-10-16,20:32:11,0.028985507246376812,97.75000000000001
Dash,The Chanel 75 Cocktail,World,0.09,14.0,0.04,2022-10-16,20:32:11,0.0064285714285714285,350.0
Dash,Grandma's Rice Pudding,British,91.7,481.48,182.6,2022-10-16,20:32:11,0.1904544321674836,2.6368017524644034
Dash,Pink Passion,World,0.07,14.77,0.09,2022-10-16,20:32:11,0.004739336492890996,164.11111111111111
Dash,Cheesy Onion Artichoke Dip,Mediterranean,95.87,106.94,184.28,2022-10-16,20:32:18,0.8964840097250796,0.5803125678315606
Dash,Wildly Interesting Wild Mushroom & Arugula Tart,American,80.66,199.24,697.65,2022-10-16,20:32:18,0.4048383858662919,0.2855873288898445
Dash,3-Ingredient Walnut Flourless Cake,American,72.47,293.63,202.57,2022-10-16,20:32:18,0.2468072063481252,1.4495236214641853
Dash,Gazpacho,Mediterranean,4.24,15.49,0.59,2022-10-16,20:32:18,0.2737249838605552,26.254237288135595
Dash,Easy Roasted Potatoes With Garlic Recipe,American,33.27,276.96,74.64,2022-10-16,20:32:18,0.1201256499133449,3.710610932475884
Dash,Far-Out Curry Dip,Indian,0.7,4.17,178.24,2022-10-16,20:32:18,0.16786570743405274,0.023395421903052063
Dash,Sparkling Julep,World,0.12,18.16,0.01,2022-10-16,20:32:18,0.0066079295154185015,1816.0
Dash,Rusty Gate,World,0.04,3.03,0.03,2022-10-16,20:32:18,0.013201320132013203,101.0
Dash,Chicken with Black Bean Salsa,Mexican,47.6,34.91,18.33,2022-10-16,20:32:18,1.3635061586937842,1.9045280960174578
Dash,Zombie Cocktail Recipe,American,0.79,9.05,0.22,2022-10-16,20:32:18,0.087292817679558,41.13636363636364
Dash,Warm Turnip Spread,French,12.56,30.23,20.62,2022-10-16,20:32:18,0.4154813099569964,1.4660523763336566
Dash,Peanut Butter Macaroons,French,24.82,163.56,66.47,2022-10-16,20:32:18,0.1517485937882123,2.460658943884459
Dash,Whiskey Cream Sauce,World,5.7,12.43,79.33,2022-10-16,20:32:18,0.45856798069187454,0.15668725576704903
Dash,Porcini Mushroom Risotto,Italian,37.1,179.31,79.93,2022-10-16,20:32:18,0.20690424404662316,2.2433379206805952
Dash,BBQ Pot Stickers,American,136.57,670.24,279.41,2022-10-16,20:32:18,0.20376283122463593,2.3987688343294797
Dash,Chocolate Coconut Nests with Jelly Bean Eggs Recipe,French,10.45,97.09,51.51,2022-10-16,20:32:18,0.10763209393346379,1.8848767229664145
Dash,Chicken Sausage And Potato Skillet,American,20.94,65.36,19.01,2022-10-16,20:32:18,0.3203794369645043,3.4381904260915306
Dash,Maryland Style Mac 'n' Cheese recipes,American,362.96,580.46,428.77,2022-10-16,20:32:24,0.6252971781001274,1.3537794155374678
Dash,No Fail Black Beans And Rice Garnished With Crispy Baked Plantain Chips,South American,49.39,374.13,20.78,2022-10-16,20:32:24,0.13201293667976371,18.004331087584216
Dash,Raw Vegan Coconut Macaroons,American,31.57,95.83,112.34,2022-10-16,20:32:24,0.3294375456537619,0.8530354281645006
Dash,Lithuanian Summer Borscht,South East Asian,42.28,128.69,25.92,2022-10-16,20:32:24,0.32854145621260394,4.964891975308642
Dash,Don't Mind If I Do Recipe,World,0.1,18.79,0.06,2022-10-16,20:32:24,0.00532197977647685,313.1666666666667
Dash,Fennel-Mint Green Mix recipes,Mediterranean,0.72,2.17,0.6,2022-10-16,20:32:24,0.3317972350230415,3.6166666666666667
Dash,Homemade Mayonnaise,American,8.65,7.07,341.31,2022-10-16,20:32:24,1.2234794908062234,0.02071430664205561
Dash,Korean Hwayo Negroni,World,0.02,0.86,0.0,2022-10-16,20:32:24,0.023255813953488372,inf
Dash,Mint Cream Dream,French,78.0,157.1,73.96,2022-10-16,20:32:24,0.4964990451941439,2.1241211465657113
Dash,Apple Pie Grilled Cheese Sandwich recipes,American,20.42,63.28,44.17,2022-10-16,20:32:24,0.322692793931732,1.432646592709984
Dash,Espresso Crème Brûlée,French,55.77,186.45,49.84,2022-10-16,20:32:24,0.2991150442477876,3.7409711075441408
Dash,Spiced Oven Fries,American,11.23,93.43,14.7,2022-10-16,20:32:24,0.12019693888472653,6.355782312925171
Dash,Commodity Pasta,Italian,93.43,344.51,88.59,2022-10-16,20:32:24,0.27119677222722127,3.888813635850547
Dash,Creamy Tomato Lasagna,Italian,268.39,213.68,246.97,2022-10-16,20:32:24,1.256037064769749,0.8652063003603677
Dash,The Pessimist's Requiem,World,0.21,33.93,0.15,2022-10-16,20:32:24,0.00618921308576481,226.20000000000002
Dash,Baby Takes a Nap Recipe,World,0.0,10.48,0.0,2022-10-16,20:32:24,0.0,inf
Dash,Cold Pudding with Bulgur Grain,British,49.03,116.12,148.69,2022-10-16,20:32:24,0.4222356183258698,0.7809536619813034
Dash,Celery & Blue Cheese Dip with Tomato Juice,American,10.32,10.65,9.37,2022-10-16,20:32:31,0.9690140845070423,1.1366061899679831
Dash,Spiked Vanilla Chai Froth,World,1.49,20.07,2.87,2022-10-16,20:32:31,0.07424015944195317,6.993031358885017
Dash,Roasted Asparagus with Balsamic Browned Butter,American,11.22,20.01,23.66,2022-10-16,20:32:31,0.56071964017991,0.8457311918850381
Dash,Thai spinach bites,South East Asian,8.83,36.33,9.66,2022-10-16,20:32:31,0.24304982108450318,3.760869565217391
Dash,Raw Kale Shiitake Salad recipes,Mediterranean,10.38,22.63,38.08,2022-10-16,20:32:31,0.4586831639416704,0.5942752100840336
Dash,Fruit Crisp,American,25.33,316.89,99.11,2022-10-16,20:32:31,0.07993309981381552,3.197356472606195
Dash,Foolproof Chocolate Fudge,American,70.61,568.83,240.49,2022-10-16,20:32:31,0.12413199022555069,2.365295854297476
Dash,Cheese Straws,American,73.91,383.47,217.48,2022-10-16,20:32:31,0.19273997965942574,1.763242597020416
Dash,Lime Scallops,Mediterranean,110.91,53.3,45.31,2022-10-16,20:32:31,2.080863039399625,1.176340763628338
Dash,Cheddar Ginger Wafers Recipe,American,64.84,109.96,123.89,2022-10-16,20:32:31,0.58966897053474,0.8875615465332148
Dash,Lemon & Walnut Crusted Cod,American,47.49,17.28,44.54,2022-10-16,20:32:31,2.748263888888889,0.3879658733722497
Dash,Cranberry-Whiskey Sour Slush,World,1.93,258.75,0.7,2022-10-16,20:32:31,0.007458937198067632,369.64285714285717
Dash,Carpaccio of Cherries with Creme Fraiche,French,1.72,22.07,11.15,2022-10-16,20:32:31,0.07793384685092886,1.979372197309417
Dash,Chicken with Apricot Dijon Mustard,French,104.02,118.15,12.87,2022-10-16,20:32:31,0.8804062632247143,9.180264180264182
Dash,10-Minute Egg Drop Soup,Chinese,43.17,69.38,42.96,2022-10-16,20:32:31,0.6222254251945807,1.6149906890130352
Dash,Cheese Balls Three Ways,American,16.27,13.57,179.47,2022-10-16,20:32:31,1.1989683124539425,0.07561152281718393
Dash,Ooey-Gooey Jam Jar Bars,American,28.27,508.59,164.98,2022-10-16,20:32:31,0.05558504886057532,3.0827373014910897
Dash,Apple Pie,American,20.96,564.57,142.26,2022-10-16,20:32:31,0.037125600014170076,3.9685786587937586
Dash,Scottish Breakfast,World,0.6,11.14,10.5,2022-10-16,20:32:37,0.05385996409335727,1.060952380952381
Dash,Hibiscus Mojito recipes,Caribbean,0.24,82.21,0.07,2022-10-16,20:32:37,0.0029193528767789806,1174.4285714285713
Dash,Hand-Formed Parmesan Tater Tots,Italian,36.61,85.51,30.3,2022-10-16,20:32:37,0.42813705999298324,2.822112211221122
Dash,Fines-Herbes Omelet: Conventional and Classic,French,19.4,4.6,20.42,2022-10-16,20:32:37,4.217391304347826,0.2252693437806072
Dash,Patriots Punch,World,0.13,16.28,0.1,2022-10-16,20:32:37,0.007985257985257985,162.8
Dash,Ultimate Country Style Soup,American,78.05,104.08,175.56,2022-10-16,20:32:37,0.7499039200614911,0.5928457507404876
Dash,Heavenly Bread,American,69.85,179.1,466.66,2022-10-16,20:32:37,0.39000558347292014,0.38379119701710024
Dash,Prairie Fizz,World,0.59,15.67,0.17,2022-10-16,20:32:37,0.03765156349712827,92.17647058823529
Dash,Couscous with Orange,Italian,9.97,54.46,0.5,2022-10-16,20:32:37,0.1830701432243849,108.92
Dash,Champagne and Summer Fruit Wedding Jelly recipes,French,24.82,70.45,0.26,2022-10-16,20:32:37,0.3523066004258339,270.96153846153845
Dash,Tennessee Hollow,World,0.04,1.12,0.0,2022-10-16,20:32:37,0.03571428571428571,inf
Dash,Kerouac Cocktail,American,0.18,8.32,0.1,2022-10-16,20:32:37,0.021634615384615384,83.2
Dash,Roasted Cedar-Plank Salmon with Mustard-Maple Glaze,Nordic,149.32,77.47,41.86,2022-10-16,20:32:37,1.9274557893378081,1.850692785475394
Dash,Honeyed Cherry Daiquiri,World,0.85,31.88,0.17,2022-10-16,20:32:37,0.026662484316185696,187.52941176470586
Dash,Summer-Squash Bowl,Caribbean,47.7,18.17,24.89,2022-10-16,20:32:37,2.6252063841496973,0.7300120530333468
Dash,Grilled Fuji-n-Chick 'Wich,American,38.03,41.48,24.15,2022-10-16,20:32:37,0.916827386692382,1.7175983436853002
Dash,Fresh Peach Salsa,Mexican,5.4,59.11,1.47,2022-10-16,20:32:37,0.09135510065978684,40.2108843537415
Dash,Beet and Hearts of Palm Salad Recipe,Mediterranean,20.58,34.45,14.46,2022-10-16,20:32:44,0.597387518142235,2.3824343015214384
Dash,Lemon-Blueberry with Mascarpone Oatmeal,American,7.57,40.93,9.9,2022-10-16,20:32:44,0.1849499144881505,4.134343434343434
Dash,Green Beans with Caramelized Onions,Italian,9.98,70.43,23.38,2022-10-16,20:32:44,0.1417009796961522,3.01240376390077
Dash,Original Ranchandreg; Pork Chops,American,106.57,19.57,35.82,2022-10-16,20:32:44,5.4455799693408276,0.5463428252372976
Dash,The White Gold of Norway?!,French,47.49,17.28,44.54,2022-10-16,20:32:44,2.748263888888889,0.3879658733722497
Dash,Bite-size Cherry Pie Bites,French,35.04,310.51,186.53,2022-10-16,20:32:44,0.11284660719461531,1.6646652013081005
Dash,Apple Cinnamon Turnovers,Middle Eastern,13.99,155.78,36.19,2022-10-16,20:32:44,0.0898061368596739,4.304504006631666
Dash,Spicy Chicken Salad,South American,52.15,3.69,6.73,2022-10-16,20:32:44,14.13279132791328,0.5482912332838038
Dash,"Strawberry, Arugula, And Goat Cheese Pizza",Italian,51.79,191.02,56.56,2022-10-16,20:32:44,0.2711234425714585,3.3772984441301275
Dash,Hasselback Eggplant Parmesan,American,139.61,159.23,148.51,2022-10-16,20:32:44,0.8767820134396785,1.0721836913339169
Dash,Neely Clam Chowder,American,203.96,186.92,73.13,2022-10-16,20:32:44,1.0911619944361226,2.555996171201969
Dash,Intro to Aperol Recipe,French,0.11,8.19,0.05,2022-10-16,20:32:44,0.013431013431013432,163.79999999999998
Dash,Cauliflower Canapés,Mediterranean,39.8,171.75,77.97,2022-10-16,20:32:44,0.23173216885007275,2.2027702962677953
Dash,"grilled rock cod with miso, leek, and nectarine compote",Japanese,67.22,66.34,33.57,2022-10-16,20:32:44,1.0132649984926136,1.976169198689306
Dash,Pépa (Cognac And Vodka Cocktail),World,0.12,2.12,0.02,2022-10-16,20:32:51,0.056603773584905655,106.0
Dash,Original Martini,American,0.1,6.69,0.01,2022-10-16,20:32:51,0.014947683109118086,669.0
Dash,Asian (Soy and Citrus) Glazed Chicken Thighs,Indian,152.58,28.84,145.1,2022-10-16,20:32:51,5.290568654646325,0.1987594762232943
Dash,Southern Green Beans,American,207.94,82.62,58.92,2022-10-16,20:32:51,2.5168240135560396,1.4022403258655805
Dash,The Cherry Bomb,World,1.03,19.76,0.23,2022-10-16,20:32:51,0.05212550607287449,85.91304347826087
Dash,Super Breakfast Burritos,Mexican,76.58,143.62,61.97,2022-10-16,20:32:51,0.5332126444784848,2.31757301920284
Dash,Paloma Point (Mezcal Negroni With Grapefruit) Recipe,World,0.21,2.96,0.03,2022-10-16,20:32:51,0.07094594594594594,98.66666666666667
Dash,Smoky Iced Tea and Whiskey Cooler Recipe,British,0.13,11.37,0.15,2022-10-16,20:32:51,0.011433597185576079,75.8
Dash,Prosciutto-Melon Toast,Italian,9.18,18.61,7.48,2022-10-16,20:32:51,0.49328318108543795,2.4879679144385025
Dash,Breaded Chicken Fingers,American,102.95,36.31,43.9,2022-10-16,20:32:51,2.8353070779399614,0.827107061503417
Dash,"Dark Chocolate, Chia, and Cherry Pecan Bar",American,10.48,94.15,67.01,2022-10-16,20:32:51,0.111311736590547,1.4050141769885092
Dash,Cucumber-Radish Salad,South American,9.69,28.35,2.38,2022-10-16,20:32:51,0.34179894179894177,11.911764705882353
Dash,Grilled Corn Casserole,American,16.45,80.78,103.62,2022-10-16,20:32:51,0.20363951473136913,0.7795792318085312
Dash,Country Chicken Pâté,French,151.74,33.72,65.53,2022-10-16,20:32:51,4.5,0.514573477796429
Dash,The Scarlet Snake Cocktail,World,1.6,12.84,0.12,2022-10-16,20:32:51,0.12461059190031154,107.0
Dash,Ghanaian Inspired Black Eye Pea's,American,31.83,58.2,16.77,2022-10-16,20:32:51,0.5469072164948453,3.4704830053667264
Dash,Ultra-Creamy Mashed Potatoes,American,69.03,370.79,77.97,2022-10-16,20:32:51,0.1861700693114701,4.755547005258433
Dash,Time for a Drink: Hai Karate Recipe,World,0.42,13.38,0.11,2022-10-16,20:32:58,0.03139013452914798,121.63636363636364
Dash,Simple Cucumber Salad,American,2.63,17.19,6.21,2022-10-16,20:32:58,0.1529959278650378,2.768115942028986
Dash,Fresh Mint Ice Cream,French,29.59,187.4,46.72,2022-10-16,20:32:58,0.157897545357524,4.011130136986302
Dash,Rise and Shine,American,21.19,27.6,20.95,2022-10-16,20:32:58,0.7677536231884058,1.3174224343675418
Dash,"Assorted Greens with Feta, Cinnamon Dusted Pecans and Raspberry Vinaigrette",American,24.97,173.85,306.44,2022-10-16,20:32:58,0.14362956571757263,0.5673214984988905
Dash,Microwave Brownie in a Mug (single serving) Recipe recipes,French,3.74,55.72,29.63,2022-10-16,20:32:58,0.06712132089016512,1.8805264934188324
Dash,Bloody Mary,World,0.92,5.55,0.3,2022-10-16,20:32:58,0.16576576576576577,18.5
Dash,Three Onion Mac and Cheese,American,113.95,285.32,126.13,2022-10-16,20:32:58,0.39937613907191927,2.2621105208911443
Dash,Gin-To-The-Fire,American,0.19,9.84,0.08,2022-10-16,20:32:58,0.019308943089430895,123.0
Dash,Spicy Butterscotch Pudding,British,15.18,110.08,47.34,2022-10-16,20:32:58,0.1378997093023256,2.3253062948880436
Dash,Savory Chinese Soybean Milk Soup,Chinese,57.41,157.76,96.96,2022-10-16,20:32:58,0.363907200811359,1.627062706270627
Dash,Tomatillo-Avocado Salsa Fresca Recipe,South American,6.28,35.79,24.24,2022-10-16,20:32:58,0.17546800782341437,1.4764851485148516
Dash,Strega's Walnut Manhattan,World,0.2,9.32,0.08,2022-10-16,20:32:58,0.02145922746781116,116.5
Dash,Oregon Thanksgiving Special Recipe,World,0.77,0.8,0.02,2022-10-16,20:32:58,0.9625,40.0
Dash,Spicy Haddock Fish Cakes,Mediterranean,102.58,164.23,3.68,2022-10-16,20:32:58,0.6246118248797419,44.627717391304344
Dash,Scotch Bonnet Marmalade Cocktail,World,0.34,22.14,0.13,2022-10-16,20:32:58,0.015356820234869017,170.3076923076923
Dash,Old Fashioned (Bourbon and Orange) Ice Cream Recipe,American,30.29,178.43,205.5,2022-10-16,20:32:58,0.16975844869136356,0.8682725060827251
Dash,Barbecue Wings,American,400.36,49.21,656.96,2022-10-16,20:32:58,8.135744767323715,0.07490562591329761
Dash,Zucchini Custards with Tomatoes and Basil,Italian,71.88,86.68,47.81,2022-10-16,20:33:04,0.8292570373788647,1.8130098305793767
Dash,Bananas Foster,American,17.42,295.9,181.86,2022-10-16,20:33:04,0.0588712402838797,1.6270757725723082
Dash,Skinnygirl Sweet Potato Pie Cocktail,World,1.1,20.76,4.2,2022-10-16,20:33:04,0.05298651252408478,4.942857142857143
Dash,Cranberry Citrus Dressing,American,7.64,747.92,3.26,2022-10-16,20:33:04,0.010214996256284095,229.42331288343559
Dash,Apple-Pecan Mini Pies recipes,American,48.31,380.02,104.58,2022-10-16,20:33:04,0.12712488816378087,3.633773187990055
Dash,Ring-My-Bella Mushroom Sandwich,American,15.21,40.5,28.64,2022-10-16,20:33:04,0.3755555555555556,1.4141061452513966
Dash,City Lights,World,1.86,13.12,0.2,2022-10-16,20:33:04,0.14176829268292684,65.6
Dash,Blackwood's Gin Spring,World,0.58,14.85,0.17,2022-10-16,20:33:04,0.039057239057239054,87.35294117647058
Dash,Rice Pudding,British,60.7,608.7,195.5,2022-10-16,20:33:04,0.09972071628059799,3.1135549872122765
Dash,Individual Sausage Casseroles recipes,British,134.95,21.16,121.68,2022-10-16,20:33:04,6.3775992438563325,0.17389875082182774
Dash,Sammy’s Maui Mama,World,0.49,20.96,0.15,2022-10-16,20:33:04,0.023377862595419845,139.73333333333335
Dash,Toasted Paprika Chickpeas,Mediterranean,30.39,99.03,28.82,2022-10-16,20:33:04,0.3068767040290821,3.436155447605829
Dash,The Prince Of Wales' Cocktail,World,0.31,9.79,0.06,2022-10-16,20:33:04,0.031664964249233915,163.16666666666666
Dash,Bloody Mary-Flavored Gazpacho Recipe,American,10.49,52.84,110.43,2022-10-16,20:33:04,0.1985238455715367,0.4784931630897401
Dash,Meat Lite: Lentil Sausage Ragout,Middle Eastern,81.5,181.04,71.26,2022-10-16,20:33:04,0.4501767565178966,2.54055571147909
Dash,Bacon Cheddar Frittata,Italian,37.88,9.08,56.85,2022-10-16,20:33:04,4.171806167400882,0.15971855760773968
Dash,Bourbon-Caramel Truffles,American,11.06,141.96,46.94,2022-10-16,20:33:11,0.07790927021696252,3.024286322965488
Dash,Marissa Hermer’s Apple Pie,British,34.18,397.77,194.93,2022-10-16,20:33:11,0.08592905447871886,2.0405786692658903
Dash,Swiss Chard with Garlic and Oregano,Eastern Europe,5.33,11.86,5.1,2022-10-16,20:33:11,0.44940978077571675,2.3254901960784315
Dash,School of Tapas: Garlic Soup Shots,Mediterranean,101.61,36.44,228.64,2022-10-16,20:33:11,2.788419319429199,0.1593771868439468
Dash,Bourbon Renewal Recipe,World,0.33,19.7,0.13,2022-10-16,20:33:11,0.016751269035532996,151.53846153846152
Dash,French Toast ‘n’ Cheese Sandwich,French,15.51,60.45,29.26,2022-10-16,20:33:11,0.25657568238213396,2.0659603554340396
Dash,Aunt Trish’s Salad Dressing,American,14.9,14.82,172.03,2022-10-16,20:33:11,1.0053981106612686,0.08614776492472244
Dash,Tiramisu Truffles,Italian,29.48,191.81,161.76,2022-10-16,20:33:11,0.15369375944945518,1.1857690405539072
Dash,Caramel Pears,American,2.06,97.72,0.56,2022-10-16,20:33:11,0.021080638559148587,174.49999999999997
Dash,Turmeric Carrot Spread,Mediterranean,7.34,31.2,44.58,2022-10-16,20:33:11,0.23525641025641025,0.6998654104979811
Dash,Ruby Can't Fail,World,0.31,13.35,0.07,2022-10-16,20:33:11,0.023220973782771537,190.7142857142857
Dash,Chocolate Peanut Butter Sea Salt Power Bites,American,200.51,393.97,138.58,2022-10-16,20:33:11,0.5089473817803385,2.8429066243325156
Dash,Chili Cheese Egg Bake recipes,American,226.5,94.25,314.04,2022-10-16,20:33:11,2.4031830238726792,0.30012100369379696
Dash,Dinner Tonight: Chipped Beef Gravy,American,27.23,46.93,24.22,2022-10-16,20:33:11,0.580225868314511,1.9376548307184147
Dash,Crunchy Snow Peas with Toasted Almonds,American,17.31,44.63,37.23,2022-10-16,20:33:11,0.38785570244230333,1.1987644372817623
Dash,Pommes De Terre En Robe Des Champs,Mediterranean,40.14,259.98,40.45,2022-10-16,20:33:18,0.15439649203784905,6.427194066749073
Dash,Cheddar Potato Casserole,Italian,20.46,122.46,48.55,2022-10-16,20:33:18,0.16707496325330723,2.5223480947476826
Dash,Sweet-and-Sour Almond Chicken,Chinese,22.41,30.71,7.18,2022-10-16,20:33:18,0.7297297297297297,4.27715877437326
Dash,Sunchoke Chips with Warm Blue-Cheese Dip,American,52.84,171.55,50.66,2022-10-16,20:33:18,0.30801515593121537,3.3863008290564554
Dash,Blue Cheese-Topped Pork Chops,Mediterranean,129.81,4.35,102.9,2022-10-16,20:33:18,29.84137931034483,0.04227405247813411
Dash,A Creamy Sauced Pasta With Artichokes And Bacon,Mediterranean,136.18,322.0,152.19,2022-10-16,20:33:18,0.4229192546583851,2.1157763322163086
Dash,Sensational Turkey Noodle Soup,American,65.4,50.29,16.52,2022-10-16,20:33:18,1.3004573473851662,3.044188861985472
Dash,Velvety Bittersweet Chocolate Pudding,British,26.76,207.68,74.93,2022-10-16,20:33:18,0.12885208012326657,2.7716535433070866
Dash,Guacamole,Mexican,18.66,86.54,118.41,2022-10-16,20:33:18,0.21562283337185115,0.7308504349294824
Dash,Turkey Caesar Sandwich recipes,American,30.13,29.58,19.5,2022-10-16,20:33:18,1.0185936443542936,1.5169230769230768
Dash,Pots De Creme A L’orange,French,36.91,221.5,123.57,2022-10-16,20:33:18,0.16663656884875844,1.7925062717488065
Dash,Grilled Asparagus Rafts,British,12.59,21.26,8.11,2022-10-16,20:33:18,0.5921919096895578,2.621454993834772
Dash,Chicken Sicilian,Italian,178.89,83.44,230.66,2022-10-16,20:33:18,2.143935762224353,0.3617445590913032
Dash,Fennel Coleslaw,Mediterranean,8.9,64.51,1.39,2022-10-16,20:33:18,0.13796310649511703,46.41007194244605
Dash,Holiday Brunch Bake,American,151.32,153.24,256.1,2022-10-16,20:33:18,0.9874706342991385,0.5983600156188988
Dash,Fire Roasted Tomato Soup,American,8.14,40.92,29.6,2022-10-16,20:33:18,0.19892473118279572,1.3824324324324324
Dash,Pickled Cucumber and Onion Appetizer,American,12.86,94.98,10.46,2022-10-16,20:33:18,0.1353969256685618,9.080305927342256
Dash,The Rosita,American,0.02,0.77,0.0,2022-10-16,20:33:18,0.025974025974025972,inf
Dash,Apple Phyllo Cornucopias recipes,Mediterranean,33.67,458.82,59.43,2022-10-16,20:33:24,0.07338389782485506,7.720343260979304
Dash,"Lime, Soy, and Maple Drizzle",American,2.37,32.94,7.83,2022-10-16,20:33:24,0.07194899817850639,4.206896551724138
Dash,Coconut Meringues,French,13.19,110.55,14.37,2022-10-16,20:33:24,0.11931252826775214,7.693110647181628
Dash,"Vidalia Onion Burger with Honeydew Melon, Caramelized Onions and Goat Cheese",American,108.71,170.01,117.39,2022-10-16,20:33:24,0.63943297453091,1.4482494249936109
Dash,Pumpkin Maple Milkshake,American,1.87,21.6,4.41,2022-10-16,20:33:24,0.08657407407407407,4.8979591836734695
Dash,Jicama Salad With Cucumber And Lime,Mexican,6.54,70.37,0.97,2022-10-16,20:33:24,0.09293733124911183,72.54639175257732
Dash,Peanut Butter Soufflé recipes,American,58.43,145.31,157.47,2022-10-16,20:33:24,0.4021058426811644,0.9227789420207024
Dash,Sour Cream Cheesecake,American,48.13,274.31,275.52,2022-10-16,20:33:24,0.17545842295213446,0.9956083042973287
Dash,Cherry-Grapefruit Basil Sorbet,American,6.69,193.45,1.25,2022-10-16,20:33:24,0.03458257947790127,154.76
Dash,Aunt Trish’s Salad Dressing recipes,American,14.9,14.82,172.03,2022-10-16,20:33:24,1.0053981106612686,0.08614776492472244
Dash,Muckraker Punch Recipe,World,0.17,11.19,0.11,2022-10-16,20:33:24,0.015192135835567474,101.72727272727272
Dash,Overnight Quinoa Pudding,British,32.93,142.61,20.24,2022-10-16,20:33:24,0.2309094733889629,7.045948616600792
Dash,Fresh Mozzarella on Bruschetta with Garlic Pesto,Italian,83.6,179.14,262.64,2022-10-16,20:33:24,0.4666741096349224,0.6820743222662199
Dash,Lemon Verbena-Buttermilk Sherbet,British,20.83,234.28,5.53,2022-10-16,20:33:24,0.08891070513914973,42.36528028933092
Dash,Kim in the Swim,American,0.19,23.46,0.04,2022-10-16,20:33:24,0.008098891730605285,586.5
Dash,Turkey Caesar Sandwich,American,30.09,29.48,19.49,2022-10-16,20:33:24,1.0206919945725916,1.512570548999487
Dash,Chocolate Chip Meringues with Strawberries,American,4.63,46.28,3.72,2022-10-16,20:33:31,0.10004321521175454,12.440860215053764
Dash,"100-Year-Old Cigar (Rum, Scotch, and Cynar Cocktail) Recipe",World,0.03,9.13,0.09,2022-10-16,20:33:31,0.0032858707557502733,101.44444444444446
Dash,Hot Crab Dip Recipe,American,44.74,13.73,112.39,2022-10-16,20:33:31,3.258557902403496,0.1221638935848385
Dash,Kicked Up Out of the Can French Onion Soup,French,66.72,185.0,40.84,2022-10-16,20:33:31,0.36064864864864865,4.529872673849167
Dash,Quick and Simple No-Tahini Hummus,Mediterranean,62.57,209.24,240.07,2022-10-16,20:33:31,0.29903460141464344,0.8715791227558629
Dash,Spinach Oshitashi Style recipes,American,21.28,26.44,5.36,2022-10-16,20:33:31,0.8048411497730711,4.932835820895522
Dash,Kimchi Avocado Quesadilla recipes,Mexican,60.22,68.31,112.34,2022-10-16,20:33:31,0.881569316351925,0.60806480327577
Dash,Mama Jean's Chicken Noodle Soup,Asian,195.69,234.27,75.4,2022-10-16,20:33:31,0.8353182225637085,3.107029177718833
Dash,Golden Yellow Mustard,American,9.35,27.11,39.38,2022-10-16,20:33:31,0.3448911840649207,0.6884205180294565
Dash,Fall Classic,American,2.59,115.57,0.83,2022-10-16,20:33:31,0.022410660205935795,139.24096385542168
Dash,Cranberry-Chocolate Fudge,American,27.92,370.54,145.28,2022-10-16,20:33:31,0.0753494899336104,2.550523127753304
Dash,Roasted Fish Sauce Brussels Sprouts,Italian,38.73,144.8,29.92,2022-10-16,20:33:31,0.26747237569060767,4.839572192513369
Dash,Cheese & Chutney Tostados,Indian,59.66,66.27,43.85,2022-10-16,20:33:31,0.9002565263316734,1.5112884834663625
Dash,Butternut Squash 'Chawanmushi',South East Asian,31.57,47.15,18.66,2022-10-16,20:33:38,0.6695652173913044,2.5267952840300105
Dash,Goguma Twigim (Pan-Fried Sweet Potatoes),American,19.05,173.92,28.42,2022-10-16,20:33:38,0.109533118675253,6.1196340605207595
Dash,Chocolate-Hazelnut Meringue Kisses,British,21.28,207.12,32.13,2022-10-16,20:33:38,0.10274237157203554,6.446311858076563
Dash,Grilled Sweet and Tangy Pork Chops,American,168.38,37.09,73.51,2022-10-16,20:33:38,4.539768131571852,0.5045572031016189
Dash,Grilled Steak and Onion Salad,Mediterranean,105.7,47.67,75.37,2022-10-16,20:33:38,2.2173274596182084,0.632479766485339
Dash,Stir-Fried Shrimp With Snow Peas And Ginger,Chinese,98.51,20.68,31.74,2022-10-16,20:33:38,4.763539651837524,0.651543793320731
Dash,Martha's Sandwich with Bitter Greens recipes,American,51.45,99.25,42.49,2022-10-16,20:33:38,0.5183879093198993,2.335843727935985
Dash,The Sea Grill's Grilled Day Boat Sea Scallops,Mediterranean,29.83,57.47,231.72,2022-10-16,20:33:38,0.5190534191752219,0.2480148455031935
Dash,Mashed Potatoes and Parsnips,American,28.46,227.57,44.81,2022-10-16,20:33:38,0.12506042096937206,5.07855389422004
Dash,Sweet & Smoky Brisket,French,341.99,126.64,446.5,2022-10-16,20:33:38,2.7004895767530006,0.2836282194848824
Dash,Smooth guacamole,Mexican,8.77,59.99,23.14,2022-10-16,20:33:38,0.14619103183863977,2.5924805531547106
Dash,Creamy Broccoli Soup recipes,American,22.52,56.59,18.39,2022-10-16,20:33:38,0.3979501678741827,3.077215878194671
Dash,West Indies Salad,French,83.88,39.07,112.79,2022-10-16,20:33:38,2.1469157921679036,0.3463959570883943
Dash,Parmesan Shrimp Quesadillas,Mexican,96.53,80.5,75.63,2022-10-16,20:33:38,1.1991304347826086,1.0643924368636786
Dash,Le Bleu Glacier,World,0.19,5.71,0.05,2022-10-16,20:33:38,0.03327495621716287,114.19999999999999
Dash,Roasted Root Vegetable Soup with Grilled Cheese Croutons,American,80.42,267.79,85.29,2022-10-16,20:33:38,0.30030994435938607,3.1397584710986046
Dash,Glazed Aebleskivers,American,32.85,242.76,64.39,2022-10-16,20:33:44,0.13531883341571924,3.770150644510017
Dash,Chocolate-Caramel Angel Food Cake,American,34.76,484.98,95.62,2022-10-16,20:33:44,0.07167305868283227,5.071951474586906
Dash,Garlic Cheese Spread,American,266.51,510.79,542.37,2022-10-16,20:33:44,0.5217604103447601,0.9417740656747239
Dash,Singapore Sling,South East Asian,1.52,99.02,0.39,2022-10-16,20:33:44,0.01535043425570592,253.89743589743588
Dash,Slushies For Grownups,World,2.01,85.23,0.78,2022-10-16,20:33:44,0.02358324533614924,109.26923076923077
Dash,Kitchen Sink Vegetable Lasagna with Spiced Tofu Cream Sauce,Italian,144.81,168.57,118.63,2022-10-16,20:33:44,0.8590496529631607,1.4209727724858805
Dash,Gazpacho of Cucumber and Fennel with Tomato Sorbet Recipe,Mediterranean,16.22,161.66,56.54,2022-10-16,20:33:44,0.10033403439317085,2.8592147152458436
Dash,Chinese Lions Head Meatballs,Chinese,233.08,260.15,243.08,2022-10-16,20:33:44,0.8959446473188546,1.0702237946355109
Dash,Maui's Hot Dog Soprano,American,25.56,19.2,67.0,2022-10-16,20:33:44,1.33125,0.2865671641791045
Dash,Extra-Crispy Lasagna,Italian,221.61,261.56,202.3,2022-10-16,20:33:44,0.8472625783758985,1.292931290163124
Dash,Test Pilot,World,0.09,20.31,0.07,2022-10-16,20:33:44,0.004431314623338257,290.1428571428571
Dash,Pineapple Sage Mojito,World,0.87,20.62,0.71,2022-10-16,20:33:44,0.042192046556741025,29.042253521126764
Dash,Danish Hakkebøf with Soft Onions - Hakkebøf med Bløde Løg,Nordic,25.53,50.33,40.86,2022-10-16,20:33:44,0.50725213590304,1.231767009300049
Dash,Indian-Spiced Cashews,American,26.32,78.92,70.76,2022-10-16,20:33:44,0.3335022807906741,1.115319389485585
Dash,Zagorski Å¡Trukli,American,156.71,210.95,292.55,2022-10-16,20:33:44,0.7428774591135341,0.7210733207998632
Dash,Ultra Creamy Mashed Potatoes,American,45.32,217.52,71.01,2022-10-16,20:33:44,0.20834865759470392,3.0632305309111394
Dash,Anaheim Shrimp Scampi,Chinese,125.48,102.63,151.58,2022-10-16,20:33:51,1.222644450940271,0.6770682148040638
Dash,Chocolate Coeurs a la Creme,French,31.19,180.37,229.52,2022-10-16,20:33:51,0.17292232632921217,0.7858574416172882
Dash,Pisco Sour,South American,0.3,206.45,0.04,2022-10-16,20:33:51,0.001453136352627755,5161.25
Dash,The Singapore Sling,South East Asian,0.28,20.08,0.14,2022-10-16,20:33:51,0.013944223107569724,143.42857142857142
Dash,Shallot Parsley Dip,American,22.8,20.99,19.91,2022-10-16,20:33:51,1.0862315388280135,1.0542440984429935
Dash,Roti with Curried Filling,Indian,50.34,204.19,22.93,2022-10-16,20:33:51,0.24653508986728048,8.904928041866551
Dash,Roasted Raw Bananas,American,8.11,80.46,75.44,2022-10-16,20:33:51,0.100795426298782,1.066542948038176
Dash,Grilled Breadsticks,American,4.36,14.07,12.97,2022-10-16,20:33:51,0.30987917555081734,1.084811102544333
Dash,Test Pilot Recipe,World,0.06,10.68,0.01,2022-10-16,20:33:51,0.0056179775280898875,1068.0
Dash,Kastel's Pumpkin Punch Cocktail Recipe,American,0.48,19.07,0.18,2022-10-16,20:33:51,0.025170424750917672,105.94444444444444
Dash,Shrimp Scampi,Italian,162.42,401.28,113.57,2022-10-16,20:33:51,0.40475478468899523,3.5333274632385314
Dash,Strawberry-Pecan Quick Bread,American,35.86,387.64,106.1,2022-10-16,20:33:51,0.09250851305334847,3.6535344015080113
Dash,Spinach and Feta Puff Pastry Bites,Mediterranean,27.72,36.65,36.38,2022-10-16,20:33:51,0.756343792633015,1.007421660252886
Dash,Christmas Egg Pie,American,130.01,52.81,161.37,2022-10-16,20:33:51,2.4618443476614273,0.32726033339530275
Dash,Drunken Cranberry-Orange Relish,World,4.94,230.76,5.56,2022-10-16,20:33:51,0.02140752296758537,41.50359712230216
Dash,Thai Iced Tea Ice Cream,South East Asian,55.92,248.18,145.6,2022-10-16,20:33:51,0.22532033201708437,1.7045329670329672
Dash,Absinthe and Old Lace Cocktail Recipe,American,3.19,17.14,5.47,2022-10-16,20:33:51,0.18611435239206534,3.1334552102376603
Dash,Candy Corn Trifle,British,51.1,734.24,112.55,2022-10-16,20:33:51,0.06959577249945521,6.523678365171035
Dash,The Pink Drink,World,2.87,52.66,0.6,2022-10-16,20:33:58,0.05450056969236613,87.76666666666667
Dash,Manhattan Ice Cream Float,American,26.99,198.89,146.97,2022-10-16,20:33:58,0.13570315249635478,1.3532693747023201
Dash,Cuban Pulled Pork Tacos,Mexican,278.39,72.47,287.15,2022-10-16,20:33:58,3.8414516351593764,0.2523768065471008
Dash,Almond Meal Encrusted Chicken Nuggets - REAL FOOD Healing Recipe from Mee Tracy McCormick,American,191.06,25.06,137.85,2022-10-16,20:33:58,7.624102154828412,0.18179180268407688
Dash,Campbell's Classic Green Bean Casserole,South East Asian,25.26,147.27,63.74,2022-10-16,20:33:58,0.17152169484620086,2.3104800753059305
Dash,Acorn Squash Fondue,French,71.36,81.84,191.57,2022-10-16,20:33:58,0.8719452590420332,0.4272067651511197
Dash,"Twice Baked Sweet Potatoes with Rosemary, Gruyere and Coffee Spiced Pecans",American,14.69,85.49,46.72,2022-10-16,20:33:58,0.17183296291963973,1.8298373287671232
Dash,Prosciutto-Wrapped Shrimp with Bourbon Barbecue Sauce recipes,American,83.39,95.48,45.97,2022-10-16,20:33:58,0.8733766233766234,2.077006743528388
Dash,The Bijou,World,0.03,5.34,0.04,2022-10-16,20:33:58,0.0056179775280898875,133.5
Dash,Pork Chops with Peach Salsa,Mexican,169.44,44.83,73.07,2022-10-16,20:33:58,3.7796118670533128,0.6135212809634597
Dash,Iceberg Salad With Benihana Ginger Dressing,Mediterranean,11.46,57.99,55.89,2022-10-16,20:33:58,0.1976202793585101,1.0375738056897477
Dash,Quesadillas,Mexican,120.6,295.0,177.32,2022-10-16,20:33:58,0.4088135593220339,1.6636589217234379
Dash,Sensational Turkey Noodle Soup,American,65.41,49.96,16.52,2022-10-16,20:33:58,1.3092473979183346,3.024213075060533
Dash,Seared Salmon,Nordic,81.1,1.38,59.35,2022-10-16,20:33:58,58.768115942028984,0.023251895534962087
Dash,Shaved Brussels Sprouts Salad,American,21.91,69.71,44.26,2022-10-16,20:34:04,0.31430210873619285,1.5750112968820604
Dash,Stir-Fried Beef with Tomato and Basil,Chinese,60.87,41.45,75.79,2022-10-16,20:34:04,1.4685162846803377,0.5469059242644149
Dash,Seared Salmon With Cinnamon And Chili Powder,Nordic,81.1,1.38,59.35,2022-10-16,20:34:04,58.768115942028984,0.023251895534962087
Dash,Pumpkin-Swirl Cheesecake,American,116.18,1331.1,374.13,2022-10-16,20:34:04,0.08728119600330554,3.557854221794563
Dash,Spinach-Artichoke Potato Topper,Mediterranean,19.57,115.32,67.56,2022-10-16,20:34:04,0.16970169961845302,1.7069271758436944
Dash,Basil Butter Broiled Oysters,American,115.45,63.68,119.49,2022-10-16,20:34:04,1.8129711055276383,0.532931626077496
Dash,East India Cocktail,American,0.08,10.95,0.02,2022-10-16,20:34:04,0.007305936073059361,547.5
Dash,Au Gratin Potatoes (Scalloped Potatoes),French,89.15,279.78,129.73,2022-10-16,20:34:04,0.31864321967259995,2.1566330070145687
Dash,Asian Salmon Burgers with Grilled Scallions recipes,Nordic,95.73,13.53,81.57,2022-10-16,20:34:04,7.0753880266075395,0.16586980507539537
Dash,Quick Chicken Chasseur,American,185.75,32.21,158.22,2022-10-16,20:34:04,5.766842595467246,0.20357729743395273
Dash,Cilantro Grilled Chicken Breast,Mediterranean,105.17,13.32,132.24,2022-10-16,20:34:04,7.895645645645645,0.10072595281306715
Dash,Roasted Brussels Sprouts and Chestnuts,American,26.1,140.25,33.81,2022-10-16,20:34:04,0.18609625668449198,4.148181011535049
Dash,Firecracker Chicken,American,179.41,42.81,82.87,2022-10-16,20:34:04,4.190843260920345,0.5165922529262701
Dash,Grandma Dora’s Chopped Liver,Kosher,108.64,19.45,75.73,2022-10-16,20:34:04,5.5856041131105405,0.2568334873894097
Dash,Smoked Tuna Dip,American,47.69,2.4,15.61,2022-10-16,20:34:04,19.870833333333334,0.15374759769378604
Dash,Savory Green Apple Salad,American,4.25,29.14,19.39,2022-10-16,20:34:11,0.14584763212079616,1.5028365136668385
Dash,Macaroni and Cheese,American,132.92,224.58,224.77,2022-10-16,20:34:11,0.591860361563808,0.9991546914623838
Dash,Blue Cheese Turkey Rolls,American,30.85,3.56,31.32,2022-10-16,20:34:11,8.665730337078651,0.1136653895274585
Dash,Blackberry Mary,World,1.19,17.3,0.35,2022-10-16,20:34:11,0.06878612716763005,49.42857142857143
Dash,Chicken Stir Fry,Chinese,124.52,11.77,42.06,2022-10-16,20:34:11,10.57943925233645,0.2798383262006657
Dash,Decadent Skinny Slaw,American,8.93,54.21,45.49,2022-10-16,20:34:11,0.1647297546578122,1.1916904814244889
Dash,Pasion Andina,World,0.69,27.55,0.22,2022-10-16,20:34:11,0.025045372050816694,125.22727272727273
Dash,Mellow Yellow Spaghetti Squash Casserole,Italian,65.58,267.24,43.81,2022-10-16,20:34:11,0.24539739559946114,6.09997717416115
Dash,El Chupacabra,Mediterranean,4.02,54.42,0.82,2022-10-16,20:34:11,0.07386990077177508,66.3658536585366
Dash,Quick tomato soup with cheesy garlic dippers,American,41.38,87.13,41.62,2022-10-16,20:34:11,0.47492252955354075,2.093464680442095
Dash,Quinoa and Black eyed pea salad,American,30.28,151.97,39.21,2022-10-16,20:34:11,0.19924985194446274,3.875796990563632
Dash,Grits Cheesecake,American,65.26,514.5,240.49,2022-10-16,20:34:11,0.1268415937803693,2.1393820948896005
Dash,Gentlemen's Relish Recipe,British,67.75,2.34,206.23,2022-10-16,20:34:11,28.952991452991455,0.011346554817436842
Dash,Corn Fritters a la New England,American,27.97,159.14,20.77,2022-10-16,20:34:11,0.17575719492270958,7.662012518054886
Dash,Louisiana Crab Cakes,French,44.18,47.47,26.8,2022-10-16,20:34:11,0.9306930693069307,1.7712686567164178
Dash,Lemony Kale and Roasted Mushroom Salad with Pecans recipes,American,31.75,83.78,100.03,2022-10-16,20:34:18,0.37896872761995704,0.8375487353793862
Dash,Agave teriyaki salmon and brown rice,Nordic,225.47,399.61,133.27,2022-10-16,20:34:18,0.5642251194915042,2.9984992871614016
Dash,"Purple sprouting broccoli, poached eggs & hollandaise",French,71.55,164.24,194.83,2022-10-16,20:34:18,0.4356429615197272,0.8429913257711851
Dash,Easy Green Chile Quesadilla Recipe With Sprouted Corn Tortillas,Mexican,34.34,48.42,50.87,2022-10-16,20:34:18,0.7092110698058653,0.9518380184784746
Dash,Mediterranean Pasta Shells,Mediterranean,38.58,168.61,42.05,2022-10-16,20:34:18,0.22881205147974612,4.009750297265161
Dash,Sweet 'n' Sassy Grilled Flank Steak,American,169.61,27.33,78.02,2022-10-16,20:34:18,6.2060007317965615,0.350294796206101
Dash,Rum-Raisin Rice Pudding,British,21.66,175.77,25.54,2022-10-16,20:34:18,0.12322922000341355,6.8821456538762735
Dash,Chipotle Flourless Chocolate Cake recipes,Mexican,44.5,395.17,189.79,2022-10-16,20:34:18,0.11260976288685881,2.08214342167659
Dash,Mini ginger latkes with dipping sauce,Italian,35.33,118.37,16.72,2022-10-16,20:34:18,0.29847089634197854,7.079545454545455
Dash,Butternut Squash and Bacon Bloody Mary,American,2.09,19.71,0.57,2022-10-16,20:34:18,0.10603754439370877,34.578947368421055
Dash,Seared Salmon with Cinnamon and Chile Powder,Nordic,81.1,1.38,59.35,2022-10-16,20:34:18,58.768115942028984,0.023251895534962087
Dash,Smoked Salmon Spread,Nordic,43.65,13.74,106.8,2022-10-16,20:34:18,3.1768558951965065,0.12865168539325844
Dash,Egg fried rice with tomatoes,Chinese,34.1,111.44,45.35,2022-10-16,20:34:18,0.3059942569992821,2.4573318632855568
Dash,My Family’s Noodle Kugel,Asian,208.36,757.6,114.75,2022-10-16,20:34:18,0.27502639915522703,6.602178649237473
Dash,Chile Hold The Beans Add The Vegs,Mexican,117.27,71.13,26.36,2022-10-16,20:34:18,1.6486714466469845,2.6984066767830046
Dash,Low-Fat Warm Eggnog,British,31.97,105.23,14.15,2022-10-16,20:34:18,0.30381070037061675,7.436749116607774
Dash,Guinness Float,American,29.8,130.28,127.51,2022-10-16,20:34:18,0.22873810254835739,1.0217237863696964
Dash,Shrimp Scampi for the Feast of the Fishes,South East Asian,108.98,87.19,192.62,2022-10-16,20:34:18,1.2499139809611195,0.4526528917038729
Dash,Eggs Benedict recipes,American,86.48,58.51,159.2,2022-10-16,20:34:25,1.4780379422320973,0.3675251256281407
Dash,Edible Pantries Recipe,World,0.01,2.55,0.0,2022-10-16,20:34:25,0.00392156862745098,inf
Dash,Slow-Cooked Swedish Meatballs,Nordic,175.53,319.14,129.57,2022-10-16,20:34:25,0.5500094002632074,2.463070155128502
Dash,Raw Chocolate Mousse,American,14.37,132.29,62.11,2022-10-16,20:34:25,0.10862499055106206,2.129930767992272
Dash,Caesar Salad,American,66.86,123.94,247.55,2022-10-16,20:34:25,0.5394545747942553,0.5006665320137346
Dash,Easy Green Bean Casserole,Italian,21.41,139.31,58.84,2022-10-16,20:34:25,0.15368602397530687,2.3676070700203944
Dash,Grilled shrimp with olives and feta,Mediterranean,67.66,9.4,70.22,2022-10-16,20:34:25,7.197872340425532,0.1338649957277129
Dash,"Roasted Chicken Butternut Squash, Potatoes and Leeks",American,49.4,116.2,26.29,2022-10-16,20:34:25,0.42512908777969016,4.419931532902244
Dash,Don't Be Sour,French,2.96,21.57,0.1,2022-10-16,20:34:25,0.13722763096893834,215.7
Dash,Guy Fieri's Fried Plantains with Sweet Heat,South American,11.84,206.46,120.46,2022-10-16,20:34:25,0.05734767025089606,1.7139299352482154
Dash,Beef and Vegetable Kabob,Middle Eastern,98.58,18.15,87.59,2022-10-16,20:34:25,5.431404958677686,0.20721543555200364
Dash,Sweet & Spicy Roasted Carrots,South American,6.09,76.45,30.24,2022-10-16,20:34:25,0.07965990843688685,2.528108465608466
Dash,"Easy, Lemony Chicken & Rice Soup with Dill",Japanese,200.16,277.52,67.05,2022-10-16,20:34:25,0.7212453156529259,4.139000745712155
Dash,Moist and Savory Stuffing,American,61.47,343.49,21.05,2022-10-16,20:34:25,0.1789571748813648,16.317814726840854
Dash,Apple-Bacon Egg Bake,American,43.18,48.95,76.63,2022-10-16,20:34:25,0.8821246169560776,0.6387837661490279
Dash,Balsamic-glazed scallops,Mediterranean,83.39,33.31,49.65,2022-10-16,20:34:25,2.503452416691684,0.670896273917422
Dash,Grilled Mango and Marinated Sirloin Kebabs,American,115.86,96.18,25.33,2022-10-16,20:34:31,1.2046163443543356,3.7970785629688124
Dash,Caesar Dressing recipes,American,12.08,6.85,64.18,2022-10-16,20:34:31,1.7635036496350367,0.10673106886880647
Dash,Hot Artichoke-Parmesan Spread,Mediterranean,70.23,52.11,60.7,2022-10-16,20:34:31,1.3477259643062753,0.858484349258649
Dash,"Spicy, Smoky Homemade Kale Chips",South American,11.21,23.5,36.59,2022-10-16,20:34:31,0.4770212765957447,0.6422519814156873
Dash,Classic Chicken Salad recipes,American,26.47,2.52,28.67,2022-10-16,20:34:31,10.503968253968253,0.08789675619114055
Dash,Pad See Ew,South East Asian,28.98,155.63,65.99,2022-10-16,20:34:31,0.1862108847908501,2.3583876344900743
Dash,Lime-Glazed Angel Food Cake,American,34.65,596.87,15.97,2022-10-16,20:34:31,0.05805284232747499,37.374452097683154
Dash,Lobster With Thermidor Butter,American,70.84,21.45,128.56,2022-10-16,20:34:31,3.302564102564103,0.16684816428126945
Dash,Roasted Tomato Hummus,Mediterranean,42.35,128.35,50.71,2022-10-16,20:34:31,0.32995714842228285,2.5310589627292446
Dash,Sauteed fiddlehead ferns,French,25.99,32.7,29.31,2022-10-16,20:34:31,0.7948012232415901,1.1156601842374618
Dash,Spicy Green Bean Salad,Mediterranean,20.84,120.41,47.94,2022-10-16,20:34:31,0.17307532596960384,2.511681268251982
Dash,Drinking in Season: Cranberry Crush Recipe,American,0.44,218.38,0.13,2022-10-16,20:34:31,0.002014836523491162,1679.8461538461538
Dash,Lemon Linguine recipes,Italian,73.7,184.16,57.89,2022-10-16,20:34:31,0.40019548218940054,3.1812057350146827
Dash,Himalayan Salt Bowl Chocolate Fondue Recipe,Italian,34.66,246.9,186.26,2022-10-16,20:34:31,0.14038072093965168,1.3255664125416087
Dash,Caesar Brussels Sprouts Salad with Almonds,American,22.56,39.91,35.15,2022-10-16,20:34:31,0.5652718616887998,1.1354196301564723
Dash,Quinoa Eetch (Red Quinoa Tabouli),Middle Eastern,35.52,169.51,28.17,2022-10-16,20:34:38,0.20954515957760608,6.017394391196308
Dash,Strawberry Love Dessert And Its Coconut Cream,French,16.52,119.84,76.99,2022-10-16,20:34:38,0.1378504672897196,1.5565657877646448
Dash,Chocolate and Berry-Covered Meringue,American,21.74,252.41,15.87,2022-10-16,20:34:38,0.08612970959946119,15.904851921865156
Dash,Chinese Vegetarian Chicken,Chinese,39.62,67.92,56.91,2022-10-16,20:34:38,0.5833333333333333,1.1934633632050606
Dash,"Sautè of Liver, Bacon, and Shallots",Central Europe,103.84,59.26,145.62,2022-10-16,20:34:38,1.7522780965237936,0.4069495948358742
Dash,Classic Canadian Bacon Eggs Benedict recipes,American,58.98,34.73,155.33,2022-10-16,20:34:38,1.6982435934350706,0.22358848902336956
Dash,Chipotle Flourless Chocolate Cake,Mexican,44.5,395.17,189.79,2022-10-16,20:34:38,0.11260976288685881,2.08214342167659
Dash,Roasted Fig Cocktail Recipe,Mediterranean,5.0,135.28,1.88,2022-10-16,20:34:38,0.03696037847427558,71.95744680851064
Dash,Lemony Prawns & Avocado,British,187.4,413.56,190.68,2022-10-16,20:34:38,0.45313860141212886,2.1688693098384726
Dash,Apple and Cashew Spread Sandwich,Mediterranean,15.98,54.71,33.77,2022-10-16,20:34:38,0.2920855419484555,1.6200769914124962
Dash,Sweet Heat Green Beans,South East Asian,7.14,35.39,24.66,2022-10-16,20:34:38,0.20175190731845152,1.435117599351176
Dash,Baked Rice and Cheese,American,149.2,594.04,152.41,2022-10-16,20:34:38,0.2511615379435728,3.8976445115149922
Dash,Party Cheese Ball,American,66.98,27.37,196.47,2022-10-16,20:34:38,2.4472049689440993,0.1393088003257495
Dash,Cold Japanese Soba Noodles with Green Onion,Asian,38.9,150.13,9.94,2022-10-16,20:34:38,0.2591087723972557,15.103621730382294
Dash,Ginger-Glazed Grilled Carrot And Pea Shoot Salad,South American,7.59,73.68,28.64,2022-10-16,20:34:38,0.1030130293159609,2.5726256983240225
Dash,Fried ham and cheese sandwich,Italian,94.87,36.26,157.3,2022-10-16,20:34:38,2.6163816878102595,0.23051493960584868
Dash,The Chicago Hot Dog,American,12.32,38.71,14.84,2022-10-16,20:34:38,0.3182640144665461,2.608490566037736
Dash,Chipotle-Honey Roast Cauliflower with Basil,Mediterranean,13.16,90.45,43.85,2022-10-16,20:34:45,0.1454947484798231,2.062713797035348
Dash,Lump Crab Cakes from Bowens Island,American,94.81,57.85,131.8,2022-10-16,20:34:45,1.6388936905790839,0.43892261001517446
Dash,Ultra Creamy Mashed Potatoes,American,68.23,376.47,78.66,2022-10-16,20:34:45,0.1812362206815948,4.786041189931351
Dash,Caramelised Apple Cake With Cointreau Custard,American,56.46,389.76,159.32,2022-10-16,20:34:45,0.14485837438423646,2.4463971880492092
Dash,Cheddar and Pumpkin-seed Oatcakes,Mediterranean,43.5,92.78,61.37,2022-10-16,20:34:45,0.4688510454839405,1.5118135897018088
Dash,Pimento Cheese recipes,South American,57.05,16.17,166.2,2022-10-16,20:34:45,3.528138528138528,0.0972924187725632
Dash,Pesto Cottage Cheese Dip,American,86.52,298.87,131.06,2022-10-16,20:34:45,0.28949041389232777,2.280405920952236
Dash,Fresh Raspberry Lemon Cheesecake Tart,American,34.42,314.07,177.51,2022-10-16,20:34:45,0.10959340274461109,1.769308771336826
Dash,Fig-Pecan Macaroons,American,18.18,249.45,78.93,2022-10-16,20:34:45,0.07288033674082983,3.1603952869631313
Dash,Cilantro Chicken Milanese with Raita recipes,American,132.73,97.51,89.35,2022-10-16,20:34:45,1.361193723720644,1.0913262451035255
Dash,Fig & Squash Blossom Salad,Mexican,6.35,30.01,46.25,2022-10-16,20:34:45,0.21159613462179272,0.6488648648648649
Dash,Garlic Cheese Bread,Italian,196.95,173.29,393.45,2022-10-16,20:34:45,1.1365341335333834,0.44043715846994536
Dash,Cheater Baked beans,American,50.04,263.64,37.63,2022-10-16,20:34:45,0.189804278561675,7.006112144565505
Dash,Grilled Plum & Strawberry Skewers with Sweet Mint Pesto,American,8.83,56.42,24.92,2022-10-16,20:34:45,0.1565047855370436,2.264044943820225
Dash,East of Ireland Recipe,American,1.32,331.48,1.09,2022-10-16,20:34:45,0.0039821407023048145,304.11009174311926
Dash,Memphis Magic,American,3.89,39.52,35.41,2022-10-16,20:34:45,0.09843117408906882,1.1160689070883933
Dash,“Gypsy” Celebration Soup,South American,79.32,295.36,55.55,2022-10-16,20:34:45,0.26855362946912237,5.3170117011701175
Dash,Cheese Straws,American,258.22,398.13,493.73,2022-10-16,20:34:45,0.6485821214176275,0.8063719036720475
Dash,Fresh Mint Ice Cream,French,28.01,205.21,44.29,2022-10-16,20:34:52,0.1364943228887481,4.633325807179951
Dash,Sugar Biscuits recipes,American,50.63,938.69,301.03,2022-10-16,20:34:52,0.05393686946702319,3.1182606384745712
Dash,The Blood Orange Marmalade Sour,World,1.68,25.24,0.08,2022-10-16,20:34:52,0.06656101426307448,315.5
Dash,Spiced Butternut Soup with Crab,South American,52.77,79.05,8.49,2022-10-16,20:34:52,0.6675521821631879,9.310954063604239
Dash,Summer Spaghetti,Italian,89.64,160.8,82.64,2022-10-16,20:34:52,0.5574626865671641,1.9457889641819943
Dash,Honey-Orange Marshmallows,American,72.31,648.5,12.14,2022-10-16,20:34:52,0.1115034695451041,53.41845140032949
Dash,Fresh Strawberry Ice Cream,American,21.66,216.5,191.25,2022-10-16,20:34:52,0.10004618937644341,1.1320261437908496
Dash,Roasted Cumin-Rubbed Snapper,Mediterranean,123.34,66.65,66.84,2022-10-16,20:34:52,1.850562640660165,0.9971573907839617
Dash,Strawberry Yogurt Tartelette,American,48.96,185.03,50.98,2022-10-16,20:34:52,0.264605739609793,3.6294625343271876
Dash,Carmelized onion with bacon and green apple dip/spread,American,22.08,49.91,91.59,2022-10-16,20:34:52,0.44239631336405527,0.5449284856425374
Dash,Frosted Cauliflower Recipe,American,32.93,20.61,112.92,2022-10-16,20:34:52,1.5977680737506066,0.18251859723698194
Dash,Shrimp Toast,French,120.65,391.69,83.07,2022-10-16,20:34:52,0.30802420281344944,4.715179968701096
Dash,Black Skillet Cornbread,American,72.12,264.58,101.56,2022-10-16,20:34:52,0.27258296167510776,2.6051595116187474
Dash,The Awesome-Est Blueberry Muffins,American,18.65,286.51,135.67,2022-10-16,20:34:52,0.06509371400649192,2.1118154345102087
Dash,Frog Legs with Garlic and Parsley,French,89.79,6.43,21.01,2022-10-16,20:34:52,13.964230171073096,0.30604474059971437
Dash,Maple Water Golden Milk,American,0.41,4.7,27.34,2022-10-16,20:34:52,0.08723404255319148,0.17190929041697148
Dash,Cranberry-Almond Green Salad with Honey Mustard Vinaigrette recipes,American,22.64,20.37,196.99,2022-10-16,20:34:52,1.1114383897889053,0.10340626427737448
Dash,Scallops beurre blanc,French,19.13,25.49,102.68,2022-10-16,20:34:58,0.750490388387603,0.24824698091156988
Dash,Spiced-Pomegranate Poached Pears,American,6.72,108.36,20.4,2022-10-16,20:34:58,0.06201550387596899,5.311764705882354
Dash,Alexander McCream Spiced Pumpkin Ice Cream,American,15.35,136.14,59.35,2022-10-16,20:34:58,0.11275157925664758,2.293850042122999
Dash,Orange Sling,French,0.35,40.21,0.33,2022-10-16,20:34:58,0.00870430241233524,121.84848484848484
Dash,Viewing Party Cocktail: A Brief History of Thyme,World,0.6,11.19,0.29,2022-10-16,20:34:58,0.05361930294906166,38.58620689655172
Dash,Deviled ‘Guacamole’ Eggs Dip,South American,46.05,15.74,64.83,2022-10-16,20:34:58,2.92566709021601,0.2427888323307111
Dash,Hot Roast Beef Sandwiches,American,254.49,291.71,260.4,2022-10-16,20:34:58,0.8724075280244079,1.1202380952380953
Dash,Funky Monkey Parfaits,French,32.04,381.37,60.28,2022-10-16,20:34:58,0.08401290085743503,6.326642335766423
Dash,Salmon Ceviche with Avocado and Ginger Recipe,Nordic,74.69,31.41,75.43,2022-10-16,20:34:58,2.3779051257561283,0.4164125679437889
Dash,Apple Injected Smoked Pork,Mediterranean,422.8,112.22,300.14,2022-10-16,20:34:58,3.7675993584031366,0.3738921836476311
Dash,Fudge Cake,American,66.2,508.28,342.13,2022-10-16,20:34:58,0.1302431730542221,1.4856341156870194
Dash,Peach and Cardamon Crisp,American,11.19,171.65,48.76,2022-10-16,20:34:58,0.06519079522283716,3.5203035274815426
Dash,Individual Sausage Casseroles recipes,British,204.66,25.38,234.08,2022-10-16,20:34:58,8.063829787234043,0.10842447026657552
Dash,Chorizo-and-Cilantro Eggs,Mediterranean,71.88,7.22,159.5,2022-10-16,20:34:58,9.955678670360111,0.04526645768025078
Dash,Blood Mary Pickles,World,6.64,43.62,1.55,2022-10-16,20:35:05,0.1522237505731316,28.141935483870967
Dash,"Stuffed Red Peppers ,Creole.",American,26.61,84.66,41.17,2022-10-16,20:35:05,0.3143160878809355,2.05635171241195
Dash,Red Hot Apple Pie in a Mug,French,6.73,121.93,42.92,2022-10-16,20:35:05,0.05519560403510211,2.840866728797763
Dash,Flourless Chocolate Cake,American,57.67,392.69,297.45,2022-10-16,20:35:05,0.14685884539967914,1.3201882669356195
Dash,Sweet-and-Spicy Yogurt,Mediterranean,21.83,14.19,15.88,2022-10-16,20:35:05,1.5384073291050036,0.8935768261964735
Dash,Cucumber Dill Yogurt Salad recipes,American,16.59,56.3,9.33,2022-10-16,20:35:05,0.2946714031971581,6.034297963558413
Dash,Heirloom Tomato with Mango Vinaigrette on a Toasted Baguette,American,75.82,261.78,138.47,2022-10-16,20:35:05,0.28963251585300637,1.8905178016898965
Dash,Homegrown Microgreens Salad recipes,American,9.83,36.62,47.89,2022-10-16,20:35:05,0.2684325505188422,0.7646690332010858
Dash,Tomatillo Corn Salsa Recipe,South American,4.85,35.43,2.54,2022-10-16,20:35:05,0.13688964154671182,13.948818897637794
Dash,Eat for Eight Bucks: Roasted Tomato Quesadillas with Cilantro Cream Recipe,Mexican,47.77,95.1,93.53,2022-10-16,20:35:05,0.5023133543638276,1.016786057949321
Dash,Balsamic Onion and Thyme Carrots,American,6.59,66.0,28.25,2022-10-16,20:35:05,0.09984848484848485,2.336283185840708
Dash,Sneaky Stovetop Mac ’N‘ Cheese,American,138.13,224.79,151.29,2022-10-16,20:35:05,0.6144846300992037,1.4858219313900456
Dash,Butternut Bowl o' Soup,South American,23.21,151.88,15.54,2022-10-16,20:35:05,0.15281801422175403,9.773487773487775
Dash,Thai Turkey Noodle Soup,American,162.99,246.95,80.25,2022-10-16,20:35:05,0.6600121482081394,3.077258566978193
Dash,Charleston Bread Pudding With Whiskey-Soaked Raisins,British,70.01,544.27,129.05,2022-10-16,20:35:05,0.1286310103441307,4.217512592018597
Dash,"Roast Beef, Arugula, and Pickled Onion Wrap",American,19.61,46.91,10.93,2022-10-16,20:35:05,0.41803453421445325,4.291857273559011
Dash,Honey-Pear Pizza,Italian,37.72,183.99,64.54,2022-10-16,20:35:05,0.2050111419098864,2.8507902076231795
Dash,Bloody Marys,French,10.36,42.54,2.9,2022-10-16,20:35:05,0.24353549600376115,14.668965517241379
Dash,Pimento Cheese,South American,132.27,48.53,232.39,2022-10-16,20:35:12,2.7255305996290957,0.20882998407848877
Dash,Sauteed Bananas with Tangy Sweet Cream,American,7.59,166.29,34.2,2022-10-16,20:35:12,0.04564315352697096,4.862280701754385
Dash,MARINATED ZUCCHINI & TOMATO LASAGNA with CASHEW HERB CHEESE recipes,Italian,35.64,80.72,78.88,2022-10-16,20:35:12,0.4415262636273538,1.0233265720081137
Dash,Breakfast Burritos For 2,Mexican,53.78,66.4,66.15,2022-10-16,20:35:12,0.8099397590361446,1.0037792894935753
Dash,Balsamic Mushroom Quinoa,South American,27.03,136.63,37.38,2022-10-16,20:35:12,0.19783356510283248,3.655163188871054
Dash,Roasted Garlic Aioli,Mediterranean,15.48,49.44,190.19,2022-10-16,20:35:12,0.3131067961165049,0.2599505757400494
Dash,Garlic Cheese Bread recipes,Italian,196.95,173.29,393.45,2022-10-16,20:35:12,1.1365341335333834,0.44043715846994536
Dash,Pumpkin Flip,American,2.97,23.78,0.91,2022-10-16,20:35:12,0.12489486963835156,26.13186813186813
Dash,Game Day BBQ Chicken Pizzettes recipes,American,165.63,496.59,474.25,2022-10-16,20:35:12,0.33353470669969193,1.0471059567738534
Dash,Swiss Chard Tzatziki (Yogurt Dip) recipes,Mediterranean,22.94,90.83,31.37,2022-10-16,20:35:12,0.2525597269624574,2.8954415046222506
Dash,The Pit Authentic Barbecue's Coleslaw,Central Europe,13.75,89.28,252.18,2022-10-16,20:35:12,0.15400985663082437,0.35403283369022126
Dash,Vegetarian Pad See Ew,South East Asian,28.98,155.63,65.99,2022-10-16,20:35:12,0.1862108847908501,2.3583876344900743
Dash,Italian Pork and Pepper Stew ~ Crock Pot Style,Italian,187.76,64.41,116.05,2022-10-16,20:35:12,2.9150752988666357,0.5550193881947436
Dash,Baby Vegetable Antipasto,Italian,38.01,117.57,38.46,2022-10-16,20:35:12,0.3232967593773922,3.0569422776911073
Dash,My crumble topping,American,12.21,159.36,63.06,2022-10-16,20:35:12,0.07661897590361445,2.527117031398668
Dash,Leftover-Babka Bread Pudding Recipe,British,77.22,342.09,144.45,2022-10-16,20:35:12,0.22573007103393844,2.3682242990654205
Dash,End of summer golden gazpacho,Italian,38.72,203.87,90.84,2022-10-16,20:35:12,0.1899249521754059,2.244275649493615
Dash,Two Turtledoves Cocktail Recipe,American,1.72,163.83,1.87,2022-10-16,20:35:12,0.010498687664041995,87.6096256684492
Dash,Salmon BLT,Nordic,94.29,128.53,134.93,2022-10-16,20:35:18,0.7336030498716254,0.9525679982212999
Dash,Quinoa Stuffed Zucchini,Mediterranean,28.09,116.91,74.06,2022-10-16,20:35:18,0.24027029338807632,1.578584931136916
Dash,Smoked Salmon Potato Nests,Nordic,19.77,42.04,52.16,2022-10-16,20:35:18,0.4702664129400571,0.8059815950920246
Dash,Du Barry Chocolate Cake,American,49.1,298.95,337.55,2022-10-16,20:35:18,0.1642415119585215,0.8856465708783883
Dash,Mai Tai,World,0.49,16.72,0.14,2022-10-16,20:35:18,0.02930622009569378,119.4285714285714
Dash,Spinach Salad with Warm Bacon Dressing recipes,American,54.64,34.66,132.98,2022-10-16,20:35:18,1.576457010963647,0.26064069784930066
Dash,Asian Chicken Meatballs,South East Asian,92.17,29.28,70.63,2022-10-16,20:35:18,3.147882513661202,0.41455472178960784
Dash,Fried Deviled Eggs,South East Asian,95.46,145.3,237.92,2022-10-16,20:35:18,0.6569855471438403,0.6107094821788838
Dash,Candied Orange Slices with Ganache Dipping Sauce,American,6.14,978.63,26.75,2022-10-16,20:35:18,0.006274077026046616,36.58429906542056
Dash,Pan-Fried Smoked Salmon With Green Beans & Chives,Nordic,38.53,79.65,63.01,2022-10-16,20:35:18,0.4837413684871312,1.2640850658625615
Dash,Sensational Chicken Noodle Soup,Asian,62.76,54.19,21.87,2022-10-16,20:35:18,1.1581472596420004,2.4778235025148603
Dash,Spaghetti with homemade canned tomatoes,Italian,75.56,407.06,47.01,2022-10-16,20:35:18,0.18562374097184692,8.659008721548608
Dash,Grilled Peaches with Honey Cream,American,18.55,114.81,40.04,2022-10-16,20:35:18,0.16157129169932932,2.8673826173826176
Dash,Creamy Vegan Butternut Squash Mac And Cheese,American,132.14,453.36,72.61,2022-10-16,20:35:18,0.2914681489324157,6.243768076022587
Dash,Spinach and Bacon Quiche,French,146.22,201.45,270.74,2022-10-16,20:35:18,0.7258376768428891,0.7440718032060278
Dash,Marcie's Aioli Recipe,American,8.77,25.98,129.22,2022-10-16,20:35:25,0.3375673595073133,0.20105246865810247
Dash,Turkey Re-Hash,American,303.67,566.02,183.75,2022-10-16,20:35:25,0.5365004770149465,3.080380952380952
Dash,Shredded Beef with Red Jalapeno Peppers,American,61.78,34.25,75.4,2022-10-16,20:35:25,1.8037956204379562,0.4542440318302387
Dash,Ginger cran apple upside down cake,British,38.62,403.47,109.64,2022-10-16,20:35:25,0.09571963219074527,3.679952572053995
Dash,Mega Egga Macaroni Salad,American,191.16,689.16,625.54,2022-10-16,20:35:25,0.277381159672645,1.1017041276337245
Dash,Spanish Baked Chicken,Mediterranean,228.28,87.12,285.21,2022-10-16,20:35:25,2.620293847566575,0.30545913537393504
Dash,Grilled Hanging Tenderloin,American,39.63,28.81,48.1,2022-10-16,20:35:25,1.3755640402637974,0.598960498960499
Dash,"Oysters with Creme Fraiche, Lemon, and Tarragon",French,16.31,17.86,26.95,2022-10-16,20:35:25,0.9132138857782754,0.662708719851577
Dash,Blueberry Pie Sundaes,American,40.69,218.37,19.61,2022-10-16,20:35:25,0.18633511929294316,11.135645079041305
Dash,Potato Latkes Made Simple: A Twitter Recipe,Kosher,31.55,110.84,118.28,2022-10-16,20:35:25,0.28464453265968964,0.9370984105512343
Dash,Green Bean Casserole,American,38.7,146.44,4.81,2022-10-16,20:35:25,0.26427205681507787,30.444906444906447
Dash,Crispy Pan-Fried Chicken with Ranch Dipping Sauce,American,36.92,34.66,54.64,2022-10-16,20:35:25,1.0652048470859783,0.634333821376281
Dash,Amalfi Style Shrimp,Mediterranean,103.99,68.59,33.41,2022-10-16,20:35:25,1.5161102201487096,2.052978150254415
Dash,Quick Quarter-Pounders,Mediterranean,120.63,35.91,66.3,2022-10-16,20:35:25,3.359231411862991,0.5416289592760181
Dash,Light Lemon Mayonnaise,Mediterranean,5.63,2.76,167.25,2022-10-16,20:35:25,2.039855072463768,0.016502242152466366
Dash,Four-Onion Pizza with Goat Cheese,Italian,52.32,201.89,100.59,2022-10-16,20:35:25,0.25915102283421665,2.007058355701362
Dash,Tabbouleh with Persimmons and Almonds recipes,Middle Eastern,27.0,110.27,69.26,2022-10-16,20:35:32,0.2448535413076993,1.5921166618538838
Dash,Pasta Pomodoro,Italian,26.9,134.36,88.3,2022-10-16,20:35:32,0.2002083953557606,1.5216308040770103
Dash,Spiked Hot Chocolate,American,29.23,177.05,72.21,2022-10-16,20:35:32,0.16509460604349052,2.451876471402853
Dash,"Lemony Green Bean Salad with Feta, Red Onion, and Marjoram",Mediterranean,25.7,46.68,79.5,2022-10-16,20:35:32,0.5505569837189375,0.5871698113207547
Dash,Quick Cajun Chicken Alfredo,American,231.28,506.64,194.97,2022-10-16,20:35:32,0.45649771040581083,2.5985536236344053
Dash,Shrimp Scampi,South East Asian,103.75,47.06,82.09,2022-10-16,20:35:32,2.204632384190395,0.5732732366914363
Dash,Stuffed Acorn Squash,American,105.52,384.43,120.66,2022-10-16,20:35:32,0.27448430143329083,3.1860600033151005
Dash,Orange Roughy with Parmesan and Green Onions,Italian,139.15,5.86,103.46,2022-10-16,20:35:32,23.745733788395903,0.05664024743862363
Dash,Poc Chuc,Mediterranean,147.72,34.08,67.33,2022-10-16,20:35:32,4.334507042253521,0.5061636714688846
Dash,Macaroni and Cheese Waffles Recipe,Italian,204.41,419.87,229.87,2022-10-16,20:35:32,0.4868411651225379,1.826554139296124
Dash,Almond-Crusted Tilapia,Mediterranean,78.56,19.76,39.02,2022-10-16,20:35:32,3.9757085020242915,0.5064069707842133
Dash,Garden Vegetable Quiche,French,60.6,159.55,109.18,2022-10-16,20:35:32,0.37981823879661547,1.4613482322769737
Dash,Halibut With Ginger & Cilantro,American,138.95,207.71,15.9,2022-10-16,20:35:32,0.668961532906456,13.063522012578616
Dash,Bacon-Broccoli Quiche Cups,French,39.39,10.05,68.11,2022-10-16,20:35:32,3.9194029850746266,0.14755542504771693
Dash,Crab Cake BLT,American,138.95,233.26,479.88,2022-10-16,20:35:32,0.5956872159821658,0.4860798532966575
Dash,Baked Crabcakes Recipe,American,86.41,31.56,59.05,2022-10-16,20:35:32,2.737959442332066,0.5344623200677392
Dash,Shrimp Spaghetti And Asparagus Pesto,Italian,187.85,288.56,100.95,2022-10-16,20:35:38,0.6509911283615193,2.8584447746409114
Dash,Crema de Frijol (spicy cream of black bean),Mexican,183.4,568.12,29.72,2022-10-16,20:35:38,0.322819122720552,19.115746971736204
Dash,Browned Butter Bananas with Toasted Pecans,American,9.74,149.0,72.34,2022-10-16,20:35:38,0.06536912751677852,2.0597179983411666
Dash,Fried Plantains with Sweet Heat,South American,11.85,206.52,120.48,2022-10-16,20:35:38,0.057379430563625794,1.7141434262948207
Dash,Spicy Chili Chocolate Tofu Fries,Asian,45.52,36.7,33.35,2022-10-16,20:35:38,1.2403269754768391,1.1004497751124438
Dash,"Turkey, Apple and Havarti Sandwich",American,29.61,34.92,25.63,2022-10-16,20:35:38,0.8479381443298969,1.3624658603199378
Dash,Cauliflower Soup,American,13.65,47.15,15.94,2022-10-16,20:35:38,0.2895015906680806,2.9579673776662485
Dash,"Grilled Chicken, Mango And Jicama Salad With Tequila-Lime Vinaigrette",Mexican,246.15,112.35,77.7,2022-10-16,20:35:38,2.190921228304406,1.4459459459459458
Dash,Chicken Stuffed with Spinach and Feta recipes,Mediterranean,136.76,10.28,46.96,2022-10-16,20:35:38,13.303501945525293,0.2189097103918228
Dash,Slow-Cooker Italian Beef Sandwiches,Italian,47.16,18.98,22.67,2022-10-16,20:35:38,2.4847207586933613,0.8372298191442434
Dash,Pomato Ricotta Salad,Mediterranean,17.93,87.45,13.46,2022-10-16,20:35:38,0.20503144654088049,6.49702823179792
Dash,Wedge Salad Dippers,American,31.66,27.84,214.78,2022-10-16,20:35:38,1.1372126436781609,0.12962100754260172
Dash,Beet Pizza with Caramelized Onions and Goat Cheese,Italian,35.43,159.53,72.93,2022-10-16,20:35:38,0.22208988904908167,2.1874400109694228
Dash,Mama Mia!,Italian,96.96,271.73,87.05,2022-10-16,20:35:38,0.3568247893129209,3.121539345203906
Dash,Chocolate-Hazelnut Meringue Kisses,British,21.28,207.12,32.13,2022-10-16,20:35:38,0.10274237157203554,6.446311858076563
Dash,Vanilla And Chocolate Tuiles,American,15.19,105.42,47.49,2022-10-16,20:35:38,0.1440903054448871,2.2198357548957675
Dash,Holiday Brunch Bake,American,137.06,65.26,181.8,2022-10-16,20:35:45,2.100214526509347,0.358965896589659
Dash,"Stella! (Gin Fizz with Cointreau, Orange Juice & Orange Flower Water)",World,2.35,9.79,10.59,2022-10-16,20:35:45,0.24004085801838615,0.9244570349386213
Dash,Creamy Avocado Pasta,Italian,62.16,288.86,111.61,2022-10-16,20:35:45,0.21519074984421516,2.58811934414479
Dash,Blackberry Cobbler,American,26.87,245.56,55.54,2022-10-16,20:35:45,0.10942335885323343,4.421317969031329
Dash,Cranberry-and-Sweet Potato Bake,American,24.95,424.78,47.33,2022-10-16,20:35:45,0.058736287019162864,8.974857384322839
Dash,Beef & Vegetable Casserole,French,124.13,62.52,105.02,2022-10-16,20:35:45,1.9854446577095328,0.5953151780613217
Dash,Creamy Cheddar Soup,American,34.58,91.19,181.05,2022-10-16,20:35:45,0.3792082465182586,0.5036730185031759
Dash,Petite Vanilla Bean Scones,British,54.95,738.21,262.12,2022-10-16,20:35:45,0.07443681337288847,2.816305508927209
Dash,Green With Envy,World,0.78,17.57,0.27,2022-10-16,20:35:45,0.0443938531587934,65.07407407407408
Dash,Gougères,American,120.01,122.01,143.68,2022-10-16,20:35:45,0.983607900991722,0.8491787305122495
Dash,Strawberries Tuiles,British,44.73,294.32,163.68,2022-10-16,20:35:45,0.15197743952160914,1.7981427174975562
Dash,Pan-Seared Shrimp with Rosemary Spaghetti Squash,Mediterranean,36.25,16.92,10.94,2022-10-16,20:35:45,2.142434988179669,1.5466179159049362
Dash,The Awesome-est Blueberry Muffins recipes,American,18.65,275.33,135.67,2022-10-16,20:35:45,0.06773689754113246,2.0294095968158032
Dash,Bulgur with Steak and Chickpeas,Middle Eastern,20.12,40.09,20.02,2022-10-16,20:35:45,0.501870790720878,2.0024975024975027
Dash,Deep-Fried Guacamole,Mexican,17.21,122.67,180.51,2022-10-16,20:35:45,0.14029510067661205,0.6795745388067144
Dash,Ramos Gin Fizz,World,4.13,13.39,1.73,2022-10-16,20:35:45,0.3084391336818521,7.739884393063584
Dash,Sardines and Fennel,Italian,35.0,36.49,32.48,2022-10-16,20:35:45,0.9591668950397368,1.1234605911330051
Dash,Broccoli Cheese Soup recipes,American,239.95,319.04,333.96,2022-10-16,20:35:45,0.7521000501504512,0.9553239908971135
Dash,Roasted Horseradish Hummus,Mediterranean,95.93,286.79,84.42,2022-10-16,20:35:45,0.33449562397573135,3.397180762852405
Dash,Simple Grilled Beef with Rosemary,South American,247.34,21.15,72.77,2022-10-16,20:35:52,11.694562647754138,0.2906417479730658
Dash,Fritto del' Orto - Carbonated Water Batter,Italian,107.54,766.4,87.63,2022-10-16,20:35:52,0.14031837160751567,8.745863288828026
Dash,Chicken Bulgur Pilaf,Mediterranean,296.78,342.32,322.5,2022-10-16,20:35:52,0.8669665809768637,1.0614573643410852
Dash,Spicy Spaghetti,French,133.45,382.41,154.24,2022-10-16,20:35:52,0.34897099971235057,2.4793179460580914
Dash,Steak Fajitas with Avocado Lime Crema,Mexican,1.85,8.83,1.8,2022-10-16,20:35:52,0.20951302378255945,4.905555555555556
Dash,Concord Cocktail,American,0.99,220.27,0.37,2022-10-16,20:35:52,0.004494484042311708,595.3243243243244
Dash,Best Tuna Salad,Mediterranean,77.94,41.53,30.14,2022-10-16,20:35:52,1.8767156272574042,1.3779031187790312
Dash,Piquant Potatoes,Mediterranean,17.16,133.24,42.08,2022-10-16,20:35:52,0.128790153107175,3.166349809885932
Dash,The Best Vegan Baked Mac & Cheese Recipe,American,83.66,441.39,81.04,2022-10-16,20:35:52,0.18953759713631935,5.4465695952615985
Dash,Chicken Dippers Lunch,Mediterranean,51.68,5.47,25.19,2022-10-16,20:35:52,9.447897623400365,0.2171496625645097
Dash,Bay-Scented Vanilla Pudding,British,20.75,110.57,26.23,2022-10-16,20:35:52,0.18766392330650267,4.21540221120854
Dash,Almond Potato Puff,French,58.57,147.97,154.35,2022-10-16,20:35:52,0.3958234777319727,0.9586653709102689
Dash,Lemon Linguine,Italian,73.59,183.61,57.86,2022-10-16,20:35:52,0.4007951636621099,3.173349464223989
Dash,Dark Chocolate Orange Cake,French,24.72,166.25,37.84,2022-10-16,20:35:52,0.14869172932330826,4.393498942917547
Dash,Mulligatawny Soup,Indian,76.13,178.31,120.07,2022-10-16,20:35:52,0.42695305927878413,1.4850503872740901
Dash,Crab Canapés with Cumin,Indian,31.1,53.92,19.81,2022-10-16,20:35:52,0.576780415430267,2.7218576476527008
Dash,"Baby Artichoke, Parsley, and Celery Salad",Mediterranean,41.56,140.14,75.12,2022-10-16,20:35:52,0.29656058227486803,1.8655484558040465
Dash,Best-Ever Guacamole,Mexican,14.17,68.1,88.94,2022-10-16,20:35:59,0.20807635829662263,0.7656847312795142
Dash,Jane's Crab Cakes,American,180.66,39.65,167.32,2022-10-16,20:35:59,4.556368221941993,0.23697107339230217
Dash,"Avocado Tartine with Quail Eggs, Prosciutto & Goat Cheese",Italian,33.69,103.03,33.54,2022-10-16,20:35:59,0.3269921382121712,3.0718545020870605
Dash,Loaded Baked Potatoes with Broccoli & Cheese,Italian,54.83,144.76,108.95,2022-10-16,20:35:59,0.3787648521691075,1.3286828820559888
Dash,Lemon Cloud with Strawberry-Mint Compote,Mediterranean,22.05,236.94,17.82,2022-10-16,20:35:59,0.09306153456571284,13.296296296296296
Dash,School for tapas: alioli potatoes,American,23.26,152.69,221.96,2022-10-16,20:35:59,0.152334795991879,0.6879167417552712
Dash,Vegetables Stacks with Mozzarella and Basil,Italian,65.37,50.09,97.05,2022-10-16,20:35:59,1.305050908364943,0.5161257083977332
Dash,Scrambled Egg Burritos,Mexican,36.61,55.52,43.66,2022-10-16,20:35:59,0.6594020172910663,1.271644525881814
Dash,Swiss and Mushroom BBQ Burger,French,283.11,228.84,312.78,2022-10-16,20:35:59,1.2371525957000524,0.7316324573182429
Dash,Smoked Cauliflower Soup,American,49.78,134.47,17.29,2022-10-16,20:35:59,0.37019409533724995,7.777327935222672
Dash,Houlihan's Smashed Potatoes,American,36.6,278.59,9.95,2022-10-16,20:35:59,0.13137585699414914,27.99899497487437
Dash,Olive Crema,Mediterranean,2.07,13.67,14.29,2022-10-16,20:35:59,0.15142648134601316,0.9566130160951715
Dash,Soba Noodle Salad With Smoked Duck,Asian,82.95,262.7,195.8,2022-10-16,20:35:59,0.3157594213932242,1.3416751787538304
Dash,Garlic Lentil Soup,French,58.19,179.51,31.15,2022-10-16,20:35:59,0.3241602139156593,5.762760834670947
Dash,Roasted Herb and Garlic Smashed Potato Casserole,French,64.44,175.02,53.03,2022-10-16,20:35:59,0.3681864929722317,3.30039600226287
Dash,Curry Chicken Salad Lettuce Wraps,Indian,56.33,42.53,14.11,2022-10-16,20:35:59,1.3244768398777333,3.01417434443657
Dash,Freezer Meal Moroccan-Spiced Chickpeas,Middle Eastern,64.69,218.26,39.61,2022-10-16,20:35:59,0.29638962705030697,5.510224690734663
Dash,Spiced Carrot Salad,South American,5.53,53.72,10.53,2022-10-16,20:36:05,0.10294117647058824,5.101614434947768
Dash,Celery Daisy,World,0.16,7.17,0.05,2022-10-16,20:36:05,0.022315202231520222,143.39999999999998
Dash,Blackberry Whole Wheat Coffee Cake Recipe,American,53.24,569.34,85.25,2022-10-16,20:36:05,0.0935117855762813,6.678475073313783
Dash,Charleston Cheese Dip,American,94.62,48.36,339.5,2022-10-16,20:36:05,1.956575682382134,0.14244477172312223
Dash,Pimento Cheese Potato Skins,American,83.54,163.84,206.78,2022-10-16,20:36:05,0.5098876953125,0.7923396846890415
Dash,Mrs Cobb's Meatloaf,American,142.09,183.21,152.63,2022-10-16,20:36:05,0.7755581027236504,1.2003537967634148
Dash,Key Lime Pie Ice Cream,American,47.57,258.96,80.3,2022-10-16,20:36:05,0.18369632375656472,3.224906600249066
Dash,Swamp Dip,American,25.46,73.28,228.86,2022-10-16,20:36:05,0.3474344978165939,0.3201957528620117
Dash,Horiatiki Salata (Greek Salad) recipes,Mediterranean,4.61,13.6,12.27,2022-10-16,20:36:05,0.33897058823529413,1.1083944580277099
Dash,Zucchini Quiche,French,96.2,65.37,87.78,2022-10-16,20:36:05,1.4716230686859415,0.7447026657552974
Dash,Breakfast Burrito,Mexican,78.51,156.56,111.0,2022-10-16,20:36:05,0.501469085334696,1.4104504504504505
Dash,Eggless Tofu Salad,Asian,54.39,29.82,38.61,2022-10-16,20:36:05,1.823943661971831,0.7723387723387724
Dash,Yellow Zucchini Tarte Fine on a Yogurt-Based Crust,French,43.88,170.91,88.28,2022-10-16,20:36:05,0.25674331519513194,1.9359990937924785
Dash,Time for a Drink: Reveillon Cocktail Recipe,World,0.87,10.42,1.23,2022-10-16,20:36:05,0.08349328214971209,8.471544715447154
Dash,BBQ Lentils recipes,American,26.77,127.78,10.4,2022-10-16,20:36:05,0.20950070433557677,12.286538461538461
Dash,Lime-y Veggie Stir-Fry with Crispy Tofu,Asian,28.12,52.02,41.37,2022-10-16,20:36:05,0.540561322568243,1.2574329224075418
Dash,Shrimp-Pineapple Skewers,Mediterranean,195.73,176.92,190.56,2022-10-16,20:36:05,1.1063192403346145,0.9284214945424013
Dash,Potato-and-Rutabaga Gratin,French,65.19,243.04,215.84,2022-10-16,20:36:05,0.26822745227123107,1.1260192735359524
Dash,Zucchini Custard Bake,Mediterranean,52.26,61.57,81.18,2022-10-16,20:36:12,0.8487899951274971,0.7584380389258437
Dash,Mocha Silk Pie,American,44.38,534.86,317.66,2022-10-16,20:36:12,0.08297498410799088,1.6837499212995026
Dash,Chinese Shrimp & Egg Flower Soup (蛋花湯),Chinese,75.51,116.87,43.08,2022-10-16,20:36:12,0.6461025070591255,2.712859795728877
Dash,Gluten-Free Roasted Vegetable Lasagna Recipe,Italian,403.63,2772.11,274.51,2022-10-16,20:36:12,0.1456038901775182,10.0983935011475
Dash,Sake Ginger Glazed Salmon,Nordic,148.83,74.87,106.95,2022-10-16,20:36:12,1.9878455990383332,0.7000467508181394
Dash,Baked Bolognese,Italian,220.24,464.83,266.83,2022-10-16,20:36:12,0.4738076285954005,1.7420454971330062
Dash,Sweet Potato Fries With Avocado “Mayo” recipes,South American,17.74,176.05,92.39,2022-10-16,20:36:12,0.1007668276057938,1.9055092542482954
Dash,Bordertown Beef and Bean Torta recipes,South American,159.3,215.68,180.55,2022-10-16,20:36:12,0.7385942136498517,1.1945721406812517
Dash,Creamy Bacon Cheese Grits recipes,American,131.97,294.29,346.82,2022-10-16,20:36:12,0.4484352169628597,0.8485381465890088
Dash,Essentials: Stuffed Eggs Recipe,Italian,34.91,3.89,277.69,2022-10-16,20:36:12,8.974293059125962,0.014008426662825453
Dash,Dreamy Creamy Macaroni and Cheese,American,79.5,156.97,78.18,2022-10-16,20:36:12,0.5064662037331974,2.007802507035047
Dash,Soy Roast Duck With Hoisin Gravy,Chinese,135.32,89.31,34.6,2022-10-16,20:36:12,1.5151718732504758,2.58121387283237
Dash,Braised Stuffed Tofu,Asian,68.66,40.42,63.62,2022-10-16,20:36:12,1.6986640277090548,0.6353348003772399
Dash,Two -Acid Mediterranean Pasta Salad,Mediterranean,89.74,405.64,260.21,2022-10-16,20:36:12,0.22123064786510205,1.5588947388647632
Dash,Blackberry Peach Bread Pudding With Toasted Pecans,British,115.26,679.82,192.89,2022-10-16,20:36:12,0.1695448795269336,3.5243921405982688
Dash,Myron's Crab Cocktail,American,186.67,91.39,128.73,2022-10-16,20:36:12,2.042564832038516,0.7099355239648878
Dash,Butter Turnip-It-Up Creamy Comfort Soup,French,7.96,46.36,147.53,2022-10-16,20:36:12,0.17169974115616912,0.3142411712871958
Dash,Sumac-Spiced Eggplant Schnitzel recipes,Central Europe,58.84,252.2,42.25,2022-10-16,20:36:12,0.23330689928628076,5.969230769230769
Dash,Dawn's Scampi,Italian,182.36,188.74,217.6,2022-10-16,20:36:19,0.9661968846031578,0.8673713235294118
Dash,Drinking in Season: Spiced and Spiked Blood Orange Cocktail Recipe,American,0.99,223.21,1.0,2022-10-16,20:36:19,0.004435285157475023,223.21
Dash,Spinach And Feta Turnovers,Mediterranean,59.01,224.63,156.0,2022-10-16,20:36:19,0.2626986600186974,1.4399358974358973
Dash,Minced beef pie,American,129.95,203.97,285.17,2022-10-16,20:36:19,0.6371034956120998,0.7152575656625871
Dash,Kale-Ing Your Way Through Meatless Monday recipes,Mediterranean,125.51,532.14,128.21,2022-10-16,20:36:19,0.235858984477769,4.150534279697371
Dash,Broccoli Crescent Appetizers,Mediterranean,51.31,137.46,36.24,2022-10-16,20:36:19,0.3732722246471701,3.793046357615894
Dash,Chocolate Lava Cakes with Pistachio Cream,American,70.17,462.65,101.81,2022-10-16,20:36:19,0.15166972873662596,4.544249091444848
Dash,Tomato Basil Sandwich with Feta Aioli,Mediterranean,8.84,31.82,9.76,2022-10-16,20:36:19,0.27781269641734757,3.2602459016393444
Dash,Easy Kalamata Hummus Recipe,Mediterranean,46.6,125.28,95.83,2022-10-16,20:36:19,0.3719667943805875,1.3073150370447668
Dash,Chickadee - Spinach and Chick Peas,South American,48.14,144.05,30.19,2022-10-16,20:36:19,0.33418951752863585,4.771447499171911
Dash,S'mores Martini,American,25.55,204.33,42.22,2022-10-16,20:36:19,0.1250428228845495,4.839649455234486
Dash,Blueberry Almond Rum Cake,American,69.75,630.1,365.2,2022-10-16,20:36:19,0.11069671480717345,1.725355969331873
Dash,Plum and Berry Crumble,American,23.5,295.77,107.02,2022-10-16,20:36:19,0.0794536295094161,2.763689030087834
Dash,Blue Cheese & Berry Tossed Salad,American,38.01,45.54,212.73,2022-10-16,20:36:19,0.8346508563899868,0.2140741785361726
Dash,Herb Meatballs with Maple Sweet and Sour,American,136.57,118.71,164.0,2022-10-16,20:36:25,1.1504506781231574,0.7238414634146341
Dash,Stuffed 'n Squashed Mushroom Foil Pack,Mediterranean,24.47,20.31,18.3,2022-10-16,20:36:25,1.204825209256524,1.1098360655737705
Dash,Southern Barbecue Bowl,American,29.03,99.62,28.99,2022-10-16,20:36:25,0.291407347922104,3.436357364608486
Dash,Ham-Broccoli Strata,American,140.21,137.64,106.47,2022-10-16,20:36:25,1.018671897704156,1.292758523527754
Dash,Sunday Brunch: Deviled Kidneys on Toast Recipe,French,320.79,164.51,82.22,2022-10-16,20:36:25,1.9499726460397546,2.0008513743614693
Dash,My Family’s Noodle Kugel recipes,Asian,210.34,891.81,115.2,2022-10-16,20:36:25,0.23585741357464035,7.741406249999999
Dash,Cream of Cauliflower or Broccoli Soup,American,44.84,60.7,97.28,2022-10-16,20:36:25,0.7387149917627678,0.6239720394736842
Dash,Middle Eastern Eggplant Salad,Middle Eastern,10.59,58.25,56.07,2022-10-16,20:36:25,0.18180257510729614,1.0388799714642412
Dash,Spanish Baked Chicken recipes,Mediterranean,228.28,87.12,285.21,2022-10-16,20:36:25,2.620293847566575,0.30545913537393504
Dash,"Pistachio, Golden Raisin, Cardamom-Scented Pilaf",Mediterranean,32.36,208.39,25.57,2022-10-16,20:36:25,0.15528576227266183,8.14978490418459
Dash,Lavender-Chamomile Tequila,American,0.71,143.0,0.38,2022-10-16,20:36:25,0.004965034965034964,376.3157894736842
Dash,Dreamy Apple Pie,American,26.85,422.09,246.43,2022-10-16,20:36:25,0.06361202587125969,1.7128190561214136
Dash,Beef and Mushroom Cobbler,French,88.64,129.87,94.59,2022-10-16,20:36:25,0.6825286825286825,1.372978116079924
Dash,Borscht,French,22.55,60.76,24.55,2022-10-16,20:36:25,0.3711323238973009,2.4749490835030548
Dash,Little Neck Clams with Sungold Tomatoes,South American,79.37,169.99,58.91,2022-10-16,20:36:25,0.4669098182246014,2.88558818536751
Dash,Lasagna Grilled Cheese,Italian,58.51,80.45,76.09,2022-10-16,20:36:25,0.7272840273461777,1.0573005651202523
Dash,Quinoa-Stuffed Acorn Squash recipes,Mexican,55.63,243.6,49.09,2022-10-16,20:36:25,0.22836617405582924,4.96231411692809
Dash,Apple Camembert Salad,Mediterranean,15.0,43.27,59.51,2022-10-16,20:36:25,0.3466605038132655,0.7271046882876828
Dash,Samuel Adams Boston Lager Glazed Early Winter Roots,American,7.58,44.85,93.19,2022-10-16,20:36:32,0.16900780379041247,0.481274814894302
Dash,Greek Spaghetti Squash Toss,Mediterranean,20.48,60.8,16.18,2022-10-16,20:36:32,0.33684210526315794,3.757725587144623
Dash,Andrew Zimmern’s Hot Crab and Artichoke Dip,Mediterranean,108.01,53.22,159.59,2022-10-16,20:36:32,2.029500187899286,0.3334795413246444
Dash,Cold-Poached Trout With Watercress Mayo,British,74.56,57.82,66.87,2022-10-16,20:36:32,1.2895191975095124,0.8646627785254972
Dash,Baked Apple Rings with Caramel Sauce,American,20.58,267.05,13.55,2022-10-16,20:36:32,0.07706422018348623,19.70848708487085
Dash,"Pomegranate, Cranberry & Brie Bruschetta",American,56.15,147.49,58.78,2022-10-16,20:36:32,0.38070377652722215,2.509186798230691
Dash,"Lemon Herb Quinoa with Hemp Seeds, Spring Peas, and Basil",South American,47.43,153.89,59.65,2022-10-16,20:36:32,0.30820716095912665,2.5798826487845767
Dash,Sticky Sesame Wings,Chinese,245.19,56.22,191.61,2022-10-16,20:36:32,4.361259338313768,0.2934084859871614
Dash,Nutted Chicken-Rice Noodle Casserole,Asian,123.95,236.09,189.42,2022-10-16,20:36:32,0.5250116481003008,1.2463836976032099
Dash,Bbq Meatballs,American,160.95,291.62,175.4,2022-10-16,20:36:32,0.5519168781290721,1.6625997719498289
Dash,Bacon and Egg Sandwiches with Caramelized Onions and Arugula,American,37.52,51.14,75.39,2022-10-16,20:36:32,0.7336722721939773,0.678339302294734
Dash,Fresh Fusilli and Prosciutto di Parma with a Pumpkin Cream Sauce,American,177.51,342.22,275.06,2022-10-16,20:36:32,0.5187014201390917,1.2441649094742966
Dash,Curried Egg Salad with Mango Chutney recipes,Indian,32.09,113.28,37.24,2022-10-16,20:36:32,0.28328036723163846,3.041890440386681
Dash,Creamy Bacon Cheese Grits,American,131.97,294.29,346.82,2022-10-16,20:36:32,0.4484352169628597,0.8485381465890088
Dash,Barbecue Baked Onion Rings,American,32.23,190.67,33.66,2022-10-16,20:36:32,0.16903550637226622,5.664587046939988
Dash,Bordertown Beef and Bean Torta,Mediterranean,159.3,215.68,180.55,2022-10-16,20:36:32,0.7385942136498517,1.1945721406812517
Dash,Broccoli Shrimp Alfredo,Italian,182.84,391.59,209.82,2022-10-16,20:36:32,0.4669169284200312,1.8663139834143552
Dash,Old-Time Beef Stew,American,200.99,61.12,72.78,2022-10-16,20:36:32,3.2884489528795813,0.8397911514152239
Dash,Collard Greens Braised in Coconut Milk,South American,21.76,46.18,52.82,2022-10-16,20:36:32,0.4711996535296666,0.8742900416508899
Dash,Chicken Salad with Apples and Cranberries,American,73.48,192.44,123.08,2022-10-16,20:36:32,0.381833298690501,1.5635359116022098
Dash,Classic Potato Latkes,Kosher,28.31,199.21,60.18,2022-10-16,20:36:39,0.1421113397921791,3.310235958790296
Dash,Kentucky Hot Brown Recipe,American,123.28,69.8,298.59,2022-10-16,20:36:39,1.766189111747851,0.23376536387688804
Dash,"Smoked Trout Salad With Apples, Fennel And Creamy Horseradish Dressing",Mediterranean,13.51,56.2,73.46,2022-10-16,20:36:39,0.24039145907473308,0.7650421998366459
Dash,Marinated Flank Steak with Blue Cheese Sauce,American,131.23,25.4,83.55,2022-10-16,20:36:39,5.166535433070866,0.3040095751047277
Dash,Crab and Avocado Mimosa recipes,British,55.88,47.19,101.47,2022-10-16,20:36:39,1.1841491841491842,0.46506356558588746
Dash,Ultimate Mashed Potatoes,American,75.03,360.54,129.02,2022-10-16,20:36:39,0.20810450990181395,2.7944504727949155
Dash,Garlic Chive Shrimp Fried Rice With Garlic Chips,Chinese,26.5,95.49,23.71,2022-10-16,20:36:39,0.27751597025866587,4.027414592998734
Dash,Noodles For Sunday Brunch,Asian,15.45,31.52,20.69,2022-10-16,20:36:39,0.4901649746192893,1.5234412759787335
Dash,Turkey Re-Hash,American,149.37,272.83,91.91,2022-10-16,20:36:39,0.5474837811091157,2.9684473941899685
Dash,Lamb chops with blood orange and mint compote and feta mash potatos,Mediterranean,55.83,84.18,110.31,2022-10-16,20:36:39,0.6632216678545972,0.7631221104161001
Dash,Kale and Feta Burrito,Mediterranean,53.53,184.53,32.14,2022-10-16,20:36:39,0.2900883325204574,5.741443683883012
Dash,The last of the good pears tart,American,16.87,255.14,93.35,2022-10-16,20:36:39,0.06612056126048445,2.7331547937868237
Dash,Kafta Mishwiyyeh - Lebanese Meatballs,Nordic,177.6,22.82,223.44,2022-10-16,20:36:39,7.782646801051708,0.10213032581453635
Dash,Cheese and Bacon Soufflé Recipe,American,124.88,40.01,217.71,2022-10-16,20:36:39,3.121219695076231,0.18377658352854714
Dash,Cheesy Bruschetta Chicken,Italian,276.85,23.72,201.23,2022-10-16,20:36:39,11.671585160202362,0.1178750683297719
Dash,Butternut Penne with Feta and Pecans,Mediterranean,83.87,421.77,87.9,2022-10-16,20:36:39,0.198852455129573,4.7982935153583615
Dash,Roasted Foie Gras with Apple Onion Compote,Mediterranean,43.99,60.12,161.61,2022-10-16,20:36:39,0.731703260146374,0.37200668275478
Dash,Creamy Carrot Soup,French,23.53,126.72,32.81,2022-10-16,20:36:39,0.18568497474747475,3.8622371228284056
Dash,12th Man Hot Wings,American,807.03,49.17,649.49,2022-10-16,20:36:46,16.413056741915803,0.07570555358819997
Dash,Anything-But-Clementine Clafoutis,French,34.82,237.19,100.71,2022-10-16,20:36:46,0.14680214174290654,2.355178234534803
Dash,Deluxe Redeye Gravy with Pork Shoulder Picnic,American,123.97,39.42,124.93,2022-10-16,20:36:46,3.1448503297818364,0.3155367005523093
Dash,Loaded Organic Baked Potato with Broccoli and Cheese,Italian,59.69,179.9,109.31,2022-10-16,20:36:46,0.3317954419121734,1.645778062391364
Dash,Tuna Melt,American,101.24,72.96,40.45,2022-10-16,20:36:46,1.3876096491228072,1.8037082818294188
Dash,Grated Carrot Salad (Carottes Râpées),American,9.42,92.42,56.52,2022-10-16,20:36:46,0.10192599004544471,1.63517338995046
Dash,Hoisin pork with garlic & ginger greens,American,120.25,75.21,81.17,2022-10-16,20:36:46,1.5988565350352348,0.9265738573364543
Dash,Tarragon Corn recipes,French,17.31,96.28,52.21,2022-10-16,20:36:46,0.17978811798919817,1.8440911702738938
Dash,Daniel Mancini’s Pasta Fa-zool! (Fagioli),Italian,144.39,437.36,65.44,2022-10-16,20:36:46,0.33013993049204315,6.683374083129585
Dash,Daisy Brand Quiche,French,126.22,144.57,288.43,2022-10-16,20:36:46,0.8730718682990939,0.5012308012342682
Dash,Eat For Eight Bucks: Curried Yellow Split Pea Soup,American,113.42,328.21,41.12,2022-10-16,20:36:46,0.3455714329240426,7.981760700389105
Dash,Coronation Chicken Rolls,South East Asian,81.93,29.04,855.17,2022-10-16,20:36:46,2.8212809917355375,0.033958160365775224
Dash,Roasted Squash Soup with Turkey Croquettes,American,146.13,268.78,77.29,2022-10-16,20:36:46,0.5436788451521691,3.477552076594643
Dash,Pineapple Fried Rice,Chinese,92.1,292.94,63.35,2022-10-16,20:36:46,0.3143988530074418,4.624151539068666
Dash,Barbecue Chicken Legs,Mediterranean,1017.25,241.93,1002.07,2022-10-16,20:36:46,4.204728640515851,0.2414302394044328
Dash,Big Daddy's Sloppy Joe Burgers,American,117.28,164.56,118.84,2022-10-16,20:36:46,0.712688381137579,1.3847189498485357
Dash,Milky Way Cake,American,78.91,1041.58,401.55,2022-10-16,20:36:46,0.07575990322394824,2.5938986427593074
Dash,Crab Cakes,Mediterranean,257.31,481.08,424.05,2022-10-16,20:36:46,0.5348590670990272,1.1344888574460559
Dash,Barbecue Lentils,American,27.17,132.5,14.97,2022-10-16,20:36:52,0.20505660377358492,8.851035404141616
Dash,Beet Reuben,American,39.57,57.94,91.25,2022-10-16,20:36:52,0.6829478771142562,0.634958904109589
Dash,Roasted Pork and Potatoes With Creamy Applesauce,American,146.79,161.51,49.88,2022-10-16,20:36:52,0.9088601324995357,3.2379711307137127
Dash,Veal in Savoy Cabbage with Mushroom Sauce,British,330.04,184.29,255.12,2022-10-16,20:36:52,1.790873080470997,0.7223659454374411
Dash,Nana's Chocolate Sheet Cake,American,63.37,1114.02,122.62,2022-10-16,20:36:52,0.05688407748514389,9.085141086282825
Dash,"Broccoli, Pancetta, and Parmesan Frittata",Italian,73.47,22.99,69.66,2022-10-16,20:36:52,3.19573727707699,0.33003158196956645
Dash,"Bulgur And Freekeh Pilaf With Roasted Butternut Squash, Feta And Parsley",Mediterranean,65.04,281.37,94.95,2022-10-16,20:36:52,0.23115470732487473,2.963349131121643
Dash,Black Bean Jalapeno Burritos,Mexican,54.85,258.13,51.91,2022-10-16,20:36:52,0.2124898307054585,4.972644962434984
Dash,Prime Angus Beef Short Ribs,American,213.2,146.8,542.99,2022-10-16,20:36:52,1.4523160762942777,0.2703548868303284
Dash,"Romaine, Celery, and Parmesan Salad",American,14.31,7.08,21.01,2022-10-16,20:36:52,2.0211864406779663,0.33698238933841024
Dash,Lemon Chiffon Cake Recipe,American,64.76,864.34,201.65,2022-10-16,20:36:52,0.07492421963579148,4.286337713860649
Dash,Chipotle Ranch Egg Salad Wraps,American,19.88,59.61,39.48,2022-10-16,20:36:52,0.3335010904210703,1.5098784194528876
Dash,Creamy Cucumber Chive Cups,Eastern Europe,37.79,46.16,7.48,2022-10-16,20:36:52,0.8186741767764298,6.171122994652405
Dash,Pasta Salad with Links,Italian,55.65,179.63,99.26,2022-10-16,20:36:52,0.30980348494126814,1.8096917187185169
Dash,A Better Mug Cake - from the Oven,French,11.86,90.85,27.46,2022-10-16,20:36:52,0.1305448541552009,3.3084486525855787
Dash,Guacamole,Mexican,13.3,62.46,93.13,2022-10-16,20:36:52,0.21293627921869998,0.6706753999785247
Dash,Sumac-Spiced Eggplant Schnitzel Recipe,Central Europe,58.84,252.2,195.33,2022-10-16,20:36:52,0.23330689928628076,1.2911483131111452
Dash,Chicken And Avocado Salad,Asian,57.41,114.18,235.61,2022-10-16,20:36:59,0.5028025923979681,0.48461440516107124
Dash,Vegan Nachos,American,119.72,312.06,136.44,2022-10-16,20:36:59,0.38364417099275777,2.287159190853122
Dash,BBQ Chicken Tacos with Red Cabbage Slaw,Mexican,80.86,173.4,13.31,2022-10-16,20:36:59,0.466320645905421,13.02779864763336
Dash,Fresh Fennel and Red Pepper Chow-Chow,Italian,9.56,156.79,73.52,2022-10-16,20:36:59,0.06097327635691052,2.1326169749727963
Dash,Jarlsberg® Cheesy Corn Muffins,British,86.85,324.54,221.89,2022-10-16,20:36:59,0.26760953965612866,1.462616611834693
Dash,Creamy Clam Chowder,American,106.41,148.0,70.36,2022-10-16,20:36:59,0.7189864864864864,2.1034678794769754
Dash,Buttery Apple Crumble,British,49.06,528.35,128.98,2022-10-16,20:36:59,0.09285511498059998,4.096371530469841
Dash,Sour Cream-Chicken Enchiladas,Mexican,434.75,317.89,312.75,2022-10-16,20:36:59,1.367611437918777,1.0164348521183053
Dash,Garlic Cheese Bread,Italian,198.49,177.69,416.73,2022-10-16,20:36:59,1.1170577972874107,0.426391188539342
Dash,Skillet Steak with Mushroom Sauce,American,99.25,58.82,61.16,2022-10-16,20:36:59,1.6873512410744644,0.9617396991497712
Dash,Keto Breaded Shrimp,Mediterranean,152.34,12.96,142.33,2022-10-16,20:36:59,11.75462962962963,0.09105599662755567
Dash,Hot Cocoa with Tipsy Peppermint Marshmallows,American,135.35,574.6,52.75,2022-10-16,20:36:59,0.23555516881308736,10.892890995260665
Dash,Samuel Adams OctoberFest Soft Pretzel,American,59.75,421.13,33.44,2022-10-16,20:36:59,0.14188017951701376,12.5936004784689
Dash,Garlic Cashew Chicken,South American,130.32,54.75,161.96,2022-10-16,20:36:59,2.3802739726027395,0.3380464312175846
Dash,Salad With Caramelized Fennel And Apples,Mediterranean,23.16,55.26,69.17,2022-10-16,20:36:59,0.4191096634093377,0.7989012577707097
Dash,Grilled Salmon with Kale Sauté,Nordic,65.86,19.13,42.0,2022-10-16,20:36:59,3.4427600627286985,0.4554761904761905
Dash,Perfect Guacamole,Mexican,9.64,45.21,59.22,2022-10-16,20:36:59,0.21322716213227164,0.7634245187436677
Dash,Polish Style Nachos,Mexican,143.73,308.56,260.77,2022-10-16,20:36:59,0.46580891884884623,1.183264946121103
Dash,Quick Punjabi Dal Fry,Indian,55.03,152.18,51.74,2022-10-16,20:36:59,0.36161124983572085,2.941244684963278
Dash,The Ultimate Cheesecake,American,54.89,433.72,291.48,2022-10-16,20:36:59,0.12655630360601308,1.4879923150816523
Dash,Crustless Broccoli Quiche,French,55.57,61.83,48.54,2022-10-16,20:37:06,0.8987546498463529,1.273794808405439
Dash,Old Fashioned,World,0.12,9.66,0.02,2022-10-16,20:37:06,0.012422360248447204,483.0
Dash,"Grilled Chicken, Mango, and Jicama Salad with Tequila-Lime Vinaigrette",American,247.16,119.4,78.32,2022-10-16,20:37:06,2.0700167504187603,1.524514811031665
Dash,Mediterranean Quinoa Bowl,Mediterranean,65.37,233.41,74.62,2022-10-16,20:37:06,0.2800651214600917,3.1279817743232377
Dash,Smashed Raspberry Chocolate Chunk Pancakes,American,33.11,160.57,63.97,2022-10-16,20:37:06,0.20620290216105125,2.510082851336564
Dash,Aunt Trish's Salad Dressing,American,16.96,25.42,172.45,2022-10-16,20:37:06,0.6671911880409127,0.1474050449405625
Dash,"Halibut ""Lobster"" Roll with Green Goddess Slaw",South East Asian,83.48,37.02,41.84,2022-10-16,20:37:06,2.2549972987574285,0.8847992351816444
Dash,Tuna Melt,American,99.25,72.94,40.35,2022-10-16,20:37:06,1.3607074307650124,1.8076827757125153
Dash,Double Crust Cherry Pie,American,45.17,549.08,201.12,2022-10-16,20:37:06,0.08226487943469075,2.7301113762927605
Dash,Latke-Maki,Japanese,38.76,321.27,215.81,2022-10-16,20:37:06,0.1206461854514894,1.4886705898707195
Dash,Sticky Sesame Wings recipes,Chinese,245.19,56.22,191.61,2022-10-16,20:37:06,4.361259338313768,0.2934084859871614
Dash,Spinach-and-Watermelon Salad,Middle Eastern,9.54,71.32,8.83,2022-10-16,20:37:06,0.1337633202467751,8.077010192525481
Dash,Rigatoni with Kale Pesto,Italian,100.29,382.32,148.04,2022-10-16,20:37:06,0.2623195229127433,2.582545258038368
Dash,Butternut Buttermilk Biscuits,American,47.9,364.29,124.87,2022-10-16,20:37:06,0.1314886491531472,2.9173540482101386
Dash,Tiny Meat Cakes (Bolos de Carne),Mexican,100.98,26.94,59.47,2022-10-16,20:37:06,3.7483296213808464,0.45300151336808475
Dash,Hamburger And Macaroni,Italian,135.67,757.61,120.41,2022-10-16,20:37:06,0.17907630575098005,6.291919275807658
Dash,Game Day Chicken Wings,American,279.2,21.12,469.5,2022-10-16,20:37:06,13.219696969696969,0.04498402555910543
Dash,Goodbye Summer Salad,American,60.48,54.5,102.75,2022-10-16,20:37:06,1.1097247706422018,0.5304136253041363
Dash,Tomato and Shrimp Stew,American,117.64,153.72,34.16,2022-10-16,20:37:06,0.7652875357793391,4.5
Dash,Mexi-Latkes recipes,Kosher,31.3,182.24,264.75,2022-10-16,20:37:13,0.1717515364354697,0.6883474976392824
Dash,Tulsi Tamatar Shorba,Mediterranean,13.74,82.25,38.29,2022-10-16,20:37:13,0.1670516717325228,2.1480804387568555
Dash,Shrimp “Egg Roll” Stir Fry,Chinese,27.22,22.4,8.0,2022-10-16,20:37:13,1.2151785714285714,2.8
Dash,Gluten-Free Winter Squash Gnocchi recipes,Italian,19.82,137.94,43.56,2022-10-16,20:37:13,0.14368566043207193,3.1666666666666665
Dash,Kid Friendly Pasta Salad,American,121.47,282.11,221.64,2022-10-16,20:37:13,0.430576725390805,1.2728298141129761
Dash,Southwestern Breakfast Tostadas,American,29.53,47.08,23.4,2022-10-16,20:37:13,0.627230246389125,2.011965811965812
Dash,Elliott's Easy Chocy Pudding,British,27.26,188.63,86.85,2022-10-16,20:37:13,0.14451571860255527,2.1719055843408177
Dash,"Spicy, Peanutty Udon with Kale",American,32.54,85.66,35.11,2022-10-16,20:37:13,0.379873920149428,2.4397607519225293
Dash,Always Wonderful Refried Bean Dip,Mexican,148.19,436.35,22.94,2022-10-16,20:37:13,0.3396126962300905,19.021360069747168
Dash,The Ultimate Cheesecake,American,68.34,442.95,369.14,2022-10-16,20:37:13,0.15428377920758551,1.1999512380126782
Dash,Grilled Burgers with Curry Mustard,American,83.13,110.24,83.21,2022-10-16,20:37:13,0.7540820029027576,1.3248407643312101
Dash,Stuffed Potatoes With Mushrooms,Nordic,47.73,263.16,59.28,2022-10-16,20:37:13,0.1813725490196078,4.439271255060729
Dash,Grilled Flat Iron Steak with Pistachio Pesto Butter,Italian,175.12,13.27,319.23,2022-10-16,20:37:13,13.196684250188396,0.041568774864517745
Dash,Lasagna Bella,Italian,77.58,82.52,45.57,2022-10-16,20:37:13,0.9401357246728066,1.8108404652183454
Dash,Asian Ketchup – “Cheater Method”,Asian,19.45,146.57,8.88,2022-10-16,20:37:13,0.13270109845125197,16.505630630630627
Dash,Lightened-Up Chicken Caesar Platter recipes,Mediterranean,51.04,26.35,83.95,2022-10-16,20:37:13,1.9370018975332066,0.3138773079213818
Dash,Individual Cherry Almond Crisps,French,39.22,526.16,342.95,2022-10-16,20:37:13,0.07454006385890223,1.5342178160081643
Dash,Hot Brown Burgers Recipe,American,146.68,73.99,369.77,2022-10-16,20:37:13,1.9824300581159617,0.2000973578170214
Dash,Red Wine-Braised Lentils With (Veggie) Sausage,British,53.44,144.3,31.19,2022-10-16,20:37:19,0.37033957033957027,4.6264828470663675
Dash,Kiddie (Goat) Stew,French,423.02,97.36,131.29,2022-10-16,20:37:19,4.344905505341003,0.7415644755883921
Dash,Jane's Crab Cakes,American,180.27,37.27,167.2,2022-10-16,20:37:19,4.8368661121545475,0.22290669856459333
Dash,Steak with Smothered Caramelized Onion (Bistec Encebollado),American,192.47,50.95,393.12,2022-10-16,20:37:19,3.777625122669283,0.1296041921041921
Dash,Mocha Buttercream Cake recipes,American,78.6,1166.97,426.07,2022-10-16,20:37:19,0.06735391655312475,2.738916140540287
Dash,No-Bake Orange And Cream Pie,American,37.03,425.78,285.12,2022-10-16,20:37:19,0.0869697966085772,1.4933361391694724
Dash,Chocolate Whiskey Tangerine Pie,American,81.4,533.83,409.52,2022-10-16,20:37:19,0.1524830002060581,1.303550498144169
Dash,Posole,American,99.16,83.4,36.92,2022-10-16,20:37:19,1.1889688249400479,2.258938244853738
Dash,Tilapia with a Neo-Soul Touch,Mediterranean,87.56,121.6,125.1,2022-10-16,20:37:19,0.7200657894736843,0.9720223820943246
Dash,Slow Cooker Shredded Pork with 'Skillet Apples',American,255.77,199.43,160.89,2022-10-16,20:37:19,1.2825051396479967,1.2395425445956867
Dash,Chocolate Waffles with a Fresh Raspberry Syrup,American,58.18,417.01,220.63,2022-10-16,20:37:19,0.13951703796072037,1.8900874767710647
Dash,Cook the Book: Cherry Tomato and Tofu Salad,Asian,56.28,20.64,49.31,2022-10-16,20:37:19,2.7267441860465116,0.418576353680795
Dash,Gina's Simple Lemon Bars,American,54.98,595.01,192.04,2022-10-16,20:37:19,0.09240180837296852,3.098364923974172
Dash,Sweet Potato Casserole Trifle Recipe,American,39.71,377.61,414.27,2022-10-16,20:37:19,0.10516140992028812,0.9115069881961041
Dash,Steamed Meat Bao with Preserved Vegetables,American,95.55,234.64,79.52,2022-10-16,20:37:19,0.4072195704057279,2.9507042253521125
Dash,Turkey Meatballs,American,171.34,58.53,92.37,2022-10-16,20:37:19,2.9273876644455834,0.6336472880805456
Dash,Asparagus Wrapped in Prosciutto,Italian,77.41,12.4,96.55,2022-10-16,20:37:19,6.2427419354838705,0.1284308648368721
Dash,Loco Moco,Mexican,163.31,80.29,346.56,2022-10-16,20:37:26,2.034001743679163,0.23167705447830103
Dash,Not Red Velvet Cake With Fudge Glaze,American,64.86,736.98,242.18,2022-10-16,20:37:26,0.08800781568020842,3.043108431744983
Dash,Summer Melon and Ham Salad with Burrata and Chile,Italian,49.86,139.98,63.23,2022-10-16,20:37:26,0.35619374196313763,2.213822552585798
Dash,Warm German Potato Salad,Central Europe,63.59,173.98,140.3,2022-10-16,20:37:26,0.36550178181400167,1.2400570206699928
Dash,Spinach-Turkey Roll-Ups,American,28.47,7.15,25.42,2022-10-16,20:37:26,3.9818181818181815,0.28127458693941776
Dash,Vegetarian Green Chile Recipe,Mexican,9.34,52.88,2.28,2022-10-16,20:37:26,0.17662632375189105,23.192982456140353
Dash,Fal Harvest Quinoa Salad,American,28.64,157.66,42.75,2022-10-16,20:37:26,0.1816567296714449,3.687953216374269
Dash,"Cook the Book: Tomato, Montrachet, and Basil Salad",American,13.44,50.88,64.42,2022-10-16,20:37:26,0.2641509433962264,0.7898168270723378
Dash,Frozen Pina Colada with Mango Puree,World,5.49,117.69,13.74,2022-10-16,20:37:26,0.046647973489676274,8.565502183406114
Dash,Dreamy Apple Pie recipes,American,26.63,483.85,246.3,2022-10-16,20:37:26,0.05503771830112638,1.9644742184328055
Dash,Chocolate Cream Puffs with Salted Caramel Custard Filling,American,62.7,588.39,235.07,2022-10-16,20:37:26,0.1065619742007852,2.5030416471689283
Dash,Cherry Almond Crisp,American,49.43,650.46,346.01,2022-10-16,20:37:26,0.07599237462718691,1.8798878645125865
Dash,Catfish with Red Pepper Sauce,American,21.06,19.43,34.77,2022-10-16,20:37:26,1.0838908903757076,0.5588150704630428
Dash,Restorative Turmeric Elixir,Mediterranean,1.82,29.21,0.58,2022-10-16,20:37:26,0.062307428962684014,50.362068965517246
Dash,Bake Me Crazy Chicken with Gravy,American,145.68,76.57,125.32,2022-10-16,20:37:26,1.9025728091942016,0.6109958506224066
Dash,Strawberry Goat Cheese Oat Pie with Whipped Goat Cheese,American,70.35,174.17,159.67,2022-10-16,20:37:33,0.40391571453177927,1.090812300369512
Dash,Lime Caesar Salad,American,26.9,43.45,90.48,2022-10-16,20:37:33,0.6191024165707709,0.4802166224580018
Dash,Couscous with Mushrooms & Sun-Dried Tomatoes,Italian,51.57,237.83,12.24,2022-10-16,20:37:33,0.21683555480805616,19.430555555555557
Dash,Cream of Spinach Bake,American,38.64,35.86,42.98,2022-10-16,20:37:33,1.0775237032905745,0.8343415542112611
Dash,Sweet Challah,French,61.96,354.83,60.53,2022-10-16,20:37:33,0.17461883155313812,5.862051875103254
Dash,"Brussels Sprout Stir Fry With Egg, Chilli, Ginger And Garlic",Chinese,36.52,306.37,24.63,2022-10-16,20:37:33,0.11920227176290107,12.438895655704426
Dash,Classic Shrimp Roll,American,115.87,132.85,34.84,2022-10-16,20:37:33,0.8721866767030486,3.8131458094144657
Dash,Red Pepper-and-Pear Soup,French,34.13,160.31,45.42,2022-10-16,20:37:33,0.21290000623791405,3.529502421840599
Dash,Chicken and Dumplings,American,274.06,134.61,211.06,2022-10-16,20:37:33,2.035955723943243,0.637780725859945
Dash,Black Cat Sandwich Cookies,American,29.35,430.88,109.86,2022-10-16,20:37:33,0.06811641292239139,3.922082650646277
Dash,"101 ""Whaler"" Fish Sandwich",American,166.86,291.0,206.96,2022-10-16,20:37:33,0.5734020618556701,1.4060688055662929
Dash,Seafood Soup,American,70.67,70.08,7.64,2022-10-16,20:37:33,1.0084189497716896,9.172774869109947
Dash,Early Girl Tomato Soup,French,7.22,33.34,26.6,2022-10-16,20:37:33,0.21655668866226752,1.2533834586466166
Dash,Spiced Carrot-Butternut Squash Soup with Pine Nut Cream,American,30.0,116.45,116.06,2022-10-16,20:37:33,0.25762129669386,1.0033603308633465
Dash,Vanilla Date Pudding,British,38.76,343.76,94.42,2022-10-16,20:37:33,0.11275308354666046,3.6407540775259477
Dash,Sweet 'N Spicy Red Eye Ham Steaks With Cheese Grits And Seared Chard,American,215.37,172.29,174.02,2022-10-16,20:37:33,1.2500435312554414,0.9900586139524191
Dash,Apple-Cranberry Crumb Pie,American,13.61,578.56,25.03,2022-10-16,20:37:33,0.023523921460176993,23.11466240511386
Dash,The Addictive Pot Stickers,Chinese,204.27,303.45,110.41,2022-10-16,20:37:33,0.6731586752347999,2.748392355764876
Dash,PB 'n Chocolate Bread Pudding Bonanza,British,43.47,186.05,58.66,2022-10-16,20:37:33,0.23364686912120397,3.1716672349130586
Dash,Time for a Drink: the 151 Swizzle Recipe,British,0.1,12.31,0.02,2022-10-16,20:37:40,0.008123476848090984,615.5
Dash,Turkey Meatball Sandwich,American,169.52,201.71,130.74,2022-10-16,20:37:40,0.8404144563977989,1.542833103870277
Dash,cream of tomato soup with orzo,American,40.34,154.42,61.38,2022-10-16,20:37:40,0.26123559124465745,2.5158031932225478
Dash,Beet Spinach Salad (Mint And Raspberries),Middle Eastern,9.9,59.34,55.7,2022-10-16,20:37:40,0.16683518705763398,1.0653500897666068
Dash,Gertie’s Crab Cakes,Mediterranean,88.64,16.1,119.92,2022-10-16,20:37:40,5.505590062111801,0.13425617078052035
Dash,Date Butterscotch Pancakes,American,40.75,330.86,182.0,2022-10-16,20:37:40,0.12316387595962038,1.817912087912088
Dash,Baked Chicken Tenders,American,142.56,226.86,286.38,2022-10-16,20:37:40,0.6284051838138058,0.7921642572805364
Dash,Stuffed Main Lobster,American,340.2,195.57,158.58,2022-10-16,20:37:40,1.7395306028531983,1.2332576617480135
Dash,Quick Chicken Cacciatore,Italian,93.61,51.65,25.34,2022-10-16,20:37:40,1.8123910939012584,2.0382794001578532
Dash,Salisbury Steak with Onion Gravy,American,207.91,100.43,195.49,2022-10-16,20:37:40,2.070198147963756,0.5137347178883831
Dash,Chicken Souvlaki Salad,Mediterranean,105.26,42.11,96.52,2022-10-16,20:37:40,2.499643790073617,0.43628263572316617
Dash,Drink the Book: The Dahlgren Recipe,World,1.83,94.39,0.7,2022-10-16,20:37:40,0.019387646996503867,134.84285714285716
Dash,Individual Cherry Almond Crisps recipes,American,49.43,650.46,346.01,2022-10-16,20:37:40,0.07599237462718691,1.8798878645125865
Dash,Soba Noodle Broth with Chicken,Asian,87.96,136.87,34.0,2022-10-16,20:37:40,0.6426536129173668,4.0255882352941175
Dash,Mini Vanilla Scones with Vanilla Bean Glaze,British,54.95,937.12,262.76,2022-10-16,20:37:40,0.058637100904900125,3.566448470086771
Dash,Smoky Pear & Ginger Margarita,World,0.68,24.6,0.24,2022-10-16,20:37:46,0.027642276422764227,102.50000000000001
Dash,Butternut Squash Soup with Spiced Seeds,American,39.32,215.7,59.78,2022-10-16,20:37:46,0.18229021789522487,3.608230177316828
Dash,Creamy Stove-Top Mac and Cheese,American,170.47,404.64,245.26,2022-10-16,20:37:46,0.42128805852115464,1.649840985077061
Dash,Scrambled Egg Burritos,Mexican,24.04,62.54,33.16,2022-10-16,20:37:46,0.3843939878477774,1.8860072376357058
Dash,Leek And Comté Tartlets,French,31.84,38.97,68.42,2022-10-16,20:37:46,0.8170387477546831,0.569570301081555
Dash,Blue Cheese-Topped Steaks,American,98.69,16.43,94.04,2022-10-16,20:37:46,6.0066950699939134,0.17471288813270947
Dash,Easy Green Gazpacho,Mediterranean,16.9,88.24,83.5,2022-10-16,20:37:46,0.1915231187669991,1.0567664670658683
Dash,Citrus Dressing and Arugula Salad,Mediterranean,33.27,93.71,252.59,2022-10-16,20:37:46,0.35503148009817526,0.3709964765034245
Dash,Chicken and Onion Kebabs,American,185.38,167.8,36.71,2022-10-16,20:37:46,1.10476758045292,4.570961590847181
Dash,Beef Stew In Red Wine Sauce,American,227.75,96.07,139.91,2022-10-16,20:37:46,2.370667221817425,0.6866557072403687
Dash,Quick Paella,American,139.15,442.48,54.34,2022-10-16,20:37:46,0.3144774905080456,8.142804563857196
Dash,Classic Chicken Parmigiana,Italian,310.39,158.83,98.56,2022-10-16,20:37:46,1.954227790719637,1.6115056818181819
Dash,Scoopy Salmon Salad,Nordic,40.55,13.2,9.04,2022-10-16,20:37:46,3.071969696969697,1.4601769911504425
Dash,Mini Grilled Artichoke Hearts with Low Fat Spinach and Artichoke Dip,Mediterranean,90.58,107.23,72.04,2022-10-16,20:37:46,0.844726289284715,1.4884786229872293
Dash,Christmas Eve Seafood Salad,Mediterranean,421.73,83.36,69.74,2022-10-16,20:37:46,5.059141074856046,1.195296816747921
Dash,Hazelnut-Pear Soufflé Recipe,French,43.06,411.15,51.88,2022-10-16,20:37:46,0.1047306335887146,7.925019275250578
Dash,"Potato, Porcini And Squash Gratin",French,88.74,252.69,184.56,2022-10-16,20:37:53,0.35118128932684317,1.369148244473342
Dash,Ceviche-Style Shrimp and Chips,South American,74.92,108.51,43.39,2022-10-16,20:37:53,0.6904432771173163,2.5008066374740725
Dash,Shrimp Cocktail recipes,American,28.52,114.27,3.39,2022-10-16,20:37:53,0.24958431784370352,33.70796460176991
Dash,Easy cucumber peanut salad--Thai style,South East Asian,39.42,92.91,52.35,2022-10-16,20:37:53,0.42428156280271234,1.774785100286533
Dash,Fresh Tomato Pie,Italian,69.68,139.83,164.17,2022-10-16,20:37:53,0.49831938782807694,0.8517390509837365
Dash,Oven-Roasted Spicy Potatoes and Glazed Carrots,Italian,59.95,651.14,111.13,2022-10-16,20:37:53,0.09206929385385632,5.859263925132727
Dash,Baked Alaskas,French,115.08,312.14,65.99,2022-10-16,20:37:53,0.3686807201896585,4.730110622821639
Dash,Bread Salad,American,44.09,153.84,86.03,2022-10-16,20:37:53,0.28659646385855436,1.788213413925375
Dash,Spanish Chicken,Mediterranean,252.59,217.32,213.23,2022-10-16,20:37:53,1.1622952328363705,1.0191811658772219
Dash,Pumpkin Spice-Cream,American,73.33,351.16,91.91,2022-10-16,20:37:53,0.20882218931541177,3.820694157327821
Dash,Broccoli Biscuit Squares,American,200.94,193.97,235.72,2022-10-16,20:37:53,1.0359333917616127,0.8228830816222638
Dash,Sweet Jewel Box Cookies,Italian,54.63,543.54,197.01,2022-10-16,20:37:53,0.10050778231592893,2.758946246383432
Dash,Garlic roasted potato and spinach (or cauliflower) curry,South East Asian,40.31,241.4,14.76,2022-10-16,20:37:53,0.16698425849212925,16.355013550135503
Dash,Classic Wedge Salad with Blue Cheese Dressing recipes,Mediterranean,42.53,30.13,154.3,2022-10-16,20:37:53,1.4115499502157318,0.1952689565780946
Dash,Candied Sweet Potato Ricotta Tart,South American,38.28,179.53,117.32,2022-10-16,20:37:53,0.21322341669915892,1.5302591203545859
Dash,Brown Butter Pecan Pie,American,81.46,860.34,463.21,2022-10-16,20:37:53,0.09468349722202848,1.8573433216035924
Dash,Fresh Crab Springrolls,South East Asian,129.64,198.43,122.16,2022-10-16,20:37:53,0.6533286297434863,1.6243451211525868
Dash,Flank Steak Tostadas,South American,67.9,114.46,54.53,2022-10-16,20:37:53,0.5932203389830509,2.0990280579497522
Dash,Fallen Chocolate Cake with Cherry Red Wine Sauce,French,63.83,579.87,99.45,2022-10-16,20:38:00,0.1100763964336834,5.8307692307692305
Dash,Blackened Catfish,Indian,100.98,21.68,155.19,2022-10-16,20:38:00,4.6577490774907755,0.13969972292029126
Dash,Ropa Vieja,Caribbean,380.12,78.55,288.35,2022-10-16,20:38:00,4.839210693825589,0.2724119993063984
Dash,Chicken Parmesan with Broccolini,Italian,70.21,41.05,30.67,2022-10-16,20:38:00,1.710353227771011,1.3384414737528527
Dash,Sopa de Lima - Mexican Chicken Lime Soup,Mexican,179.81,101.55,106.95,2022-10-16,20:38:00,1.770654849827671,0.9495091164095372
Dash,Les Oeufs Jeannette,American,50.71,14.05,122.47,2022-10-16,20:38:00,3.609252669039146,0.11472197272801503
Dash,The Kale Mary Recipe,American,5.26,14.06,1.01,2022-10-16,20:38:00,0.3741109530583214,13.92079207920792
Dash,Hot Fudge Hat,American,40.21,442.35,213.56,2022-10-16,20:38:00,0.09090087035153159,2.0713148529687206
Dash,Thai Beef Salad,South East Asian,105.25,78.69,67.46,2022-10-16,20:38:00,1.3375270047019951,1.1664690186777351
Dash,Paula Deen's Crab and Spinach Casserole,Italian,248.3,167.04,147.31,2022-10-16,20:38:00,1.4864703065134102,1.13393523861245
Dash,Chilli Paneer,Indian,58.34,97.07,20.16,2022-10-16,20:38:00,0.601009580714948,4.814980158730158
Dash,Salmon and Asparagus Wraps,Nordic,36.32,59.09,12.08,2022-10-16,20:38:00,0.614655610086309,4.891556291390729
Dash,Apple Spinach Salad With Zippy Dressing,Mediterranean,13.44,75.06,46.69,2022-10-16,20:38:00,0.17905675459632292,1.6076247590490471
Dash,Sweet Potato & Spinach Dal,Central Europe,61.47,175.5,31.64,2022-10-16,20:38:00,0.35025641025641024,5.54677623261694
Dash,Chicken Salad with Asian Vinaigrette,Asian,108.51,31.19,39.27,2022-10-16,20:38:00,3.478999679384418,0.7942449707155589
Dash,Fusilli with Basil Shiso Parmigiano-Reggiano Pesto,Italian,34.63,81.23,102.17,2022-10-16,20:38:00,0.4263203250030777,0.7950474699031027
Dash,Asian Meatballs with Shitake Mushrooms recipes,Japanese,98.3,49.13,68.5,2022-10-16,20:38:00,2.0008141664970487,0.7172262773722629
Dash,Veggie-Filled Burgers,Nordic,91.74,117.89,37.23,2022-10-16,20:38:07,0.7781830519976248,3.1665323663712064
Dash,Vegan Mediterranean Pita Pockets,American,120.28,197.28,115.53,2022-10-16,20:38:07,0.6096918085969181,1.7076084133991172
Dash,Smokey Red Pepper Risotto with Pimentón,Italian,75.01,307.04,33.42,2022-10-16,20:38:07,0.24430041688379364,9.187312986235787
Dash,Giant Beans Baked with Sorrel,American,35.3,147.08,223.91,2022-10-16,20:38:07,0.24000543921675274,0.656871064266893
Dash,Rosemary Cauliflower Soup,French,17.92,94.84,41.29,2022-10-16,20:38:07,0.18894981020666388,2.296924194720271
Dash,Greek Lemon Soup —Avgolemono,Mediterranean,83.64,212.01,26.48,2022-10-16,20:38:07,0.39450969293901234,8.00641993957704
Dash,Grits and Sausage Casserole,Italian,88.86,134.81,91.7,2022-10-16,20:38:07,0.6591499146947556,1.4701199563794984
Dash,Lemon Rosemary Scones,British,57.52,948.19,285.25,2022-10-16,20:38:07,0.06066294729959185,3.3240666082383874
Dash,Big Blue Buffalo Jala' Poppers,American,43.99,78.68,45.7,2022-10-16,20:38:07,0.5591001525165226,1.7216630196936542
Dash,My Caesar Salad,American,39.2,96.25,178.76,2022-10-16,20:38:07,0.4072727272727273,0.538431416424256
Dash,Banana Chocolate Chip Cake,American,60.67,652.83,176.61,2022-10-16,20:38:07,0.09293384188839361,3.696449804654323
Dash,Rhubarb Berry Pie,Central Europe,16.94,275.56,61.79,2022-10-16,20:38:07,0.061474814922339964,4.4596212979446515
Dash,Southern Yellow-Squash Casserole,Italian,172.47,371.15,324.63,2022-10-16,20:38:07,0.4646908258116665,1.1433016049040445
Dash,Trout Parmesan,French,418.33,347.7,519.37,2022-10-16,20:38:07,1.2031348863963187,0.6694649286635731
Dash,Ham and Cheese Chicken,Italian,167.25,27.17,53.89,2022-10-16,20:38:07,6.155686418844313,0.5041751716459455
Dash,The Ultimate Fully-Loaded Bloody Mary Recipe,World,1.69,8.33,0.55,2022-10-16,20:38:07,0.2028811524609844,15.145454545454545
Dash,"Tomato, Cucumber, and Fresh Herb Salad",Mediterranean,34.89,52.87,135.0,2022-10-16,20:38:07,0.6599205598638169,0.3916296296296296
Dash,Sweet & Savory Peach Tart,American,29.44,169.03,164.26,2022-10-16,20:38:07,0.17417026563331953,1.029039327894801
Dash,Cajun BBQ Chicken,American,111.01,135.57,38.95,2022-10-16,20:38:13,0.8188389761746699,3.480616174582798
Dash,Slow-Cooked Venison,French,423.07,149.48,103.45,2022-10-16,20:38:13,2.8302782981000805,1.444949250845819
Dash,English Pea Salad,British,125.12,276.04,149.07,2022-10-16,20:38:13,0.4532676423706709,1.8517475011739453
Dash,Pasta Salad with Tomatoes and Grilled Salmon,Nordic,243.23,328.71,144.12,2022-10-16,20:38:13,0.7399531501931794,2.2808076602830973
Dash,Ginger Tofu Stir-Fry,Asian,28.31,39.49,35.86,2022-10-16,20:38:13,0.716890351987845,1.1012269938650308
Dash,Mushroom Pie,British,75.84,112.14,194.46,2022-10-16,20:38:13,0.6762974852862493,0.5766738660907127
Dash,Susan Feniger's Kaya Toast,South East Asian,39.43,241.45,95.03,2022-10-16,20:38:13,0.1633050320977428,2.540776596864148
Dash,Rustic Plum-and-Almond Tart,French,42.82,341.54,66.27,2022-10-16,20:38:13,0.12537330912923814,5.153764901161914
Dash,Pull-Apart Bread,American,81.82,1238.87,248.68,2022-10-16,20:38:13,0.06604405627709121,4.981783818562007
Dash,Caesar Salad with Baby Romaine,Mexican,46.73,112.64,89.06,2022-10-16,20:38:13,0.4148615056818182,1.264765326746014
Dash,Homemade Ranch Dressing,American,6.43,12.16,201.69,2022-10-16,20:38:13,0.528782894736842,0.06029054489563191
Dash,Red berry fruit compote (German rote grütze),American,34.32,196.14,37.01,2022-10-16,20:38:13,0.17497705720403794,5.299648743582815
Dash,Herring and Apple Salad,British,98.93,44.22,52.24,2022-10-16,20:38:13,2.2372229760289466,0.8464777947932618
Dash,Christmas chocolate yule log,Nordic,81.29,787.82,525.49,2022-10-16,20:38:13,0.10318346830494275,1.4992102608993512
Dash,Grilled Vegetable Sandwiches,Mediterranean,50.31,199.05,81.23,2022-10-16,20:38:13,0.25275056518462696,2.4504493413763386
Dash,Double Winter Delights,Middle Eastern,36.47,96.83,35.48,2022-10-16,20:38:13,0.3766394712382526,2.729143179255919
Dash,Tomatoey Shrimp and Polenta,Italian,61.31,99.14,15.23,2022-10-16,20:38:13,0.6184183982247328,6.509520682862771
Dash,Chop-Chop Beef Stir-Fry,Chinese,34.66,25.15,22.12,2022-10-16,20:38:13,1.378131212723658,1.1369801084990958
Dash,Buche De Noel,French,52.37,530.77,137.42,2022-10-16,20:38:13,0.09866797294496675,3.86239266482317
Dash,Grilled Snapper with Red Pepper Sauce,South American,120.65,20.65,35.72,2022-10-16,20:38:20,5.842615012106538,0.578107502799552
Dash,Broad bean and runner bean risotto,Italian,65.08,314.49,102.18,2022-10-16,20:38:20,0.20693821743139684,3.077803875513799
Dash,Snapper Piccata,Italian,120.02,11.85,33.02,2022-10-16,20:38:20,10.128270042194092,0.3588734100545124
Dash,Grilled Apples with Herbes de Provence and Micro Greens,American,7.74,93.4,77.17,2022-10-16,20:38:20,0.0828693790149893,1.21031488920565
Dash,Italian Seafood Salad (Insalata di Mare) Recipe,Italian,272.1,82.36,264.57,2022-10-16,20:38:20,3.3037882467217097,0.3112975772007408
Dash,Chinese Braised Shrimp E-Fu Noodles (伊麵 - Yee Mein),Asian,62.17,256.65,18.66,2022-10-16,20:38:20,0.242236508864212,13.7540192926045
Dash,Chicken Fajita Bar Party!,American,366.0,68.53,154.22,2022-10-16,20:38:20,5.340726689041296,0.44436519258202567
Dash,Ultra Moist Carrot Cake recipes,American,76.66,904.06,327.66,2022-10-16,20:38:20,0.08479525695197221,2.7591405725447107
Dash,Creole Red Snapper,American,143.96,23.58,23.81,2022-10-16,20:38:20,6.105173876166243,0.9903401931961361
Dash,Hachis Parmentier,French,28.24,129.69,44.58,2022-10-16,20:38:20,0.21775001927673682,2.9091520861372815
Dash,A Little Fruit with My Crisp,American,60.88,628.45,274.77,2022-10-16,20:38:20,0.09687325960696952,2.2871856461768028
Dash,Smoked Fish & Cherry Tomato Rarebit,Italian,232.28,126.99,163.44,2022-10-16,20:38:20,1.829120403181353,0.7769823788546255
Dash,'Dragon prawn' noodles,Asian,165.01,267.89,49.48,2022-10-16,20:38:20,0.6159617753555564,5.41410670978173
Dash,Instant Pot Adobo Chicken Thighs with Bok Choy & Green Onions,Chinese,119.35,41.79,66.65,2022-10-16,20:38:20,2.8559463986599662,0.6270067516879219
Dash,"Zucchini, Kale And Onion Quiche",French,61.82,184.89,137.5,2022-10-16,20:38:20,0.3343609713883931,1.3446545454545453
Dash,Christmas Sugar Wafers with Vanilla Icing,American,27.16,386.56,54.21,2022-10-16,20:38:20,0.07026076158940397,7.130787677550267
Dash,Demon Pork,American,93.98,0.22,49.97,2022-10-16,20:38:20,427.1818181818182,0.004402641584950971
Dash,English Pea Salad recipes,British,125.12,276.04,149.07,2022-10-16,20:38:20,0.4532676423706709,1.8517475011739453
Dash,Savory Stuffed Acorn Squash,American,55.43,211.39,22.19,2022-10-16,20:38:27,0.26221675575949666,9.526363226678683
Dash,Roasted Sicilian Potatoes,Italian,23.73,222.52,57.55,2022-10-16,20:38:27,0.10664209958655402,3.8665508253692447
Dash,Happy Birthday Pancakes Recipe,French,19.52,88.59,74.39,2022-10-16,20:38:27,0.22034089626368664,1.1908858717569566
Dash,CINNAMON ROLLS with COCONUT FROSTING & CARAMEL RAISIN FILLING recipes,American,50.73,649.31,66.02,2022-10-16,20:38:27,0.07812909088108916,9.835049984853075
Dash,Un-Fried Chicken,American,283.53,198.39,384.62,2022-10-16,20:38:27,1.429154695297142,0.5158078103062763
Dash,Skillet-Roasted Citrus Salmon with Grilled Vegetables,Nordic,123.83,75.03,104.1,2022-10-16,20:38:27,1.6504065040650406,0.720749279538905
Dash,Chinois Grilled Lamb Chops,Chinese,220.84,68.4,689.02,2022-10-16,20:38:27,3.2286549707602337,0.0992714289860962
Dash,Salmon Mousse,Nordic,1239.47,22.4,983.36,2022-10-16,20:38:27,55.33348214285715,0.02277904328018223
Dash,Sunny's Warm German Potato Salad,Central Europe,42.93,127.64,93.71,2022-10-16,20:38:27,0.3363365716076465,1.3620744851136486
Dash,Gordon Ramsay's Christmas Pudding,British,80.69,922.26,264.56,2022-10-16,20:38:27,0.08749159672977251,3.48601451466586
Dash,"Penne With Chicken, Chorizo And Chile",Mediterranean,172.16,341.05,161.09,2022-10-16,20:38:27,0.5047940184723647,2.117139487243156
Dash,Squash Casserole from 'Mastering the Art of Southern Cooking',American,132.65,235.16,463.56,2022-10-16,20:38:27,0.5640840278959007,0.5072913970144102
Dash,Fresh Cheese And Cilantro Dip,Mediterranean,17.26,22.3,16.45,2022-10-16,20:38:27,0.7739910313901346,1.3556231003039514
Dash,Peppermint Patty Sheet Cake,American,49.45,1066.72,200.63,2022-10-16,20:38:27,0.046357057147142645,5.316851916463142
Dash,Tuna Burgers With Lemon Paprika Aioli,Mediterranean,67.16,57.33,110.11,2022-10-16,20:38:27,1.171463457177743,0.5206611570247934
Dash,Potato Gateau,Mediterranean,176.76,224.46,221.7,2022-10-16,20:38:27,0.7874899759422613,1.012449255751015
Dash,Gazpacho,Italian,13.19,63.67,58.29,2022-10-16,20:38:27,0.20716192869483271,1.0922971350145823
Dash,Arugula Salad with Chicken and Apricots,Mediterranean,83.16,36.04,59.89,2022-10-16,20:38:27,2.307436182019978,0.6017699115044247
Dash,Seared Spiced Tuna With Zucchini,Italian,62.56,27.81,57.81,2022-10-16,20:38:27,2.249550521395182,0.4810586403736377
Dash,French style lemon yogurt cake with fresh basil,French,49.82,357.35,163.89,2022-10-16,20:38:33,0.13941513921925283,2.1804258954176583
Dash,Turkey Burger Pitas with Tahini Sauce,American,113.57,70.03,62.69,2022-10-16,20:38:33,1.6217335427673853,1.11708406444409
Dash,Mediterranean Pita Melts,Mediterranean,46.57,139.71,37.7,2022-10-16,20:38:33,0.3333333333333333,3.705835543766578
Dash,Deep Dark Chocolate Layer Cake,American,68.46,1027.98,177.08,2022-10-16,20:38:33,0.06659662639350959,5.805172803252767
Dash,Healthy & Delicious: Italian Egg-Drop Soup Recipe,Italian,113.9,193.71,47.54,2022-10-16,20:38:33,0.587992359712973,4.0746739587715615
Dash,Warm Brownie Pudding Slow-Cooker Dessert,French,40.09,538.92,71.08,2022-10-16,20:38:33,0.07438951978030135,7.581879572312887
Dash,Beautiful Lamb Shanks,Middle Eastern,370.1,154.13,307.04,2022-10-16,20:38:33,2.4012197495620584,0.5019867118290776
Dash,Bacon And Tomato Salad,American,57.16,70.62,281.46,2022-10-16,20:38:33,0.8094024355706597,0.2509059901939885
Dash,Easy Caramel Apple upside-down cake,American,65.34,710.83,190.01,2022-10-16,20:38:33,0.09192071240662324,3.741013630861534
Dash,Black Bean Burgers,American,77.08,309.03,45.43,2022-10-16,20:38:33,0.249425622107886,6.802333259960378
Dash,"Spinach, Green Onion, and Smoked Gouda Quiche",French,70.65,141.46,129.23,2022-10-16,20:38:33,0.49943446910787503,1.0946374680801674
Dash,Crab Cakes Chiarello with Shaved Fennel Salad,Italian,193.07,116.06,500.84,2022-10-16,20:38:33,1.6635361020161985,0.23173069243670635
Dash,Creamy Cabbage Soup with Chive Oil and Cumin Seeds,Eastern Europe,21.88,66.11,133.42,2022-10-16,20:38:33,0.3309635456058085,0.49550292309998506
Dash,Cherry Tomato and Watermelon Salad,South American,11.14,70.22,58.18,2022-10-16,20:38:33,0.15864426089433212,1.2069439669989688
Dash,Pasta e Fagioli,Italian,139.39,321.44,87.42,2022-10-16,20:38:33,0.43364235938277745,3.676961793639899
Dash,Fresh Tomato Sandwiches,Italian,39.91,63.19,37.71,2022-10-16,20:38:33,0.6315872764677956,1.6756828427472819
Dash,Winter Fruit Compote with Selection of Cheese,Eastern Europe,19.85,411.72,19.35,2022-10-16,20:38:33,0.0482123773438259,21.27751937984496
Dash,Baked French Toast Casserole with Maple Syrup,American,128.81,541.41,374.69,2022-10-16,20:38:40,0.23791581241572932,1.4449544957164588
Dash,The Ultimate Rosemary BLT recipes,American,167.72,603.67,318.46,2022-10-16,20:38:40,0.2778339158811934,1.8955912830496766
Dash,The Michelada,World,4.01,31.24,0.14,2022-10-16,20:38:40,0.12836107554417414,223.1428571428571
Dash,Artichoke Fritters,Mediterranean,44.63,174.64,69.66,2022-10-16,20:38:40,0.255554283096656,2.5070341659488946
Dash,Sticky Date and Coconut Cake,American,32.29,667.58,96.44,2022-10-16,20:38:40,0.0483687348332784,6.922231439236832
Dash,Indian Spiced Swiss Chard,Indian,25.08,80.76,4.99,2022-10-16,20:38:40,0.3105497771173848,16.18436873747495
Dash,Cranberry Salsa recipes,American,1.58,86.84,0.52,2022-10-16,20:38:40,0.01819438046982957,167.0
Dash,Fried Onion Dip,American,11.26,45.62,100.02,2022-10-16,20:38:40,0.24682156948706707,0.45610877824435114
Dash,Buffalo Chicken Salad,American,78.28,20.3,148.43,2022-10-16,20:38:40,3.85615763546798,0.13676480495856633
Dash,Amish Pumpkin Cinnamon Rolls with Caramel Icing recipes,American,56.31,494.69,107.09,2022-10-16,20:38:40,0.113828862519962,4.619385563544681
Dash,Cranberry-orange cloud ice cream,American,20.8,366.9,56.27,2022-10-16,20:38:40,0.05669119651131099,6.520348320597121
Dash,Garlic and Herb Roast Pork and Vegetables,Mediterranean,235.78,156.25,140.79,2022-10-16,20:38:40,1.508992,1.1098089352937
Dash,Pecan and Cranberry Crusted Salmon with Cran-Apple Drizzle,American,149.3,216.12,170.76,2022-10-16,20:38:40,0.6908199148621137,1.2656359803232609
Dash,Dad's Chorizo and Egg Breakfast Tacos,Mediterranean,50.96,127.37,83.64,2022-10-16,20:38:40,0.4000942137080945,1.5228359636537543
Dash,Sweet Potato and Poblano Salad with Honey and Rosemary,South American,21.2,276.24,74.68,2022-10-16,20:38:40,0.07674485954242687,3.6989823245848954
Dash,"Spicy, Creamy Chickpeas & Spinach (Chana Saag-ish)",Indian,83.76,238.44,118.21,2022-10-16,20:38:40,0.35128334172118775,2.017088232806023
Dash,Tomato Bon Bons,American,187.36,261.5,1180.89,2022-10-16,20:38:47,0.7164818355640535,0.22144314881148963
Dash,Lasagne that used to be Manicotti,Italian,487.56,618.19,466.13,2022-10-16,20:38:47,0.7886895614616865,1.326218007851887
Dash,The Perfect Potato Chip,American,40.71,281.17,25.54,2022-10-16,20:38:47,0.14478785076644024,11.009005481597494
Dash,Cobb Salad recipes,American,290.17,147.07,594.46,2022-10-16,20:38:47,1.9730060515400831,0.2474010025905864
Dash,Quinoa Pilau,South American,26.28,126.28,51.7,2022-10-16,20:38:47,0.2081089642065252,2.4425531914893615
Dash,Vegetable Sushi with Asian Dipping Sauce,Japanese,21.74,101.81,74.18,2022-10-16,20:38:47,0.21353501620665943,1.3724723645187382
Dash,Old Bay Green Bean Casserole with Crab Recipe,American,81.74,160.38,91.31,2022-10-16,20:38:47,0.5096645467015837,1.7564341255065161
Dash,Sour Cream Mushroom Soup,American,63.73,116.71,45.05,2022-10-16,20:38:47,0.5460543226801474,2.590677025527192
Dash,Potato Gnocchi with Lemon-Thyme Sauce,Mediterranean,25.61,159.87,88.42,2022-10-16,20:38:47,0.1601926565334334,1.8080750961320968
Dash,Roasted Oysters with Lemon-Anise Stuffing,Mediterranean,80.02,81.98,34.97,2022-10-16,20:38:47,0.9760917296901682,2.3442951100943668
Dash,Das Pear Pineapple Strudel,American,7.0,104.57,83.1,2022-10-16,20:38:47,0.06694080520225687,1.2583634175691938
Dash,Berrylicious Sour Cream Pie,American,26.11,448.18,89.37,2022-10-16,20:38:47,0.0582578428310054,5.014881951437842
Dash,Spiced Jerk Turkey with Mango Salsa,American,51.49,19.44,30.32,2022-10-16,20:38:47,2.6486625514403292,0.6411609498680739
Dash,Baked French Toast Casserole,French,129.12,543.33,398.98,2022-10-16,20:38:47,0.23764562972778974,1.361797583838789
Dash,Recipe: Braised Coconut Spinach & Chickpeas with Lemon,American,57.94,161.09,108.55,2022-10-16,20:38:54,0.3596747159972686,1.4840165822201752
Dash,Turkey Pot-au-Feu,American,110.82,63.85,36.56,2022-10-16,20:38:54,1.7356303837118245,1.7464442013129102
Dash,Individual Spinach-Asiago Gratins,French,31.99,56.85,23.33,2022-10-16,20:38:54,0.5627088830255057,2.436776682383198
Dash,Carrot Cake Whoopie Pies with Cinnamon Cream Cheese Frosting,American,59.66,719.77,202.56,2022-10-16,20:38:54,0.08288758909095961,3.553366903633491
Dash,"Canoas (Ripe Plantain ""Canoes"" Stuffed with Ground Meat)",South American,90.42,470.78,110.69,2022-10-16,20:38:54,0.19206423382471643,4.2531393983196315
Dash,Miso and Corn Soup,Japanese,102.07,176.96,79.36,2022-10-16,20:38:54,0.5767970162748643,2.2298387096774195
Dash,Rioja-braised lamb shanks with chorizo and garlic,Mediterranean,390.93,121.0,685.39,2022-10-16,20:38:54,3.2308264462809917,0.17654182290374823
Dash,Avocado and Corn Tostaditas,Mexican,23.18,112.72,53.92,2022-10-16,20:38:54,0.20564229950319377,2.0905044510385755
Dash,Chicken & Mushroom Ragout,Mediterranean,100.23,19.18,73.81,2022-10-16,20:38:54,5.2257559958289885,0.2598563880233031
Dash,Cantaloupe & Green Tomato Salad,French,7.87,59.6,9.8,2022-10-16,20:38:54,0.13204697986577182,6.081632653061225
Dash,My killer guacamole,Mexican,16.3,83.63,100.66,2022-10-16,20:38:54,0.19490613416238195,0.8308166103715477
Dash,Apple Turnovers recipes,French,39.2,323.65,191.08,2022-10-16,20:38:54,0.12111849219836245,1.6937931756332425
Dash,New York Strip Steaks,American,155.77,210.05,203.06,2022-10-16,20:38:54,0.7415853368245656,1.0344233231557176
Dash,Mushy Peas With Oven Baked Chips,American,25.94,127.29,15.6,2022-10-16,20:38:54,0.20378662895749863,8.159615384615385
Dash,Double-Chocolate Soufflé with Vanilla Custard Sauce,French,61.74,291.87,58.58,2022-10-16,20:38:54,0.21153253160653715,4.982417207237965
Dash,Buttered-Pecan French Toast with Bourbon Maple Syrup,American,82.66,445.96,259.08,2022-10-16,20:38:54,0.18535294645259665,1.721321599505944
Dash,Chicken Salad Crostini with Pepitas and Cilantro,American,99.16,171.5,275.33,2022-10-16,20:38:54,0.5781924198250729,0.6228888969600117
Dash,Crunchy Quinoa Salad,South American,33.82,137.61,11.39,2022-10-16,20:38:54,0.24576702274544,12.081650570676032
Dash,Ramos Gin Fizz,World,4.93,10.77,18.54,2022-10-16,20:38:54,0.45775301764159704,0.580906148867314
Dash,Grilled Butterflied Lamb with African Spices and Herbed Yogurt,American,326.72,27.72,299.81,2022-10-16,20:39:03,11.786435786435788,0.09245855708615457
Dash,Pat's Smoked Catfish,American,164.38,72.04,121.89,2022-10-16,20:39:03,2.281787895613548,0.5910246943965871
Dash,Pumpkin Sheet Cake recipes,American,63.05,1102.87,367.85,2022-10-16,20:39:03,0.05716902264092776,2.99815142041593
Dash,Seelbach,World,0.19,6.63,0.0,2022-10-16,20:39:03,0.028657616892911013,inf
Dash,BALSAMIC GLAZED FIGS w/PANCETTA & MASCARPONE,American,21.73,268.42,48.52,2022-10-16,20:39:03,0.08095521943223306,5.532151690024732
Dash,Cold Noodle Salad With Peanut Butter Dressing,Asian,70.51,210.97,237.98,2022-10-16,20:39:03,0.33421813527989763,0.8865030674846626
Dash,Vegetarian Beyond Meat Juicy Lucy Burger,American,85.94,34.23,43.45,2022-10-16,20:39:03,2.5106631609699095,0.787802071346375
Dash,Mexican Stuffed Acorn Squash,Mexican,89.45,176.5,101.1,2022-10-16,20:39:03,0.5067988668555241,1.7457962413452028
Dash,Asian Vegetable Noodle Toss,Asian,77.6,250.83,13.97,2022-10-16,20:39:03,0.30937288203165486,17.954903364352184
Dash,Dr. Zhivago Borscht,American,17.55,133.73,34.56,2022-10-16,20:39:03,0.13123457713302925,3.8695023148148144
Dash,Cook the Book: Barbecued Lentils,Indian,30.82,125.45,15.07,2022-10-16,20:39:03,0.2456755679553607,8.324485733244858
Dash,Caesar Bread Salad Or Panzanella Giulio,American,98.97,303.62,180.76,2022-10-16,20:39:03,0.3259666688623938,1.6796857711883162
Dash,the most delicious chinese chicken salad,Chinese,160.68,40.78,428.75,2022-10-16,20:39:03,3.9401667484060816,0.09511370262390671
Dash,Roasted Pepper Pesto Cheesecake,Italian,163.66,382.56,289.6,2022-10-16,20:39:03,0.4278021748222501,1.3209944751381215
Dash,Pasta e Fagioli,Italian,63.84,191.71,21.73,2022-10-16,20:39:03,0.3330029732408325,8.822365393465256
Dash,Wedge Salad with Parmesan-Peppercorn Ranch,American,56.5,185.26,225.97,2022-10-16,20:39:03,0.30497678937709166,0.8198433420365535
Dash,Low Carb Praline Pumpkin Pie,American,43.14,93.16,275.08,2022-10-16,20:39:03,0.4630742808072134,0.33866511560273377
Dash,Chicken Stir-Fry Lettuce Wraps,Chinese,112.82,59.38,56.02,2022-10-16,20:39:03,1.8999663186257998,1.0599785790789005
Dash,Atf Gingerbread Cake With Gingery Cream Cheese Frosting,American,43.7,834.47,175.62,2022-10-16,20:39:03,0.052368569271513656,4.751565880879171
Dash,Kentucky Chocolate Nut Tartlets,American,16.77,242.78,56.69,2022-10-16,20:39:09,0.06907488260977016,4.282589521961546
Dash,Quinoa Blueberry Muffins,American,68.27,413.95,90.63,2022-10-16,20:39:09,0.1649232999154487,4.567472139468167
Dash,Pear Crisp with Oat Streusel Topping,French,45.12,509.29,83.29,2022-10-16,20:39:09,0.08859392487580749,6.114659623003962
Dash,Duo of New England and Manhattan Clam Chowders,American,130.22,279.43,65.2,2022-10-16,20:39:09,0.4660201123716136,4.285736196319018
Dash,"Lamb tajine with apricots, saffron and ginger",Middle Eastern,213.18,224.76,312.84,2022-10-16,20:39:09,0.9484783769353978,0.7184503260452628
Dash,"Potato Salad With Watercress, Cucumber And Radish",Mediterranean,16.38,105.19,50.35,2022-10-16,20:39:09,0.15571822416579523,2.089175769612711
Dash,Spiked cranberry nut bread pudding,British,66.76,302.61,185.07,2022-10-16,20:39:09,0.22061399160635803,1.6351110390662993
Dash,Sweet Potato And Beet Fritters With Herbed Buttermilk Dip recipes,South American,39.19,149.9,76.25,2022-10-16,20:39:09,0.26144096064042693,1.9659016393442623
Dash,'Bella Asada Fajitas,Mexican,12.39,85.11,14.77,2022-10-16,20:39:09,0.1455763130066972,5.762356127285037
Dash,A Charoset-inspired sweet relish,French,10.42,80.79,28.06,2022-10-16,20:39:09,0.12897635846020547,2.879187455452602
Dash,Chocolate Cupcakes with Vanilla Cream Cheese Frosting,American,49.88,577.51,142.08,2022-10-16,20:39:09,0.08637079877404721,4.064681869369369
Dash,Slow-Cooker Carrot Cake With Cream Cheese Frosting,American,33.42,286.1,144.75,2022-10-16,20:39:09,0.11681230339042292,1.9765112262521591
Dash,Poached Eggs with Chipotle Dressing and Avocado Relish and Andouille Hollandaise,American,101.69,211.33,845.81,2022-10-16,20:39:09,0.4811905550560734,0.24985516841843916
Dash,Turkey-Stuffed Mushrooms with Roasted Tomato Aioli,American,36.12,29.26,29.06,2022-10-16,20:39:09,1.23444976076555,1.0068823124569857
Dash,Cranberry-Apple French Toast Casserole,American,104.28,514.44,118.58,2022-10-16,20:39:09,0.20270585491019358,4.338336987687637
Dash,Caesar Salad,American,39.59,98.24,178.79,2022-10-16,20:39:09,0.40299267100977204,0.5494714469489345
Dash,Chocolate And Peanut Butter Ice Cream Sandwiches recipes,American,108.02,614.91,525.87,2022-10-16,20:39:09,0.17566798393260802,1.1693194135432712
Dash,Chicken Pastilla,Mediterranean,205.32,191.6,203.38,2022-10-16,20:39:16,1.0716075156576201,0.9420788671452454
Dash,Simple Butternut Squash,South American,11.86,85.54,14.96,2022-10-16,20:39:16,0.13864858545709607,5.717914438502674
Dash,Apple Inception Cocktail,World,0.23,7.09,0.1,2022-10-16,20:39:16,0.03244005641748943,70.89999999999999
Dash,Artichokes alla Romana,Mediterranean,32.8,150.19,3.86,2022-10-16,20:39:16,0.21839003928357412,38.909326424870464
Dash,"Spinach Salad with Bacon, Blue Cheese, Pecans, and Cranberries",American,76.1,181.73,222.42,2022-10-16,20:39:16,0.4187530952511968,0.8170578185414981
Dash,"Mixed Greens with Jicama, Orange, and Pickled Red Onions",American,20.13,122.65,161.22,2022-10-16,20:39:16,0.16412556053811658,0.7607616920977547
Dash,Spicy Pickle Fries with Homemade Ranch Dip,South American,36.86,154.88,54.84,2022-10-16,20:39:16,0.23799070247933884,2.8242159008023338
Dash,Seelbach Cocktail,World,0.13,10.32,0.07,2022-10-16,20:39:16,0.012596899224806201,147.42857142857142
Dash,Crawfish Beignets with Spicy Remoulade,American,40.9,238.4,203.47,2022-10-16,20:39:16,0.17156040268456374,1.1716714994839534
Dash,Chocolate-Almond Cheesecake Bars,American,75.36,299.24,164.61,2022-10-16,20:39:16,0.2518379895735864,1.8178725472328534
Dash,"Crostini with Gorgonzola, Caramelized Onions, and Fig Jam",Italian,64.82,265.84,57.67,2022-10-16,20:39:16,0.24383087571471562,4.6096757412866305
Dash,Grilled Chicken and Egg Potato Salad,South American,205.37,139.85,110.64,2022-10-16,20:39:16,1.4685019663925636,1.2640093998553867
Dash,Cashew Chicken Bake,South American,149.18,173.27,113.57,2022-10-16,20:39:16,0.8609684307727824,1.525666989521881
Dash,Texas Caviar,American,48.42,178.41,46.04,2022-10-16,20:39:16,0.2713973431982512,3.8751086012163336
Dash,Crispy White Fish + Sweet Potato & Beet Curly Fries,French,118.58,117.11,67.47,2022-10-16,20:39:16,1.0125523012552302,1.735734400474285
Dash,"Pasta with Lemon Cream Sauce, Asparagus, and Peas",Italian,44.91,213.35,45.4,2022-10-16,20:39:16,0.2104991797515819,4.6993392070484585
Dash,Peppermint Patty Cake with Vanilla Mint Frosting recipes,American,52.51,1212.98,571.51,2022-10-16,20:39:23,0.04329007897904334,2.12241255621074
Dash,Rum Old Fashioned recipes,British,0.35,284.46,0.0,2022-10-16,20:39:23,0.0012304014624200238,inf
Dash,Black Bottom Banana-Cream Pie,American,45.4,294.66,73.43,2022-10-16,20:39:23,0.15407588406977532,4.012801307367561
Dash,Italian Wedding Soup,Italian,154.59,166.97,138.85,2022-10-16,20:39:23,0.9258549440019166,1.2025207057976233
Dash,Young Corn And Celery Soup,South American,44.54,162.83,58.11,2022-10-16,20:39:23,0.2735368175397654,2.802099466528997
Dash,Crisp Crab Cakes,American,113.3,55.98,56.34,2022-10-16,20:39:23,2.023937120400143,0.9936102236421724
Dash,Spinach Stuffed Spicy Panko Crusted Pork Chops with Creamy Rustic Pan Sauce,American,139.32,118.24,111.07,2022-10-16,20:39:23,1.1782814614343708,1.064553884937427
Dash,"Tagliata With Green Tomatoes, Oregano And Mustard Recipe",French,106.35,55.28,151.0,2022-10-16,20:39:23,1.9238422575976843,0.3660927152317881
Dash,Strawberry Shortcake Cake,British,60.15,1218.48,404.79,2022-10-16,20:39:23,0.049364782351782543,3.010153412880753
Dash,Green Chile Tortilla Bake,Mexican,196.16,486.11,289.14,2022-10-16,20:39:23,0.4035300652115776,1.6812270872241821
Dash,Crab Cake Poppers,American,107.96,73.39,280.89,2022-10-16,20:39:23,1.4710451015124675,0.26127665634234043
Dash,Potato-Zucchini Skillet Pancakes with Cherry Tomato Salad,American,20.1,199.24,26.91,2022-10-16,20:39:23,0.10088335675567156,7.40393905611297
Dash,Vermouth Cocktail Recipe,World,0.13,3.87,0.02,2022-10-16,20:39:23,0.03359173126614987,193.5
Dash,A&O Pasta (Almonds & Oysters Pasta),Italian,77.66,256.82,169.44,2022-10-16,20:39:23,0.30239077953430415,1.5156987724268178
Dash,Red-Braised Pork (Hong Shao Rou),Chinese,79.05,67.02,340.88,2022-10-16,20:39:23,1.1794986571172785,0.1966087772823281
Dash,Apple Crostata with Oat Crumble Topping,French,47.82,676.38,178.16,2022-10-16,20:39:23,0.0706999024217156,3.7964750785810506
Dash,Mississippi Mud Pie,American,46.55,437.23,114.57,2022-10-16,20:39:23,0.10646570454909314,3.8162695295452567
Dash,Queens Park Swizzle Recipe,World,0.23,18.61,0.06,2022-10-16,20:39:23,0.012358946802794198,310.1666666666667
Dash,Chocolate-Zucchini Loaf Cake,American,50.92,441.54,144.43,2022-10-16,20:39:23,0.11532363998731712,3.0571210967250573
Dash,Sazerac,World,1.06,7.23,0.95,2022-10-16,20:39:23,0.14661134163208853,7.610526315789475
Dash,Salmon & Puy lentil salad with olive dressing,Nordic,193.4,362.68,124.98,2022-10-16,20:39:30,0.5332524539538988,2.9019043046887503
Dash,Capellini Primavera,Italian,98.3,490.73,107.99,2022-10-16,20:39:30,0.20031381818922828,4.5442170571349205
Dash,The Jameson Black Barrel Old Fashioned,World,0.23,14.99,0.14,2022-10-16,20:39:30,0.015343562374916611,107.07142857142857
Dash,"Gin and Tonic, Remixed",World,2.96,30.28,0.56,2022-10-16,20:39:30,0.09775429326287978,54.07142857142857
Dash,Pumpkin-Sweet Potato Soup,South American,15.75,107.52,75.15,2022-10-16,20:39:30,0.146484375,1.4307385229540917
Dash,Roast Chicken with Boiled Potatoes and Boston Lettuce Salad,South East Asian,384.37,505.28,156.57,2022-10-16,20:39:30,0.7607069347688411,3.227182729769432
Dash,Baked Pita Chips with Charred Three Onion Dip,Mediterranean,63.59,252.6,237.73,2022-10-16,20:39:30,0.25174188440221695,1.062549951625794
Dash,Toasted-Coconut Layer Cake,American,56.64,922.88,203.66,2022-10-16,20:39:30,0.061373092926490985,4.531474025336345
Dash,Amazing Apple Tart,American,13.39,175.6,55.28,2022-10-16,20:39:30,0.07625284738041004,3.176555716353111
Dash,Mozzarella in Carrozza with Sun-Dried Tomato and Roasted Red Pepper Jam,Italian,58.61,232.13,93.34,2022-10-16,20:39:30,0.25248783009520526,2.4869295050353544
Dash,Curry Potato Salad,Indian,34.92,205.47,119.76,2022-10-16,20:39:30,0.16995181778361806,1.7156813627254508
Dash,"Chicken Curry with Bananas, Raisins, and Peanuts recipes",South East Asian,114.85,122.56,157.97,2022-10-16,20:39:30,0.9370920365535247,0.7758435145913781
Dash,Bonnie’s Fish Stew,French,400.08,147.52,155.6,2022-10-16,20:39:30,2.712039045553145,0.9480719794344474
Dash,Cucumber Gazpacho with Shrimp Relish,American,79.47,53.8,31.92,2022-10-16,20:39:30,1.4771375464684016,1.6854636591478696
Dash,Har Gow,Chinese,73.27,143.16,38.56,2022-10-16,20:39:30,0.5118049734562727,3.7126556016597507
Dash,"Halibut with Grapefruit, Parsley, Red Onion, and Shiitake Mushrooms recipes",American,137.2,67.4,323.06,2022-10-16,20:39:30,2.0356083086053407,0.20862997585587817
Dash,Coffee Seafood Risotto,Italian,72.08,210.69,86.22,2022-10-16,20:39:30,0.34211400636005507,2.443632567849687
Dash,Salsa,Mexican,10.75,50.01,4.15,2022-10-16,20:39:30,0.21495700859828035,12.050602409638552
Dash,Ground Beef Tacos with a Zesty Guacamole,Mexican,154.56,209.25,265.7,2022-10-16,20:39:30,0.7386379928315412,0.7875423409860746
Dash,Chocolate Covered Pears Poached in Mulled Wine,American,11.36,255.41,122.76,2022-10-16,20:39:36,0.044477506753846756,2.0805637015314433
Dash,"Broccoli, Cheddar, and Ranch Chicken Calzones",Italian,83.38,16.85,102.3,2022-10-16,20:39:36,4.948367952522254,0.16471163245356796
Dash,Sara's Famous Sausage-Apple Gravy,American,98.23,96.41,184.67,2022-10-16,20:39:36,1.018877709781143,0.5220663886933449
Dash,Summer Tomato and Bell Pepper Soup,Italian,30.35,42.33,69.84,2022-10-16,20:39:36,0.7169855894164896,0.6060996563573883
Dash,Almond-Thyme-Crusted Mahi Mahi with Lemon Chardonnay Sauce,Mediterranean,33.78,27.43,28.67,2022-10-16,20:39:36,1.2314983594604447,0.956749215207534
Dash,Flank Steak with Tomatillo Salsa Verde,South American,136.79,185.81,272.5,2022-10-16,20:39:36,0.7361821215219848,0.6818715596330275
Dash,Taco Night,Mexican,144.61,324.37,175.17,2022-10-16,20:39:36,0.4458180472916731,1.8517440200947652
Dash,Coconut-Panko Shrimp With Orange-Glazed Sweet Potatoes,Mediterranean,120.75,271.21,104.41,2022-10-16,20:39:36,0.4452269459090742,2.597548127573987
Dash,Fully-Loaded Cheesy Potato Soup with Gina's Spinach Salad,American,182.49,306.34,403.79,2022-10-16,20:39:36,0.5957106482992754,0.7586616805765372
Dash,Squash Cheese Pie,American,112.04,79.92,118.34,2022-10-16,20:39:36,1.401901901901902,0.6753422342403245
Dash,Buffalo Chicken Sandwiches & Ranch,American,186.08,186.44,227.67,2022-10-16,20:39:36,0.9980690838875779,0.818904554838143
Dash,Strawberry And White Chocolate Passion Fruit Soups With Mixed Berry Muffins,American,86.53,606.03,390.41,2022-10-16,20:39:36,0.14278171047637905,1.5522911810660587
Dash,Red Snapper Cocktail Recipe,World,1.64,8.71,0.61,2022-10-16,20:39:36,0.1882893226176808,14.278688524590166
Dash,Neely's Fish and Chips,British,215.31,470.7,621.31,2022-10-16,20:39:36,0.45742511153601023,0.7575928280568477
Dash,Salmon & Crab Cakes,Nordic,93.88,85.94,63.4,2022-10-16,20:39:36,1.0923900395624855,1.3555205047318613
Dash,Maple Leaf Sazerac From Minetta Tavern,World,0.02,17.27,0.02,2022-10-16,20:39:36,0.0011580775911986104,863.5
Dash,Triple cheese & aubergine lasagne,Italian,201.57,460.02,245.9,2022-10-16,20:39:36,0.43817660101734707,1.870760471736478
Dash,Squash & Sprout Orzo Salad With Ginger-Walnut Dressing,Mediterranean,133.61,684.05,107.04,2022-10-16,20:39:36,0.1953219793874717,6.390601644245141
Dash,Man About Town,French,0.02,0.77,0.0,2022-10-16,20:39:36,0.025974025974025972,inf
Dash,Family-Style Taco Night,Mexican,226.45,173.83,190.15,2022-10-16,20:39:43,1.3027095438071679,0.9141730212989745
Dash,Shrimp Cakes with Peach Jalapeno Relish,Kosher,136.68,184.84,51.69,2022-10-16,20:39:43,0.7394503354252326,3.575933449409944
Dash,Potstickers with Spicy Dipping Sauce,Chinese,111.69,463.15,85.39,2022-10-16,20:39:43,0.24115297419842385,5.423937229183744
Dash,Turkey Tetrazzini,American,78.39,131.57,21.1,2022-10-16,20:39:43,0.5958045147070001,6.235545023696682
Dash,Neely's Fried Zucchini,Italian,64.97,168.72,322.27,2022-10-16,20:39:43,0.3850758653390232,0.5235361653272101
Dash,Salmon & Puy Lentil Salad With Olive Dressing,Nordic,188.3,362.68,121.63,2022-10-16,20:39:43,0.5191904709385684,2.981830140590315
Dash,Bloody Mary,French,1.71,10.42,0.56,2022-10-16,20:39:43,0.16410748560460653,18.607142857142854
Dash,Thai Turkey Salad,South East Asian,67.43,50.79,79.95,2022-10-16,20:39:43,1.3276235479425085,0.6352720450281426
Dash,Cardamom Blush Cocktail Recipe,World,0.11,23.24,0.07,2022-10-16,20:39:43,0.004733218588640275,331.99999999999994
Dash,Cobb Salad with Blue Cheese Dressing,American,290.22,160.03,596.29,2022-10-16,20:39:43,1.8135349621945887,0.2683761257106442
Dash,Seafood Salad with Creamy Ginger Dressing,Mediterranean,111.64,68.46,21.8,2022-10-16,20:39:43,1.6307332749050543,3.140366972477064
Dash,Zucchini Cheddar Hand Pies recipes,British,74.82,285.55,220.66,2022-10-16,20:39:43,0.2620206618805813,1.2940723284691382
Dash,Crab Benedict,French,81.76,17.94,197.57,2022-10-16,20:39:43,4.557413600891862,0.09080325960419093
Dash,Southwestern Steak Pizza,Italian,95.55,137.54,116.04,2022-10-16,20:39:43,0.6947069943289225,1.1852809376077214
Dash,L’Artusi’s Famous Mushroom Ragu With Fresh Garganelli,Italian,162.0,550.0,254.34,2022-10-16,20:39:43,0.29454545454545455,2.162459699614689
Dash,Gazpacho,Mediterranean,32.28,118.15,127.5,2022-10-16,20:39:43,0.2732120186203978,0.9266666666666667
Dash,Fresh Macaroni Salad,American,34.47,94.43,29.91,2022-10-16,20:39:43,0.3650322990575029,3.157138080909395
Dash,Orange-Hazelnut Dacquoise,Italian,65.0,445.9,190.77,2022-10-16,20:39:43,0.1457725947521866,2.337369607380615
Dash,Joanie's Moules Ravigote,French,116.41,78.57,134.81,2022-10-16,20:39:43,1.481608756522846,0.5828202655589347
Dash,Vegetarian Banh Mi,South East Asian,99.62,305.36,266.51,2022-10-16,20:39:50,0.3262378831543097,1.145773141720761
Dash,Carrot Cake Gelly Shots,British,31.96,155.41,22.11,2022-10-16,20:39:50,0.2056495720996075,7.028946178199909
Dash,Lentil-Red Pepper Salad,South American,42.98,129.67,3.98,2022-10-16,20:39:50,0.33145677489010567,32.58040201005025
Dash,My children love beet salad!,American,20.11,92.55,50.04,2022-10-16,20:39:50,0.21728795245813073,1.8495203836930456
Dash,"Farro, Golden Beet, and Feta Salad with Pecans and Chive-Sage Dressing",Mediterranean,40.66,186.3,111.8,2022-10-16,20:39:50,0.21825013419216316,1.6663685152057246
Dash,Off the Cuff Turmeric Risotto,Italian,50.28,319.5,14.67,2022-10-16,20:39:50,0.15737089201877935,21.779141104294478
Dash,Berry-Mandarin Tossed Salad,French,34.25,196.26,140.0,2022-10-16,20:39:50,0.1745134005910527,1.4018571428571427
Dash,Spaghetti & Meatballs,Italian,154.9,167.71,105.1,2022-10-16,20:39:50,0.9236181503786298,1.5957183634633685
Dash,Mushroom and Bell Pepper Chicken with Linguine,Italian,222.08,290.21,110.97,2022-10-16,20:39:50,0.7652389648874953,2.6152113183743353
Dash,Cardamom Blush Cocktail recipes,World,0.11,23.24,0.07,2022-10-16,20:39:50,0.004733218588640275,331.99999999999994
Dash,Suzhou-Style Mooncakes,Italian,93.64,288.31,151.0,2022-10-16,20:39:50,0.3247892893066491,1.909337748344371
Dash,Braised Coconut Spinach with Chickpeas and Lemon Recipe,French,63.68,218.05,109.19,2022-10-16,20:39:50,0.29204310937858285,1.9969777452147635
Dash,Baked French Toast Casserole,French,130.39,774.89,403.71,2022-10-16,20:39:50,0.16826904463859385,1.9194223576329543
Dash,Grilled Vegetable Sandwiches,Mediterranean,51.19,205.38,82.67,2022-10-16,20:39:50,0.24924530139254064,2.4843353090601186
Dash,Homemade ranch with iceberg wedge,American,15.77,43.1,205.37,2022-10-16,20:39:50,0.3658932714617169,0.20986512148804598
Dash,Gougères recipes,French,219.81,200.28,302.05,2022-10-16,20:39:50,1.097513481126423,0.6630690283065718
Dash,Hungarian Sour Cherry Soup (Meggyleves),World,27.96,180.99,120.39,2022-10-16,20:39:50,0.15448367313111222,1.5033640667829555
Dash,Summer Melon Salad,Italian,20.76,50.15,44.85,2022-10-16,20:39:57,0.41395812562313067,1.1181716833890747
Dash,Old-Fashioned Caramel Layer Cake,American,61.21,1019.34,105.84,2022-10-16,20:39:57,0.060048658936174386,9.630952380952381
Dash,Caesar Salad With Red Romaine,American,92.98,117.64,161.31,2022-10-16,20:39:57,0.7903774226453587,0.729279027958589
Dash,Orange Sweet Rolls,American,85.62,1314.61,276.55,2022-10-16,20:39:57,0.06512958215744594,4.753606942686675
Dash,Chicken with Green Olives,Mediterranean,183.41,432.21,140.98,2022-10-16,20:39:57,0.424353902038361,3.065754007660661
Dash,Curried Squash Soup,Indian,37.22,144.41,69.73,2022-10-16,20:39:57,0.2577383837684371,2.0709880969453605
Dash,Chicken & Cornmeal Dumplings,American,86.0,105.24,80.77,2022-10-16,20:39:57,0.8171797795515013,1.3029590194379101
Dash,Asian Stir Fried String Beans with Pork,South East Asian,49.65,47.34,78.72,2022-10-16,20:39:57,1.0487959442332064,0.6013719512195123
Dash,Zombie Punch Recipe,World,0.25,89.85,0.06,2022-10-16,20:39:57,0.002782415136338342,1497.5
Dash,Raw Veggies with Chipotle Ranch Dressing,American,32.63,217.23,207.25,2022-10-16,20:39:57,0.15020945541591862,1.0481544028950542
Dash,Mini Black Jack Burgers,American,190.75,205.38,158.75,2022-10-16,20:39:57,0.9287661895023859,1.2937322834645668
Dash,Time for a Drink: Bloody Mary Recipe,World,1.03,5.12,0.37,2022-10-16,20:39:57,0.201171875,13.837837837837839
Dash,Caesar Salad Le Cirque recipes,American,96.12,98.43,353.39,2022-10-16,20:39:57,0.9765315452605913,0.2785308016638841
Dash,Preserved Lime Tabbouleh Salad,Middle Eastern,50.82,235.1,57.13,2022-10-16,20:39:57,0.21616333475116972,4.115175914580781
Dash,Quick-Marinated Cherry Tomato Salad recipes,French,242.97,618.82,571.91,2022-10-16,20:39:57,0.39263436863708345,1.0820233952894687
Dash,Broiled Marinated Skirt Steak with Cilantro and Preserved Lemon Gremolata,American,92.32,12.71,65.46,2022-10-16,20:39:57,7.2635719905586145,0.19416437519095633
Dash,Pumpkin Polenta Recipe With Tomatillo-Avocado Salsa,South American,25.55,215.41,94.48,2022-10-16,20:39:57,0.11861102084397196,2.2799534292972057
Dash,"Chicken, Spring Pea and Farro Risotto with Lemon",Italian,77.06,66.69,32.36,2022-10-16,20:39:57,1.1554955765482082,2.060877626699629
Dash,3-Bean Chili,American,114.28,422.73,65.73,2022-10-16,20:39:57,0.2703380408298441,6.431309904153355
Dash,"Sweet Potato, Orange and Ginger Cream Soup with Crispy Sweet Potatoes and Chilli Flakes",American,40.58,294.06,77.81,2022-10-16,20:39:57,0.1379990478133714,3.7792057576147022
Dash,Plum Galette With A Whole-Wheat Crust,French,31.79,313.9,101.44,2022-10-16,20:40:03,0.10127429117553362,3.0944400630914823
Dash,Shrimpylicious Egg Rolls,Chinese,41.58,173.55,77.57,2022-10-16,20:40:03,0.23958513396715642,2.237334020884363
Dash,Cheesecake Factory's Fresh Banana Cream Cheesecake recipes,American,120.61,762.65,686.38,2022-10-16,20:40:03,0.15814593850390088,1.1111192051050438
Dash,Garlic Chicken Lasagna,Italian,316.09,434.39,311.08,2022-10-16,20:40:03,0.7276640806648403,1.3963932107496464
Dash,Cockerel in Riesling Mushroom Sauce with Ribbon Noodles,Asian,256.12,196.68,656.17,2022-10-16,20:40:03,1.3022167988610942,0.2997393968026579
Dash,Pepper Confetti Macaroni and Cheese,Mediterranean,102.48,341.31,64.1,2022-10-16,20:40:03,0.30025490023732093,5.324648985959439
Dash,Corn and Crab Cakes,American,68.03,89.88,110.77,2022-10-16,20:40:03,0.7568980863373387,0.8114110318678343
Dash,Melty Chocolate-Stuffed French Toast with Lemon-Orange Syrup,French,105.45,422.23,98.8,2022-10-16,20:40:03,0.24974539942685267,4.2735829959514176
Dash,Potato-Butternut Gratin With Poblano Béchamel,French,74.93,191.52,90.82,2022-10-16,20:40:03,0.3912385129490393,2.1087866108786613
Dash,Italian Tomato Tart,Italian,70.67,300.07,63.38,2022-10-16,20:40:03,0.23551171393341555,4.734458819816977
Dash,Arugula Salad with Shrimp and Grapes,American,59.82,74.45,23.0,2022-10-16,20:40:03,0.803492276695769,3.2369565217391307
Dash,Myrtle's Meatball Recipe,American,230.47,120.48,108.19,2022-10-16,20:40:03,1.9129316069057105,1.1135964506886034
Dash,Crab Cakes,American,105.56,79.67,46.01,2022-10-16,20:40:03,1.3249654826157902,1.7315800912845034
Dash,Buffalo Shrimp Salad with Spicy Pita Croutons,Italian,23.61,44.49,29.27,2022-10-16,20:40:03,0.5306810519217802,1.519986334130509
Dash,Bean Cabbage Soup,Middle Eastern,21.49,58.32,8.68,2022-10-16,20:40:10,0.36848422496570643,6.71889400921659
Dash,"Polenta With Winter Salad, Poached Egg, and Blue Cheese From 'Feast'",American,62.66,135.6,128.75,2022-10-16,20:40:10,0.462094395280236,1.0532038834951456
Dash,Fall Lasagna with Pumpkin and Italian Sausage,Italian,163.02,270.26,336.19,2022-10-16,20:40:10,0.6031969214830164,0.8038906570689194
Dash,Chicken Taco Salad,Mexican,111.69,182.51,124.41,2022-10-16,20:40:10,0.611966467590817,1.4670042601077085
Dash,Fireside Fajitas,Mexican,149.74,251.38,58.06,2022-10-16,20:40:10,0.5956718911607924,4.3296589734757145
Dash,Chocolate Raspberry Tart with White Chocolate Cream,American,50.95,337.64,101.7,2022-10-16,20:40:10,0.1509003672550646,3.3199606686332346
Dash,Mita Mary,World,2.09,15.26,4.68,2022-10-16,20:40:10,0.13695937090432503,3.2606837606837606
Dash,"Harvest pie with swiss chard, cheese, orange zest and fennel",American,289.73,1088.52,263.99,2022-10-16,20:40:10,0.26616874288024106,4.12333800522747
Dash,Classic Lasagna,Italian,345.28,521.73,260.35,2022-10-16,20:40:10,0.661798248136009,2.003956212790474
Dash,Parchment-Roasted Cornish Game Hens with Maple Root Vegetables,American,248.55,275.74,282.54,2022-10-16,20:40:10,0.901392616232683,0.9759326113116726
Dash,Time for a Drink: Cocktail à la Louisiane Recipe,World,0.04,7.45,0.06,2022-10-16,20:40:10,0.005369127516778523,124.16666666666667
Dash,Improved Negroni,American,3.51,56.44,0.72,2022-10-16,20:40:10,0.062189936215450034,78.38888888888889
Dash,Loaded Nachos,Mexican,145.11,165.79,212.25,2022-10-16,20:40:10,0.8752638880511492,0.7811071849234393
Dash,Lemon Asparagus Penne,Italian,94.29,269.41,81.81,2022-10-16,20:40:10,0.3499870086485283,3.29311820070896
Dash,"Saffron Couscous with Roast Autumn Vegetables, Pecans, Cranberries and Figs",American,54.88,301.31,134.71,2022-10-16,20:40:10,0.182137997411304,2.2367307549550888
Dash,City of Lights Salad Nicoise,French,125.33,208.46,112.92,2022-10-16,20:40:10,0.6012184591768205,1.8460857244066595
Dash,Braised Pork Belly Sandwich with Pesto Mayo,Italian,196.72,279.07,713.11,2022-10-16,20:40:10,0.7049127459060451,0.39134214917754623
Dash,Spicy Vegetable Bake,American,80.5,154.94,117.4,2022-10-16,20:40:10,0.5195559571447012,1.3197614991482112
Dash,Pluot Galettes with Apple Mint and Calvados-Laced Whipped Cream,French,56.7,634.09,258.15,2022-10-16,20:40:17,0.08941948303868535,2.456285105558784
Dash,Denis Leary's Zesty Baked Chicken Wings,American,160.74,149.65,152.85,2022-10-16,20:40:17,1.0741062479117942,0.9790644422636573
Dash,Seelbach Cocktail Recipe,World,0.1,3.71,0.0,2022-10-16,20:40:17,0.026954177897574125,inf
Dash,Improved Scotch Cocktail Recipe,World,0.0,3.73,0.01,2022-10-16,20:40:17,0.0,373.0
Dash,Spicy Chicken and Butternut Squash Tortilla Soup,Mexican,168.64,192.95,179.09,2022-10-16,20:40:17,0.8740088105726872,1.0773912557931766
Dash,Song of Songs Cocktail,American,0.0,17.47,0.01,2022-10-16,20:40:17,0.0,1746.9999999999998
Dash,Jazzed Up Turkey Tetrazzini,American,517.47,575.58,377.75,2022-10-16,20:40:17,0.8990409673720421,1.5237061548643285
Dash,Manhattan Cocktail Recipe,World,0.02,0.83,0.0,2022-10-16,20:40:17,0.024096385542168676,inf
Dash,Ratatouille Galette,French,63.51,229.84,157.88,2022-10-16,20:40:17,0.27632265924121124,1.4557892069926528
Dash,Tropical Gingerbread Cake,American,58.73,700.8,138.0,2022-10-16,20:40:17,0.08380422374429224,5.078260869565217
Dash,Southern Grits And Greens Casserole,American,79.85,166.58,135.26,2022-10-16,20:40:17,0.47934926161604025,1.2315540440632857
Dash,Serious Salsa: (Not Exactly) My Uncle's Salsa Recipe,American,4.31,21.54,2.68,2022-10-16,20:40:17,0.2000928505106778,8.03731343283582
Dash,"Marinated zucchini noodles with tomato basil sauce, dried baby tomatoes + garlic portobello meatless balls",Asian,13.92,85.7,19.91,2022-10-16,20:40:17,0.16242707117852975,4.304369663485685
Dash,Big Mama's Nacho Dip,American,135.46,118.26,161.92,2022-10-16,20:40:17,1.145442245898867,0.730360671936759
Dash,Dumplings: those little Humpty-Dumptys,Chinese,111.1,457.42,92.58,2022-10-16,20:40:17,0.24288400157404572,4.940807949881184
Dash,Class Act,World,1.63,7.6,0.04,2022-10-16,20:40:24,0.21447368421052632,190.0
Dash,Crafty Crescent Lasagna,Italian,202.59,298.24,188.17,2022-10-16,20:40:24,0.6792851394849785,1.5849497794547485
Dash,Homemade Turkey Alphabet Soup,American,1190.35,49.13,297.45,2022-10-16,20:40:24,24.228577244046406,0.16517061691040513
Dash,Lighter Beef Stroganoff,Eastern Europe,112.22,82.68,101.61,2022-10-16,20:40:24,1.357281083696178,0.8136994390315915
Dash,Sweet Chile Pork over Cumin Beans and Cilantro Rice,Mexican,407.45,881.0,145.87,2022-10-16,20:40:24,0.46248581157775254,6.039624323027353
Dash,The Ultimate Ketel One Blood Mary,World,1.35,9.04,0.41,2022-10-16,20:40:24,0.14933628318584072,22.048780487804876
Dash,Marinated Portobello Stuffed Whole Chicken with Roasted Sweet Potatoes and Red Onion,American,187.41,123.19,389.06,2022-10-16,20:40:24,1.5213085477717347,0.3166349663291009
Dash,"Broiled Fish with Maple Glaze, Braised Fennel, and Sautéed Chard Recipe",American,66.0,75.9,40.88,2022-10-16,20:40:24,0.8695652173913043,1.8566536203522506
Dash,Shrimp Bisque,Mediterranean,95.65,85.82,28.44,2022-10-16,20:40:24,1.1145420647867632,3.0175808720112514
Dash,Fresh Tomato Bloody Mary with Garden Herbs and Celery Bitters recipes,French,8.38,38.04,2.26,2022-10-16,20:40:24,0.22029442691903262,16.831858407079647
Dash,"Beets, Tahini, Flatbread + Lentils",Mediterranean,98.37,354.82,75.16,2022-10-16,20:40:24,0.27723916351953104,4.720862160723789
Dash,asian ginger & soy coleslaw salad,Chinese,34.06,170.14,176.45,2022-10-16,20:40:24,0.2001880804043729,0.9642391612354775
Dash,Pumpkin Chutney,Indian,14.38,349.29,30.28,2022-10-16,20:40:24,0.04116922900741504,11.535336856010568
Dash,The Outcider from Prime Meats Recipe,World,2.13,58.24,0.7,2022-10-16,20:40:24,0.03657280219780219,83.2
Dash,In A Jiffy Spelt Veggie Burgers recipes,American,41.05,169.73,16.48,2022-10-16,20:40:24,0.24185471042243564,10.299150485436892
Dash,Best Ever Turkey Chili,American,135.54,135.43,67.71,2022-10-16,20:40:24,1.0008122277191167,2.0001476886722793
Dash,Caesar Salad Le Cirque Recipe,American,96.11,98.41,353.39,2022-10-16,20:40:24,0.9766283914236359,0.2784742069668072
Dash,Lillet of the Valley Recipe,World,0.42,14.98,0.15,2022-10-16,20:40:24,0.028037383177570093,99.86666666666667
Dash,Cinnamon Rolls,Nordic,163.98,2450.17,709.82,2022-10-16,20:40:30,0.06692596840219249,3.451818770956017
Dash,Crab Cakes,American,105.82,81.28,46.09,2022-10-16,20:40:30,1.3019192913385826,1.763506183553916
Dash,Southern BBQ Pork Bowls,American,361.44,143.36,280.07,2022-10-16,20:40:30,2.5212053571428568,0.511872031992002
Dash,Pork Stew,British,250.91,128.52,216.81,2022-10-16,20:40:30,1.9523031434796139,0.5927770859277709
Dash,Shrimp Hushpuppies with Vidalia Onion Dip,American,111.36,286.42,549.88,2022-10-16,20:40:30,0.38879966482787515,0.5208772823161417
Dash,Potato Spinach Sausage Casserole,Italian,93.44,164.59,165.22,2022-10-16,20:40:30,0.5677137128622638,0.9961869023120687
Dash,Caesar Salad,American,61.36,94.97,126.22,2022-10-16,20:40:30,0.6460987680320102,0.7524164157819679
Dash,New England Fish Chowder,American,209.48,117.08,163.87,2022-10-16,20:40:30,1.7892039631021524,0.7144687862329895
Dash,"Old-Fashioned Fans, Meet The American Trilogy recipes",World,0.0,4.26,0.0,2022-10-16,20:40:30,0.0,inf
Dash,Lean Lasagna,Italian,194.53,435.09,78.18,2022-10-16,20:40:30,0.44710289825093663,5.565234075211051
Dash,Classic Hot Wings,American,152.04,8.53,312.86,2022-10-16,20:40:30,17.82415005861665,0.027264591190948026
Dash,Pumpkin Cheesecake With Bourbon-Spiked Cream,American,143.68,698.64,727.58,2022-10-16,20:40:30,0.2056567044543685,0.9602243052310399
Dash,Pumpkin Gingersnap Cheesecake with Salted Caramel Sauce,American,93.08,887.87,519.63,2022-10-16,20:40:30,0.10483516731052969,1.7086580836364336
Dash,Cognac Sparklers recipes,World,0.25,28.02,0.32,2022-10-16,20:40:30,0.008922198429693077,87.5625
Dash,Fish Chowder,American,209.48,117.08,163.87,2022-10-16,20:40:30,1.7892039631021524,0.7144687862329895
Dash,Smoked Pork Ribs,American,413.24,73.34,609.09,2022-10-16,20:40:30,5.634578674665939,0.12040913493900737
Dash,"Grilled Salmon & Cucumber, Fresh Herb & Feta Salad",Mediterranean,157.58,50.82,149.36,2022-10-16,20:40:30,3.100747737111374,0.34025174076057846
Dash,Grilled Chicken Banh-Mi with Pickled Vegetables and Sriracha Mayo,Japanese,118.37,215.29,102.24,2022-10-16,20:40:30,0.5498165265455897,2.105731611893584
Dash,Meatball Stroganoff,Eastern Europe,113.71,186.13,108.46,2022-10-16,20:40:30,0.6109171009509482,1.7161165406601513
Dash,Mango and Quinoa Chopped Salad with Ancho-Mango Dressing,South American,75.39,362.92,18.19,2022-10-16,20:40:37,0.20773173151107682,19.951621770203406
Dash,Spinach & Feta Squash Quiche,Mediterranean,53.45,54.58,61.72,2022-10-16,20:40:37,0.9792964455844633,0.8843162670123137
Dash,Pomegranate Americano Recipe,French,0.09,7.44,0.16,2022-10-16,20:40:37,0.012096774193548387,46.5
Dash,Fresh Ginger Cake with Candied Citrus Glaze,American,65.37,787.82,181.09,2022-10-16,20:40:37,0.08297580665634283,4.3504334861118785
Dash,Bloody Mary recipes,World,1.2,6.82,0.43,2022-10-16,20:40:37,0.1759530791788856,15.860465116279071
Dash,Pimento Cheese Sandwiches,American,137.16,27.73,516.8,2022-10-16,20:40:37,4.946267580238009,0.05365712074303406
Dash,Black Bean and Mushroom Vegetarian Meatless Balls,French,94.86,274.81,39.33,2022-10-16,20:40:37,0.3451839452712783,6.987287058225274
Dash,Manhattan,World,0.03,2.95,0.01,2022-10-16,20:40:37,0.010169491525423728,295.0
Dash,Neelys Egg Benedict on a Pork Croquette,Italian,165.34,209.29,431.44,2022-10-16,20:40:37,0.7900043002532372,0.4850964212868533
Dash,No Man's Land,World,0.05,15.26,0.03,2022-10-16,20:40:37,0.0032765399737876805,508.6666666666667
Dash,Brown Butter-Sunchoke Soup With Brussels Sprouts and Bacon Recipe,Italian,85.2,288.14,137.15,2022-10-16,20:40:37,0.2956895953356008,2.1009114108640174
Dash,Make-Your-Own-Salad,American,141.98,123.18,323.5,2022-10-16,20:40:37,1.15262217892515,0.38077279752704796
Dash,Luis Buñuel Dry Martini,World,0.01,0.39,0.0,2022-10-16,20:40:37,0.02564102564102564,inf
Dash,Cornflake Semi-Fried Chicken Tenders,American,155.38,239.88,260.84,2022-10-16,20:40:37,0.6477405369351342,0.9196442263456526
Dash,Emeril's Classic Manhattan,American,0.02,0.83,0.0,2022-10-16,20:40:37,0.024096385542168676,inf
Dash,Mango and Quinoa Chopped Salad with Ancho-Mango Dressing,South American,75.39,362.92,18.19,2022-10-16,20:40:44,0.20773173151107682,19.951621770203406
Dash,Spinach & Feta Squash Quiche,Mediterranean,53.45,54.58,61.72,2022-10-16,20:40:44,0.9792964455844633,0.8843162670123137
Dash,Pomegranate Americano Recipe,French,0.09,7.44,0.16,2022-10-16,20:40:44,0.012096774193548387,46.5
Dash,Fresh Ginger Cake with Candied Citrus Glaze,American,65.37,787.82,181.09,2022-10-16,20:40:44,0.08297580665634283,4.3504334861118785
Dash,Bloody Mary recipes,World,1.2,6.82,0.43,2022-10-16,20:40:44,0.1759530791788856,15.860465116279071
Dash,Pimento Cheese Sandwiches,American,137.16,27.73,516.8,2022-10-16,20:40:44,4.946267580238009,0.05365712074303406
Dash,Black Bean and Mushroom Vegetarian Meatless Balls,French,94.86,274.81,39.33,2022-10-16,20:40:44,0.3451839452712783,6.987287058225274
Dash,Manhattan,World,0.03,2.95,0.01,2022-10-16,20:40:44,0.010169491525423728,295.0
Dash,Neelys Egg Benedict on a Pork Croquette,Italian,165.34,209.29,431.44,2022-10-16,20:40:44,0.7900043002532372,0.4850964212868533
Dash,No Man's Land,World,0.05,15.26,0.03,2022-10-16,20:40:44,0.0032765399737876805,508.6666666666667
Dash,Brown Butter-Sunchoke Soup With Brussels Sprouts and Bacon Recipe,Italian,85.2,288.14,137.15,2022-10-16,20:40:44,0.2956895953356008,2.1009114108640174
Dash,Make-Your-Own-Salad,American,141.98,123.18,323.5,2022-10-16,20:40:44,1.15262217892515,0.38077279752704796
Dash,Luis Buñuel Dry Martini,World,0.01,0.39,0.0,2022-10-16,20:40:44,0.02564102564102564,inf
Dash,Cornflake Semi-Fried Chicken Tenders,American,155.38,239.88,260.84,2022-10-16,20:40:44,0.6477405369351342,0.9196442263456526
Dash,Emeril's Classic Manhattan,American,0.02,0.83,0.0,2022-10-16,20:40:44,0.024096385542168676,inf
